
C:/Users/reggi/Programming/INF2004 - Embedded Systems Programming/Robotic_Car/build/Robotic_Car.elf:     file format elf32-littlearm

Sections:
Idx Name          Size      VMA       LMA       File off  Algn
  0 .boot2        00000100  10000000  10000000  00001000  2**0
                  CONTENTS, ALLOC, LOAD, READONLY, CODE
  1 .text         00006c48  10000100  10000100  00001100  2**3
                  CONTENTS, ALLOC, LOAD, READONLY, CODE
  2 .rodata       00000668  10006d48  10006d48  00007d48  2**3
                  CONTENTS, ALLOC, LOAD, READONLY, DATA
  3 .binary_info  00000020  100073b0  100073b0  000083b0  2**2
                  CONTENTS, ALLOC, LOAD, READONLY, DATA
  4 .xip_ram      00000000  15000000  15000000  0000a0b0  2**0
                  CONTENTS
  5 .ram_vector_table 000000c0  20000000  20000000  0000b000  2**2
                  ALLOC
  6 .uninitialized_data 00000000  200000c0  200000c0  0000a0b0  2**0
                  CONTENTS
  7 .data         00000ff0  200000c0  100073d0  000090c0  2**4
                  CONTENTS, ALLOC, LOAD, READONLY, CODE
  8 .tdata        00000000  200010b0  200010b0  0000a0b0  2**0
                  CONTENTS, ALLOC, LOAD, DATA, THREAD_LOCAL
  9 .tbss         00000000  200010b0  200010b0  00000000  2**0
                  ALLOC, THREAD_LOCAL
 10 .tbss_space   00000000  200010b0  200010b0  0000a0b0  2**0
                  CONTENTS
 11 .bss          00000c30  200010b0  100083c0  0000a0b0  2**3
                  ALLOC
 12 .tls0         00000000  20001ce0  20001ce0  0000a0b0  2**0
                  CONTENTS
 13 .tls1         00000000  20001ce0  20001ce0  0000a0b0  2**0
                  CONTENTS
 14 .persistent_data 00000000  20001ce0  20001ce0  0000a0b0  2**0
                  CONTENTS
 15 .dummy_pre_heap 00000000  20001ce0  20001ce0  0000a0b0  2**0
                  CONTENTS
 16 .heap         00000800  20001ce0  20001ce0  0000b000  2**2
                  ALLOC, READONLY
 17 .scratch_x    00000000  20040000  20040000  0000a0b0  2**0
                  CONTENTS
 18 .scratch_y    00000000  20041000  20041000  0000a0b0  2**0
                  CONTENTS
 19 .stack_dummy  00000800  20041000  20041000  0000b000  2**5
                  ALLOC, READONLY
 20 .debug_info   00032210  00000000  00000000  0000a0b0  2**0
                  CONTENTS, READONLY, DEBUGGING, OCTETS
 21 .debug_abbrev 00007d8b  00000000  00000000  0003c2c0  2**0
                  CONTENTS, READONLY, DEBUGGING, OCTETS
 22 .debug_loc    000288d2  00000000  00000000  0004404b  2**0
                  CONTENTS, READONLY, DEBUGGING, OCTETS
 23 .debug_aranges 00001610  00000000  00000000  0006c920  2**3
                  CONTENTS, READONLY, DEBUGGING, OCTETS
 24 .debug_ranges 0000c950  00000000  00000000  0006df30  2**3
                  CONTENTS, READONLY, DEBUGGING, OCTETS
 25 .debug_line   00025113  00000000  00000000  0007a880  2**0
                  CONTENTS, READONLY, DEBUGGING, OCTETS
 26 .debug_str    000090eb  00000000  00000000  0009f993  2**0
                  CONTENTS, READONLY, DEBUGGING, OCTETS
 27 .comment      00000049  00000000  00000000  000a8a7e  2**0
                  CONTENTS, READONLY
 28 .ARM.attributes 0000002a  00000000  00000000  000a8ac7  2**0
                  CONTENTS, READONLY
 29 .debug_frame  00002dc0  00000000  00000000  000a8af4  2**2
                  CONTENTS, READONLY, DEBUGGING, OCTETS

C:/Users/reggi/Programming/INF2004 - Embedded Systems Programming/Robotic_Car/build/Robotic_Car.elf:     file format elf32-littlearm


Disassembly of section .boot2:

10000000 <__boot2_start__>:
10000000:	4b32b500 	.word	0x4b32b500
10000004:	60582021 	.word	0x60582021
10000008:	21026898 	.word	0x21026898
1000000c:	60984388 	.word	0x60984388
10000010:	611860d8 	.word	0x611860d8
10000014:	4b2e6158 	.word	0x4b2e6158
10000018:	60992100 	.word	0x60992100
1000001c:	61592102 	.word	0x61592102
10000020:	22f02101 	.word	0x22f02101
10000024:	492b5099 	.word	0x492b5099
10000028:	21016019 	.word	0x21016019
1000002c:	20356099 	.word	0x20356099
10000030:	f844f000 	.word	0xf844f000
10000034:	42902202 	.word	0x42902202
10000038:	2106d014 	.word	0x2106d014
1000003c:	f0006619 	.word	0xf0006619
10000040:	6e19f834 	.word	0x6e19f834
10000044:	66192101 	.word	0x66192101
10000048:	66182000 	.word	0x66182000
1000004c:	f000661a 	.word	0xf000661a
10000050:	6e19f82c 	.word	0x6e19f82c
10000054:	6e196e19 	.word	0x6e196e19
10000058:	f0002005 	.word	0xf0002005
1000005c:	2101f82f 	.word	0x2101f82f
10000060:	d1f94208 	.word	0xd1f94208
10000064:	60992100 	.word	0x60992100
10000068:	6019491b 	.word	0x6019491b
1000006c:	60592100 	.word	0x60592100
10000070:	481b491a 	.word	0x481b491a
10000074:	21016001 	.word	0x21016001
10000078:	21eb6099 	.word	0x21eb6099
1000007c:	21a06619 	.word	0x21a06619
10000080:	f0006619 	.word	0xf0006619
10000084:	2100f812 	.word	0x2100f812
10000088:	49166099 	.word	0x49166099
1000008c:	60014814 	.word	0x60014814
10000090:	60992101 	.word	0x60992101
10000094:	2800bc01 	.word	0x2800bc01
10000098:	4700d000 	.word	0x4700d000
1000009c:	49134812 	.word	0x49134812
100000a0:	c8036008 	.word	0xc8036008
100000a4:	8808f380 	.word	0x8808f380
100000a8:	b5034708 	.word	0xb5034708
100000ac:	20046a99 	.word	0x20046a99
100000b0:	d0fb4201 	.word	0xd0fb4201
100000b4:	42012001 	.word	0x42012001
100000b8:	bd03d1f8 	.word	0xbd03d1f8
100000bc:	6618b502 	.word	0x6618b502
100000c0:	f7ff6618 	.word	0xf7ff6618
100000c4:	6e18fff2 	.word	0x6e18fff2
100000c8:	bd026e18 	.word	0xbd026e18
100000cc:	40020000 	.word	0x40020000
100000d0:	18000000 	.word	0x18000000
100000d4:	00070000 	.word	0x00070000
100000d8:	005f0300 	.word	0x005f0300
100000dc:	00002221 	.word	0x00002221
100000e0:	180000f4 	.word	0x180000f4
100000e4:	a0002022 	.word	0xa0002022
100000e8:	10000100 	.word	0x10000100
100000ec:	e000ed08 	.word	0xe000ed08
	...
100000fc:	7a4eb274 	.word	0x7a4eb274

Disassembly of section .text:

10000100 <__VECTOR_TABLE>:
10000100:	20042000 	.word	0x20042000
10000104:	100001f7 	.word	0x100001f7
10000108:	100001cb 	.word	0x100001cb
1000010c:	100001cd 	.word	0x100001cd
10000110:	100001c9 	.word	0x100001c9
10000114:	100001c9 	.word	0x100001c9
10000118:	100001c9 	.word	0x100001c9
1000011c:	100001c9 	.word	0x100001c9
10000120:	100001c9 	.word	0x100001c9
10000124:	100001c9 	.word	0x100001c9
10000128:	100001c9 	.word	0x100001c9
1000012c:	100001cf 	.word	0x100001cf
10000130:	100001c9 	.word	0x100001c9
10000134:	100001c9 	.word	0x100001c9
10000138:	100001d1 	.word	0x100001d1
1000013c:	100001d3 	.word	0x100001d3
10000140:	100001c1 	.word	0x100001c1
10000144:	100001c1 	.word	0x100001c1
10000148:	100001c1 	.word	0x100001c1
1000014c:	100001c1 	.word	0x100001c1
10000150:	100001c1 	.word	0x100001c1
10000154:	100001c1 	.word	0x100001c1
10000158:	100001c1 	.word	0x100001c1
1000015c:	100001c1 	.word	0x100001c1
10000160:	100001c1 	.word	0x100001c1
10000164:	100001c1 	.word	0x100001c1
10000168:	100001c1 	.word	0x100001c1
1000016c:	100001c1 	.word	0x100001c1
10000170:	100001c1 	.word	0x100001c1
10000174:	100001c1 	.word	0x100001c1
10000178:	100001c1 	.word	0x100001c1
1000017c:	100001c1 	.word	0x100001c1
10000180:	100001c1 	.word	0x100001c1
10000184:	100001c1 	.word	0x100001c1
10000188:	100001c1 	.word	0x100001c1
1000018c:	100001c1 	.word	0x100001c1
10000190:	100001c1 	.word	0x100001c1
10000194:	100001c1 	.word	0x100001c1
10000198:	100001c1 	.word	0x100001c1
1000019c:	100001c1 	.word	0x100001c1
100001a0:	100001c1 	.word	0x100001c1
100001a4:	100001c1 	.word	0x100001c1
100001a8:	100001c1 	.word	0x100001c1
100001ac:	100001c1 	.word	0x100001c1
100001b0:	100001c1 	.word	0x100001c1
100001b4:	100001c1 	.word	0x100001c1
100001b8:	100001c1 	.word	0x100001c1
100001bc:	100001c1 	.word	0x100001c1

100001c0 <__unhandled_user_irq>:
100001c0:	f3ef 8005 	mrs	r0, IPSR
100001c4:	3810      	subs	r0, #16

100001c6 <unhandled_user_irq_num_in_r0>:
100001c6:	be00      	bkpt	0x0000

100001c8 <isr_invalid>:
100001c8:	be00      	bkpt	0x0000

100001ca <isr_nmi>:
100001ca:	be00      	bkpt	0x0000

100001cc <isr_hardfault>:
100001cc:	be00      	bkpt	0x0000

100001ce <isr_svcall>:
100001ce:	be00      	bkpt	0x0000

100001d0 <isr_pendsv>:
100001d0:	be00      	bkpt	0x0000

100001d2 <isr_systick>:
100001d2:	be00      	bkpt	0x0000

100001d4 <__default_isrs_end>:
100001d4:	7188ebf2 	.word	0x7188ebf2
100001d8:	100073b0 	.word	0x100073b0
100001dc:	100073d0 	.word	0x100073d0
100001e0:	10000238 	.word	0x10000238
100001e4:	e71aa390 	.word	0xe71aa390

100001e8 <_entry_point>:
100001e8:	2000      	movs	r0, #0

100001ea <_enter_vtable_in_r0>:
100001ea:	491e      	ldr	r1, [pc, #120]	; (10000264 <data_cpy_table+0x2c>)
100001ec:	6008      	str	r0, [r1, #0]
100001ee:	c806      	ldmia	r0!, {r1, r2}
100001f0:	f381 8808 	msr	MSP, r1
100001f4:	4710      	bx	r2

100001f6 <_reset_handler>:
100001f6:	481c      	ldr	r0, [pc, #112]	; (10000268 <data_cpy_table+0x30>)
100001f8:	6800      	ldr	r0, [r0, #0]
100001fa:	2800      	cmp	r0, #0
100001fc:	d001      	beq.n	10000202 <hold_non_core0_in_bootrom+0x4>

100001fe <hold_non_core0_in_bootrom>:
100001fe:	2000      	movs	r0, #0
10000200:	e7f3      	b.n	100001ea <_enter_vtable_in_r0>
10000202:	a40d      	add	r4, pc, #52	; (adr r4, 10000238 <data_cpy_table>)
10000204:	cc0e      	ldmia	r4!, {r1, r2, r3}
10000206:	2900      	cmp	r1, #0
10000208:	d002      	beq.n	10000210 <hold_non_core0_in_bootrom+0x12>
1000020a:	f000 f812 	bl	10000232 <data_cpy>
1000020e:	e7f9      	b.n	10000204 <hold_non_core0_in_bootrom+0x6>
10000210:	4916      	ldr	r1, [pc, #88]	; (1000026c <data_cpy_table+0x34>)
10000212:	4a17      	ldr	r2, [pc, #92]	; (10000270 <data_cpy_table+0x38>)
10000214:	2000      	movs	r0, #0
10000216:	e000      	b.n	1000021a <bss_fill_test>

10000218 <bss_fill_loop>:
10000218:	c101      	stmia	r1!, {r0}

1000021a <bss_fill_test>:
1000021a:	4291      	cmp	r1, r2
1000021c:	d1fc      	bne.n	10000218 <bss_fill_loop>

1000021e <platform_entry>:
1000021e:	4915      	ldr	r1, [pc, #84]	; (10000274 <data_cpy_table+0x3c>)
10000220:	4788      	blx	r1
10000222:	4915      	ldr	r1, [pc, #84]	; (10000278 <data_cpy_table+0x40>)
10000224:	4788      	blx	r1
10000226:	4915      	ldr	r1, [pc, #84]	; (1000027c <data_cpy_table+0x44>)
10000228:	4788      	blx	r1
1000022a:	be00      	bkpt	0x0000
1000022c:	e7fd      	b.n	1000022a <platform_entry+0xc>

1000022e <data_cpy_loop>:
1000022e:	c901      	ldmia	r1!, {r0}
10000230:	c201      	stmia	r2!, {r0}

10000232 <data_cpy>:
10000232:	429a      	cmp	r2, r3
10000234:	d3fb      	bcc.n	1000022e <data_cpy_loop>

10000236 <data_cpy_done>:
10000236:	4770      	bx	lr

10000238 <data_cpy_table>:
10000238:	100073d0 	.word	0x100073d0
1000023c:	200000c0 	.word	0x200000c0
10000240:	200010b0 	.word	0x200010b0
10000244:	100083c0 	.word	0x100083c0
10000248:	20040000 	.word	0x20040000
1000024c:	20040000 	.word	0x20040000
10000250:	100083c0 	.word	0x100083c0
10000254:	20041000 	.word	0x20041000
10000258:	20041000 	.word	0x20041000
1000025c:	00000000 	.word	0x00000000
10000260:	4770      	bx	lr
10000262:	0000      	.short	0x0000
10000264:	e000ed08 	.word	0xe000ed08
10000268:	d0000000 	.word	0xd0000000
1000026c:	200010b0 	.word	0x200010b0
10000270:	20001ce0 	.word	0x20001ce0
10000274:	10004499 	.word	0x10004499
10000278:	100003d5 	.word	0x100003d5
1000027c:	10004491 	.word	0x10004491

10000280 <encoder_callback>:
10000280:	280e      	cmp	r0, #14
10000282:	d00c      	beq.n	1000029e <encoder_callback+0x1e>
10000284:	2802      	cmp	r0, #2
10000286:	d000      	beq.n	1000028a <encoder_callback+0xa>
10000288:	4770      	bx	lr
1000028a:	23d0      	movs	r3, #208	; 0xd0
1000028c:	061b      	lsls	r3, r3, #24
1000028e:	685b      	ldr	r3, [r3, #4]
10000290:	4a08      	ldr	r2, [pc, #32]	; (100002b4 <encoder_callback+0x34>)
10000292:	071b      	lsls	r3, r3, #28
10000294:	d509      	bpl.n	100002aa <encoder_callback+0x2a>
10000296:	6813      	ldr	r3, [r2, #0]
10000298:	3301      	adds	r3, #1
1000029a:	6013      	str	r3, [r2, #0]
1000029c:	e7f4      	b.n	10000288 <encoder_callback+0x8>
1000029e:	23d0      	movs	r3, #208	; 0xd0
100002a0:	061b      	lsls	r3, r3, #24
100002a2:	685b      	ldr	r3, [r3, #4]
100002a4:	4a04      	ldr	r2, [pc, #16]	; (100002b8 <encoder_callback+0x38>)
100002a6:	041b      	lsls	r3, r3, #16
100002a8:	d4f5      	bmi.n	10000296 <encoder_callback+0x16>
100002aa:	6813      	ldr	r3, [r2, #0]
100002ac:	3b01      	subs	r3, #1
100002ae:	6013      	str	r3, [r2, #0]
100002b0:	e7ea      	b.n	10000288 <encoder_callback+0x8>
100002b2:	46c0      	nop			; (mov r8, r8)
100002b4:	20001cb0 	.word	0x20001cb0
100002b8:	20001c7c 	.word	0x20001c7c

100002bc <motor_init>:
100002bc:	b510      	push	{r4, lr}
100002be:	2104      	movs	r1, #4
100002c0:	2008      	movs	r0, #8
100002c2:	f000 fb27 	bl	10000914 <gpio_set_function>
100002c6:	2104      	movs	r1, #4
100002c8:	2009      	movs	r0, #9
100002ca:	f000 fb23 	bl	10000914 <gpio_set_function>
100002ce:	2104      	movs	r1, #4
100002d0:	200a      	movs	r0, #10
100002d2:	f000 fb1f 	bl	10000914 <gpio_set_function>
100002d6:	2104      	movs	r1, #4
100002d8:	200b      	movs	r0, #11
100002da:	f000 fb1b 	bl	10000914 <gpio_set_function>
100002de:	22ff      	movs	r2, #255	; 0xff
100002e0:	4b32      	ldr	r3, [pc, #200]	; (100003ac <motor_init+0xf0>)
100002e2:	4933      	ldr	r1, [pc, #204]	; (100003b0 <motor_init+0xf4>)
100002e4:	661a      	str	r2, [r3, #96]	; 0x60
100002e6:	661a      	str	r2, [r3, #96]	; 0x60
100002e8:	675a      	str	r2, [r3, #116]	; 0x74
100002ea:	675a      	str	r2, [r3, #116]	; 0x74
100002ec:	2301      	movs	r3, #1
100002ee:	0018      	movs	r0, r3
100002f0:	680a      	ldr	r2, [r1, #0]
100002f2:	24d0      	movs	r4, #208	; 0xd0
100002f4:	4390      	bics	r0, r2
100002f6:	4a2f      	ldr	r2, [pc, #188]	; (100003b4 <motor_init+0xf8>)
100002f8:	0624      	lsls	r4, r4, #24
100002fa:	6010      	str	r0, [r2, #0]
100002fc:	0018      	movs	r0, r3
100002fe:	6809      	ldr	r1, [r1, #0]
10000300:	4388      	bics	r0, r1
10000302:	6010      	str	r0, [r2, #0]
10000304:	0018      	movs	r0, r3
10000306:	492c      	ldr	r1, [pc, #176]	; (100003b8 <motor_init+0xfc>)
10000308:	680a      	ldr	r2, [r1, #0]
1000030a:	4390      	bics	r0, r2
1000030c:	4a2b      	ldr	r2, [pc, #172]	; (100003bc <motor_init+0x100>)
1000030e:	6010      	str	r0, [r2, #0]
10000310:	6809      	ldr	r1, [r1, #0]
10000312:	200e      	movs	r0, #14
10000314:	438b      	bics	r3, r1
10000316:	492a      	ldr	r1, [pc, #168]	; (100003c0 <motor_init+0x104>)
10000318:	6013      	str	r3, [r2, #0]
1000031a:	680b      	ldr	r3, [r1, #0]
1000031c:	4a29      	ldr	r2, [pc, #164]	; (100003c4 <motor_init+0x108>)
1000031e:	041b      	lsls	r3, r3, #16
10000320:	0c1b      	lsrs	r3, r3, #16
10000322:	6013      	str	r3, [r2, #0]
10000324:	680b      	ldr	r3, [r1, #0]
10000326:	4928      	ldr	r1, [pc, #160]	; (100003c8 <motor_init+0x10c>)
10000328:	0c1b      	lsrs	r3, r3, #16
1000032a:	041b      	lsls	r3, r3, #16
1000032c:	6013      	str	r3, [r2, #0]
1000032e:	680b      	ldr	r3, [r1, #0]
10000330:	4a26      	ldr	r2, [pc, #152]	; (100003cc <motor_init+0x110>)
10000332:	041b      	lsls	r3, r3, #16
10000334:	0c1b      	lsrs	r3, r3, #16
10000336:	6013      	str	r3, [r2, #0]
10000338:	680b      	ldr	r3, [r1, #0]
1000033a:	0c1b      	lsrs	r3, r3, #16
1000033c:	041b      	lsls	r3, r3, #16
1000033e:	6013      	str	r3, [r2, #0]
10000340:	f000 fbc0 	bl	10000ac4 <gpio_init>
10000344:	2380      	movs	r3, #128	; 0x80
10000346:	01db      	lsls	r3, r3, #7
10000348:	62a3      	str	r3, [r4, #40]	; 0x28
1000034a:	2200      	movs	r2, #0
1000034c:	2101      	movs	r1, #1
1000034e:	200e      	movs	r0, #14
10000350:	f000 fafa 	bl	10000948 <gpio_set_pulls>
10000354:	200f      	movs	r0, #15
10000356:	f000 fbb5 	bl	10000ac4 <gpio_init>
1000035a:	2380      	movs	r3, #128	; 0x80
1000035c:	021b      	lsls	r3, r3, #8
1000035e:	62a3      	str	r3, [r4, #40]	; 0x28
10000360:	2200      	movs	r2, #0
10000362:	2101      	movs	r1, #1
10000364:	200f      	movs	r0, #15
10000366:	f000 faef 	bl	10000948 <gpio_set_pulls>
1000036a:	2002      	movs	r0, #2
1000036c:	f000 fbaa 	bl	10000ac4 <gpio_init>
10000370:	2304      	movs	r3, #4
10000372:	2200      	movs	r2, #0
10000374:	62a3      	str	r3, [r4, #40]	; 0x28
10000376:	2101      	movs	r1, #1
10000378:	2002      	movs	r0, #2
1000037a:	f000 fae5 	bl	10000948 <gpio_set_pulls>
1000037e:	2003      	movs	r0, #3
10000380:	f000 fba0 	bl	10000ac4 <gpio_init>
10000384:	2308      	movs	r3, #8
10000386:	2200      	movs	r2, #0
10000388:	62a3      	str	r3, [r4, #40]	; 0x28
1000038a:	2101      	movs	r1, #1
1000038c:	2003      	movs	r0, #3
1000038e:	f000 fadb 	bl	10000948 <gpio_set_pulls>
10000392:	4b0f      	ldr	r3, [pc, #60]	; (100003d0 <motor_init+0x114>)
10000394:	2201      	movs	r2, #1
10000396:	2108      	movs	r1, #8
10000398:	200e      	movs	r0, #14
1000039a:	f000 fb15 	bl	100009c8 <gpio_set_irq_enabled_with_callback>
1000039e:	2201      	movs	r2, #1
100003a0:	2108      	movs	r1, #8
100003a2:	2002      	movs	r0, #2
100003a4:	f000 faea 	bl	1000097c <gpio_set_irq_enabled>
100003a8:	bd10      	pop	{r4, pc}
100003aa:	46c0      	nop			; (mov r8, r8)
100003ac:	40050000 	.word	0x40050000
100003b0:	40050050 	.word	0x40050050
100003b4:	40051050 	.word	0x40051050
100003b8:	40050064 	.word	0x40050064
100003bc:	40051064 	.word	0x40051064
100003c0:	4005005c 	.word	0x4005005c
100003c4:	4005105c 	.word	0x4005105c
100003c8:	40050070 	.word	0x40050070
100003cc:	40051070 	.word	0x40051070
100003d0:	10000281 	.word	0x10000281

100003d4 <main>:
100003d4:	b5f0      	push	{r4, r5, r6, r7, lr}
100003d6:	46d6      	mov	lr, sl
100003d8:	464f      	mov	r7, r9
100003da:	4646      	mov	r6, r8
100003dc:	b5c0      	push	{r6, r7, lr}
100003de:	f004 f997 	bl	10004710 <stdio_init_all>
100003e2:	f7ff ff6b 	bl	100002bc <motor_init>
100003e6:	48a9      	ldr	r0, [pc, #676]	; (1000068c <main+0x2b8>)
100003e8:	f001 faba 	bl	10001960 <sleep_ms>
100003ec:	2300      	movs	r3, #0
100003ee:	4da8      	ldr	r5, [pc, #672]	; (10000690 <main+0x2bc>)
100003f0:	4ea8      	ldr	r6, [pc, #672]	; (10000694 <main+0x2c0>)
100003f2:	49a9      	ldr	r1, [pc, #676]	; (10000698 <main+0x2c4>)
100003f4:	602b      	str	r3, [r5, #0]
100003f6:	6033      	str	r3, [r6, #0]
100003f8:	680b      	ldr	r3, [r1, #0]
100003fa:	4aa8      	ldr	r2, [pc, #672]	; (1000069c <main+0x2c8>)
100003fc:	0c1b      	lsrs	r3, r3, #16
100003fe:	041b      	lsls	r3, r3, #16
10000400:	6013      	str	r3, [r2, #0]
10000402:	680b      	ldr	r3, [r1, #0]
10000404:	2132      	movs	r1, #50	; 0x32
10000406:	404b      	eors	r3, r1
10000408:	041b      	lsls	r3, r3, #16
1000040a:	49a5      	ldr	r1, [pc, #660]	; (100006a0 <main+0x2cc>)
1000040c:	0c1b      	lsrs	r3, r3, #16
1000040e:	6013      	str	r3, [r2, #0]
10000410:	680b      	ldr	r3, [r1, #0]
10000412:	4aa4      	ldr	r2, [pc, #656]	; (100006a4 <main+0x2d0>)
10000414:	041b      	lsls	r3, r3, #16
10000416:	0c1b      	lsrs	r3, r3, #16
10000418:	6013      	str	r3, [r2, #0]
1000041a:	23b4      	movs	r3, #180	; 0xb4
1000041c:	2400      	movs	r4, #0
1000041e:	6809      	ldr	r1, [r1, #0]
10000420:	039b      	lsls	r3, r3, #14
10000422:	404b      	eors	r3, r1
10000424:	0c1b      	lsrs	r3, r3, #16
10000426:	041b      	lsls	r3, r3, #16
10000428:	4f9f      	ldr	r7, [pc, #636]	; (100006a8 <main+0x2d4>)
1000042a:	6013      	str	r3, [r2, #0]
1000042c:	3401      	adds	r4, #1
1000042e:	682a      	ldr	r2, [r5, #0]
10000430:	0021      	movs	r1, r4
10000432:	0038      	movs	r0, r7
10000434:	6833      	ldr	r3, [r6, #0]
10000436:	f004 fa45 	bl	100048c4 <__wrap_printf>
1000043a:	2064      	movs	r0, #100	; 0x64
1000043c:	f001 fa90 	bl	10001960 <sleep_ms>
10000440:	2c1e      	cmp	r4, #30
10000442:	d1f3      	bne.n	1000042c <main+0x58>
10000444:	4b94      	ldr	r3, [pc, #592]	; (10000698 <main+0x2c4>)
10000446:	4a95      	ldr	r2, [pc, #596]	; (1000069c <main+0x2c8>)
10000448:	469a      	mov	sl, r3
1000044a:	681b      	ldr	r3, [r3, #0]
1000044c:	4c95      	ldr	r4, [pc, #596]	; (100006a4 <main+0x2d0>)
1000044e:	041b      	lsls	r3, r3, #16
10000450:	0c1b      	lsrs	r3, r3, #16
10000452:	6013      	str	r3, [r2, #0]
10000454:	4653      	mov	r3, sl
10000456:	681b      	ldr	r3, [r3, #0]
10000458:	20fa      	movs	r0, #250	; 0xfa
1000045a:	0c1b      	lsrs	r3, r3, #16
1000045c:	041b      	lsls	r3, r3, #16
1000045e:	6013      	str	r3, [r2, #0]
10000460:	4b8f      	ldr	r3, [pc, #572]	; (100006a0 <main+0x2cc>)
10000462:	4691      	mov	r9, r2
10000464:	4698      	mov	r8, r3
10000466:	681b      	ldr	r3, [r3, #0]
10000468:	0080      	lsls	r0, r0, #2
1000046a:	041b      	lsls	r3, r3, #16
1000046c:	0c1b      	lsrs	r3, r3, #16
1000046e:	6023      	str	r3, [r4, #0]
10000470:	4643      	mov	r3, r8
10000472:	681b      	ldr	r3, [r3, #0]
10000474:	0c1b      	lsrs	r3, r3, #16
10000476:	041b      	lsls	r3, r3, #16
10000478:	6023      	str	r3, [r4, #0]
1000047a:	f001 fa71 	bl	10001960 <sleep_ms>
1000047e:	4653      	mov	r3, sl
10000480:	464a      	mov	r2, r9
10000482:	681b      	ldr	r3, [r3, #0]
10000484:	041b      	lsls	r3, r3, #16
10000486:	0c1b      	lsrs	r3, r3, #16
10000488:	6013      	str	r3, [r2, #0]
1000048a:	4653      	mov	r3, sl
1000048c:	681b      	ldr	r3, [r3, #0]
1000048e:	0c1b      	lsrs	r3, r3, #16
10000490:	041b      	lsls	r3, r3, #16
10000492:	6013      	str	r3, [r2, #0]
10000494:	4643      	mov	r3, r8
10000496:	681b      	ldr	r3, [r3, #0]
10000498:	041b      	lsls	r3, r3, #16
1000049a:	0c1b      	lsrs	r3, r3, #16
1000049c:	6023      	str	r3, [r4, #0]
1000049e:	4643      	mov	r3, r8
100004a0:	681a      	ldr	r2, [r3, #0]
100004a2:	23b4      	movs	r3, #180	; 0xb4
100004a4:	039b      	lsls	r3, r3, #14
100004a6:	4053      	eors	r3, r2
100004a8:	0c1b      	lsrs	r3, r3, #16
100004aa:	041b      	lsls	r3, r3, #16
100004ac:	6023      	str	r3, [r4, #0]
100004ae:	2400      	movs	r4, #0
100004b0:	3401      	adds	r4, #1
100004b2:	682a      	ldr	r2, [r5, #0]
100004b4:	0021      	movs	r1, r4
100004b6:	0038      	movs	r0, r7
100004b8:	6833      	ldr	r3, [r6, #0]
100004ba:	f004 fa03 	bl	100048c4 <__wrap_printf>
100004be:	2064      	movs	r0, #100	; 0x64
100004c0:	f001 fa4e 	bl	10001960 <sleep_ms>
100004c4:	2c0a      	cmp	r4, #10
100004c6:	d1f3      	bne.n	100004b0 <main+0xdc>
100004c8:	4b73      	ldr	r3, [pc, #460]	; (10000698 <main+0x2c4>)
100004ca:	4a74      	ldr	r2, [pc, #464]	; (1000069c <main+0x2c8>)
100004cc:	469a      	mov	sl, r3
100004ce:	681b      	ldr	r3, [r3, #0]
100004d0:	4c74      	ldr	r4, [pc, #464]	; (100006a4 <main+0x2d0>)
100004d2:	041b      	lsls	r3, r3, #16
100004d4:	0c1b      	lsrs	r3, r3, #16
100004d6:	6013      	str	r3, [r2, #0]
100004d8:	4653      	mov	r3, sl
100004da:	681b      	ldr	r3, [r3, #0]
100004dc:	20fa      	movs	r0, #250	; 0xfa
100004de:	0c1b      	lsrs	r3, r3, #16
100004e0:	041b      	lsls	r3, r3, #16
100004e2:	6013      	str	r3, [r2, #0]
100004e4:	4b6e      	ldr	r3, [pc, #440]	; (100006a0 <main+0x2cc>)
100004e6:	4691      	mov	r9, r2
100004e8:	4698      	mov	r8, r3
100004ea:	681b      	ldr	r3, [r3, #0]
100004ec:	0080      	lsls	r0, r0, #2
100004ee:	041b      	lsls	r3, r3, #16
100004f0:	0c1b      	lsrs	r3, r3, #16
100004f2:	6023      	str	r3, [r4, #0]
100004f4:	4643      	mov	r3, r8
100004f6:	681b      	ldr	r3, [r3, #0]
100004f8:	0c1b      	lsrs	r3, r3, #16
100004fa:	041b      	lsls	r3, r3, #16
100004fc:	6023      	str	r3, [r4, #0]
100004fe:	f001 fa2f 	bl	10001960 <sleep_ms>
10000502:	4653      	mov	r3, sl
10000504:	464a      	mov	r2, r9
10000506:	681b      	ldr	r3, [r3, #0]
10000508:	0c1b      	lsrs	r3, r3, #16
1000050a:	041b      	lsls	r3, r3, #16
1000050c:	6013      	str	r3, [r2, #0]
1000050e:	4653      	mov	r3, sl
10000510:	2232      	movs	r2, #50	; 0x32
10000512:	681b      	ldr	r3, [r3, #0]
10000514:	4053      	eors	r3, r2
10000516:	464a      	mov	r2, r9
10000518:	041b      	lsls	r3, r3, #16
1000051a:	0c1b      	lsrs	r3, r3, #16
1000051c:	6013      	str	r3, [r2, #0]
1000051e:	4643      	mov	r3, r8
10000520:	681b      	ldr	r3, [r3, #0]
10000522:	041b      	lsls	r3, r3, #16
10000524:	0c1b      	lsrs	r3, r3, #16
10000526:	6023      	str	r3, [r4, #0]
10000528:	4643      	mov	r3, r8
1000052a:	681a      	ldr	r2, [r3, #0]
1000052c:	23b4      	movs	r3, #180	; 0xb4
1000052e:	039b      	lsls	r3, r3, #14
10000530:	4053      	eors	r3, r2
10000532:	0c1b      	lsrs	r3, r3, #16
10000534:	041b      	lsls	r3, r3, #16
10000536:	6023      	str	r3, [r4, #0]
10000538:	2400      	movs	r4, #0
1000053a:	3401      	adds	r4, #1
1000053c:	682a      	ldr	r2, [r5, #0]
1000053e:	0021      	movs	r1, r4
10000540:	0038      	movs	r0, r7
10000542:	6833      	ldr	r3, [r6, #0]
10000544:	f004 f9be 	bl	100048c4 <__wrap_printf>
10000548:	2064      	movs	r0, #100	; 0x64
1000054a:	f001 fa09 	bl	10001960 <sleep_ms>
1000054e:	2c1e      	cmp	r4, #30
10000550:	d1f3      	bne.n	1000053a <main+0x166>
10000552:	4b51      	ldr	r3, [pc, #324]	; (10000698 <main+0x2c4>)
10000554:	4a51      	ldr	r2, [pc, #324]	; (1000069c <main+0x2c8>)
10000556:	469a      	mov	sl, r3
10000558:	681b      	ldr	r3, [r3, #0]
1000055a:	4c52      	ldr	r4, [pc, #328]	; (100006a4 <main+0x2d0>)
1000055c:	041b      	lsls	r3, r3, #16
1000055e:	0c1b      	lsrs	r3, r3, #16
10000560:	6013      	str	r3, [r2, #0]
10000562:	4653      	mov	r3, sl
10000564:	681b      	ldr	r3, [r3, #0]
10000566:	20fa      	movs	r0, #250	; 0xfa
10000568:	0c1b      	lsrs	r3, r3, #16
1000056a:	041b      	lsls	r3, r3, #16
1000056c:	6013      	str	r3, [r2, #0]
1000056e:	4b4c      	ldr	r3, [pc, #304]	; (100006a0 <main+0x2cc>)
10000570:	4691      	mov	r9, r2
10000572:	4698      	mov	r8, r3
10000574:	681b      	ldr	r3, [r3, #0]
10000576:	0080      	lsls	r0, r0, #2
10000578:	041b      	lsls	r3, r3, #16
1000057a:	0c1b      	lsrs	r3, r3, #16
1000057c:	6023      	str	r3, [r4, #0]
1000057e:	4643      	mov	r3, r8
10000580:	681b      	ldr	r3, [r3, #0]
10000582:	0c1b      	lsrs	r3, r3, #16
10000584:	041b      	lsls	r3, r3, #16
10000586:	6023      	str	r3, [r4, #0]
10000588:	f001 f9ea 	bl	10001960 <sleep_ms>
1000058c:	4653      	mov	r3, sl
1000058e:	464a      	mov	r2, r9
10000590:	681b      	ldr	r3, [r3, #0]
10000592:	0c1b      	lsrs	r3, r3, #16
10000594:	041b      	lsls	r3, r3, #16
10000596:	6013      	str	r3, [r2, #0]
10000598:	4653      	mov	r3, sl
1000059a:	222d      	movs	r2, #45	; 0x2d
1000059c:	681b      	ldr	r3, [r3, #0]
1000059e:	4053      	eors	r3, r2
100005a0:	464a      	mov	r2, r9
100005a2:	041b      	lsls	r3, r3, #16
100005a4:	0c1b      	lsrs	r3, r3, #16
100005a6:	6013      	str	r3, [r2, #0]
100005a8:	4643      	mov	r3, r8
100005aa:	681b      	ldr	r3, [r3, #0]
100005ac:	041b      	lsls	r3, r3, #16
100005ae:	0c1b      	lsrs	r3, r3, #16
100005b0:	6023      	str	r3, [r4, #0]
100005b2:	4643      	mov	r3, r8
100005b4:	681b      	ldr	r3, [r3, #0]
100005b6:	0c1b      	lsrs	r3, r3, #16
100005b8:	041b      	lsls	r3, r3, #16
100005ba:	6023      	str	r3, [r4, #0]
100005bc:	2400      	movs	r4, #0
100005be:	3401      	adds	r4, #1
100005c0:	682a      	ldr	r2, [r5, #0]
100005c2:	0021      	movs	r1, r4
100005c4:	0038      	movs	r0, r7
100005c6:	6833      	ldr	r3, [r6, #0]
100005c8:	f004 f97c 	bl	100048c4 <__wrap_printf>
100005cc:	2064      	movs	r0, #100	; 0x64
100005ce:	f001 f9c7 	bl	10001960 <sleep_ms>
100005d2:	2c0a      	cmp	r4, #10
100005d4:	d1f3      	bne.n	100005be <main+0x1ea>
100005d6:	4b30      	ldr	r3, [pc, #192]	; (10000698 <main+0x2c4>)
100005d8:	4a30      	ldr	r2, [pc, #192]	; (1000069c <main+0x2c8>)
100005da:	469a      	mov	sl, r3
100005dc:	681b      	ldr	r3, [r3, #0]
100005de:	4c31      	ldr	r4, [pc, #196]	; (100006a4 <main+0x2d0>)
100005e0:	041b      	lsls	r3, r3, #16
100005e2:	0c1b      	lsrs	r3, r3, #16
100005e4:	6013      	str	r3, [r2, #0]
100005e6:	4653      	mov	r3, sl
100005e8:	681b      	ldr	r3, [r3, #0]
100005ea:	20fa      	movs	r0, #250	; 0xfa
100005ec:	0c1b      	lsrs	r3, r3, #16
100005ee:	041b      	lsls	r3, r3, #16
100005f0:	6013      	str	r3, [r2, #0]
100005f2:	4b2b      	ldr	r3, [pc, #172]	; (100006a0 <main+0x2cc>)
100005f4:	4691      	mov	r9, r2
100005f6:	4698      	mov	r8, r3
100005f8:	681b      	ldr	r3, [r3, #0]
100005fa:	0080      	lsls	r0, r0, #2
100005fc:	041b      	lsls	r3, r3, #16
100005fe:	0c1b      	lsrs	r3, r3, #16
10000600:	6023      	str	r3, [r4, #0]
10000602:	4643      	mov	r3, r8
10000604:	681b      	ldr	r3, [r3, #0]
10000606:	0c1b      	lsrs	r3, r3, #16
10000608:	041b      	lsls	r3, r3, #16
1000060a:	6023      	str	r3, [r4, #0]
1000060c:	f001 f9a8 	bl	10001960 <sleep_ms>
10000610:	4653      	mov	r3, sl
10000612:	464a      	mov	r2, r9
10000614:	681b      	ldr	r3, [r3, #0]
10000616:	041b      	lsls	r3, r3, #16
10000618:	0c1b      	lsrs	r3, r3, #16
1000061a:	6013      	str	r3, [r2, #0]
1000061c:	4653      	mov	r3, sl
1000061e:	681a      	ldr	r2, [r3, #0]
10000620:	23c8      	movs	r3, #200	; 0xc8
10000622:	039b      	lsls	r3, r3, #14
10000624:	4053      	eors	r3, r2
10000626:	464a      	mov	r2, r9
10000628:	0c1b      	lsrs	r3, r3, #16
1000062a:	041b      	lsls	r3, r3, #16
1000062c:	6013      	str	r3, [r2, #0]
1000062e:	4643      	mov	r3, r8
10000630:	681b      	ldr	r3, [r3, #0]
10000632:	222d      	movs	r2, #45	; 0x2d
10000634:	0c1b      	lsrs	r3, r3, #16
10000636:	041b      	lsls	r3, r3, #16
10000638:	6023      	str	r3, [r4, #0]
1000063a:	4643      	mov	r3, r8
1000063c:	681b      	ldr	r3, [r3, #0]
1000063e:	4053      	eors	r3, r2
10000640:	041b      	lsls	r3, r3, #16
10000642:	0c1b      	lsrs	r3, r3, #16
10000644:	6023      	str	r3, [r4, #0]
10000646:	2400      	movs	r4, #0
10000648:	3401      	adds	r4, #1
1000064a:	682a      	ldr	r2, [r5, #0]
1000064c:	0021      	movs	r1, r4
1000064e:	0038      	movs	r0, r7
10000650:	6833      	ldr	r3, [r6, #0]
10000652:	f004 f937 	bl	100048c4 <__wrap_printf>
10000656:	2064      	movs	r0, #100	; 0x64
10000658:	f001 f982 	bl	10001960 <sleep_ms>
1000065c:	2c1e      	cmp	r4, #30
1000065e:	d1f3      	bne.n	10000648 <main+0x274>
10000660:	490d      	ldr	r1, [pc, #52]	; (10000698 <main+0x2c4>)
10000662:	4a0e      	ldr	r2, [pc, #56]	; (1000069c <main+0x2c8>)
10000664:	680b      	ldr	r3, [r1, #0]
10000666:	041b      	lsls	r3, r3, #16
10000668:	0c1b      	lsrs	r3, r3, #16
1000066a:	6013      	str	r3, [r2, #0]
1000066c:	680b      	ldr	r3, [r1, #0]
1000066e:	490c      	ldr	r1, [pc, #48]	; (100006a0 <main+0x2cc>)
10000670:	0c1b      	lsrs	r3, r3, #16
10000672:	041b      	lsls	r3, r3, #16
10000674:	6013      	str	r3, [r2, #0]
10000676:	680b      	ldr	r3, [r1, #0]
10000678:	4a0a      	ldr	r2, [pc, #40]	; (100006a4 <main+0x2d0>)
1000067a:	041b      	lsls	r3, r3, #16
1000067c:	0c1b      	lsrs	r3, r3, #16
1000067e:	6013      	str	r3, [r2, #0]
10000680:	680b      	ldr	r3, [r1, #0]
10000682:	0c1b      	lsrs	r3, r3, #16
10000684:	041b      	lsls	r3, r3, #16
10000686:	6013      	str	r3, [r2, #0]
10000688:	e7fe      	b.n	10000688 <main+0x2b4>
1000068a:	46c0      	nop			; (mov r8, r8)
1000068c:	00000bb8 	.word	0x00000bb8
10000690:	20001c7c 	.word	0x20001c7c
10000694:	20001cb0 	.word	0x20001cb0
10000698:	4005005c 	.word	0x4005005c
1000069c:	4005105c 	.word	0x4005105c
100006a0:	40050070 	.word	0x40050070
100006a4:	40051070 	.word	0x40051070
100006a8:	10006d48 	.word	0x10006d48

100006ac <gpio_default_irq_handler>:
100006ac:	23d0      	movs	r3, #208	; 0xd0
100006ae:	061b      	lsls	r3, r3, #24
100006b0:	681a      	ldr	r2, [r3, #0]
100006b2:	b5f0      	push	{r4, r5, r6, r7, lr}
100006b4:	0093      	lsls	r3, r2, #2
100006b6:	4645      	mov	r5, r8
100006b8:	4698      	mov	r8, r3
100006ba:	4641      	mov	r1, r8
100006bc:	4b91      	ldr	r3, [pc, #580]	; (10000904 <gpio_default_irq_handler+0x258>)
100006be:	46de      	mov	lr, fp
100006c0:	4657      	mov	r7, sl
100006c2:	464e      	mov	r6, r9
100006c4:	585b      	ldr	r3, [r3, r1]
100006c6:	b5e0      	push	{r5, r6, r7, lr}
100006c8:	469b      	mov	fp, r3
100006ca:	0053      	lsls	r3, r2, #1
100006cc:	189b      	adds	r3, r3, r2
100006ce:	4a8e      	ldr	r2, [pc, #568]	; (10000908 <gpio_default_irq_handler+0x25c>)
100006d0:	011b      	lsls	r3, r3, #4
100006d2:	4694      	mov	ip, r2
100006d4:	b083      	sub	sp, #12
100006d6:	4463      	add	r3, ip
100006d8:	9301      	str	r3, [sp, #4]
100006da:	4b8c      	ldr	r3, [pc, #560]	; (1000090c <gpio_default_irq_handler+0x260>)
100006dc:	2608      	movs	r6, #8
100006de:	469a      	mov	sl, r3
100006e0:	0035      	movs	r5, r6
100006e2:	3d08      	subs	r5, #8
100006e4:	08ea      	lsrs	r2, r5, #3
100006e6:	0013      	movs	r3, r2
100006e8:	9901      	ldr	r1, [sp, #4]
100006ea:	3308      	adds	r3, #8
100006ec:	009b      	lsls	r3, r3, #2
100006ee:	585c      	ldr	r4, [r3, r1]
100006f0:	2c00      	cmp	r4, #0
100006f2:	d027      	beq.n	10000744 <gpio_default_irq_handler+0x98>
100006f4:	465b      	mov	r3, fp
100006f6:	2b00      	cmp	r3, #0
100006f8:	d02e      	beq.n	10000758 <gpio_default_irq_handler+0xac>
100006fa:	2301      	movs	r3, #1
100006fc:	270f      	movs	r7, #15
100006fe:	4699      	mov	r9, r3
10000700:	0039      	movs	r1, r7
10000702:	4021      	ands	r1, r4
10000704:	4227      	tst	r7, r4
10000706:	d017      	beq.n	10000738 <gpio_default_irq_handler+0x8c>
10000708:	4652      	mov	r2, sl
1000070a:	4640      	mov	r0, r8
1000070c:	002b      	movs	r3, r5
1000070e:	5812      	ldr	r2, [r2, r0]
10000710:	3b20      	subs	r3, #32
10000712:	40ea      	lsrs	r2, r5
10000714:	17db      	asrs	r3, r3, #31
10000716:	4013      	ands	r3, r2
10000718:	464a      	mov	r2, r9
1000071a:	4213      	tst	r3, r2
1000071c:	d10c      	bne.n	10000738 <gpio_default_irq_handler+0x8c>
1000071e:	2207      	movs	r2, #7
10000720:	0008      	movs	r0, r1
10000722:	402a      	ands	r2, r5
10000724:	0092      	lsls	r2, r2, #2
10000726:	4090      	lsls	r0, r2
10000728:	0002      	movs	r2, r0
1000072a:	08eb      	lsrs	r3, r5, #3
1000072c:	4878      	ldr	r0, [pc, #480]	; (10000910 <gpio_default_irq_handler+0x264>)
1000072e:	333c      	adds	r3, #60	; 0x3c
10000730:	009b      	lsls	r3, r3, #2
10000732:	501a      	str	r2, [r3, r0]
10000734:	0028      	movs	r0, r5
10000736:	47d8      	blx	fp
10000738:	0924      	lsrs	r4, r4, #4
1000073a:	3501      	adds	r5, #1
1000073c:	2c00      	cmp	r4, #0
1000073e:	d001      	beq.n	10000744 <gpio_default_irq_handler+0x98>
10000740:	42b5      	cmp	r5, r6
10000742:	d3dd      	bcc.n	10000700 <gpio_default_irq_handler+0x54>
10000744:	3608      	adds	r6, #8
10000746:	2e28      	cmp	r6, #40	; 0x28
10000748:	d1ca      	bne.n	100006e0 <gpio_default_irq_handler+0x34>
1000074a:	b003      	add	sp, #12
1000074c:	bcf0      	pop	{r4, r5, r6, r7}
1000074e:	46bb      	mov	fp, r7
10000750:	46b2      	mov	sl, r6
10000752:	46a9      	mov	r9, r5
10000754:	46a0      	mov	r8, r4
10000756:	bdf0      	pop	{r4, r5, r6, r7, pc}
10000758:	230f      	movs	r3, #15
1000075a:	0018      	movs	r0, r3
1000075c:	4020      	ands	r0, r4
1000075e:	4223      	tst	r3, r4
10000760:	d009      	beq.n	10000776 <gpio_default_irq_handler+0xca>
10000762:	4641      	mov	r1, r8
10000764:	4b69      	ldr	r3, [pc, #420]	; (1000090c <gpio_default_irq_handler+0x260>)
10000766:	5859      	ldr	r1, [r3, r1]
10000768:	0033      	movs	r3, r6
1000076a:	40e9      	lsrs	r1, r5
1000076c:	3b28      	subs	r3, #40	; 0x28
1000076e:	0fdb      	lsrs	r3, r3, #31
10000770:	420b      	tst	r3, r1
10000772:	d100      	bne.n	10000776 <gpio_default_irq_handler+0xca>
10000774:	e097      	b.n	100008a6 <gpio_default_irq_handler+0x1fa>
10000776:	0923      	lsrs	r3, r4, #4
10000778:	1ff1      	subs	r1, r6, #7
1000077a:	2b00      	cmp	r3, #0
1000077c:	d0e2      	beq.n	10000744 <gpio_default_irq_handler+0x98>
1000077e:	220f      	movs	r2, #15
10000780:	0010      	movs	r0, r2
10000782:	4018      	ands	r0, r3
10000784:	421a      	tst	r2, r3
10000786:	d011      	beq.n	100007ac <gpio_default_irq_handler+0x100>
10000788:	4642      	mov	r2, r8
1000078a:	4b60      	ldr	r3, [pc, #384]	; (1000090c <gpio_default_irq_handler+0x260>)
1000078c:	589a      	ldr	r2, [r3, r2]
1000078e:	0033      	movs	r3, r6
10000790:	40ca      	lsrs	r2, r1
10000792:	3b27      	subs	r3, #39	; 0x27
10000794:	0fdb      	lsrs	r3, r3, #31
10000796:	4213      	tst	r3, r2
10000798:	d108      	bne.n	100007ac <gpio_default_irq_handler+0x100>
1000079a:	2207      	movs	r2, #7
1000079c:	08cb      	lsrs	r3, r1, #3
1000079e:	4011      	ands	r1, r2
100007a0:	0089      	lsls	r1, r1, #2
100007a2:	4088      	lsls	r0, r1
100007a4:	4a5a      	ldr	r2, [pc, #360]	; (10000910 <gpio_default_irq_handler+0x264>)
100007a6:	333c      	adds	r3, #60	; 0x3c
100007a8:	009b      	lsls	r3, r3, #2
100007aa:	5098      	str	r0, [r3, r2]
100007ac:	0a23      	lsrs	r3, r4, #8
100007ae:	1fb1      	subs	r1, r6, #6
100007b0:	2b00      	cmp	r3, #0
100007b2:	d0c7      	beq.n	10000744 <gpio_default_irq_handler+0x98>
100007b4:	220f      	movs	r2, #15
100007b6:	0010      	movs	r0, r2
100007b8:	4018      	ands	r0, r3
100007ba:	421a      	tst	r2, r3
100007bc:	d011      	beq.n	100007e2 <gpio_default_irq_handler+0x136>
100007be:	4642      	mov	r2, r8
100007c0:	4b52      	ldr	r3, [pc, #328]	; (1000090c <gpio_default_irq_handler+0x260>)
100007c2:	589a      	ldr	r2, [r3, r2]
100007c4:	0033      	movs	r3, r6
100007c6:	40ca      	lsrs	r2, r1
100007c8:	3b26      	subs	r3, #38	; 0x26
100007ca:	0fdb      	lsrs	r3, r3, #31
100007cc:	4213      	tst	r3, r2
100007ce:	d108      	bne.n	100007e2 <gpio_default_irq_handler+0x136>
100007d0:	2207      	movs	r2, #7
100007d2:	08cb      	lsrs	r3, r1, #3
100007d4:	4011      	ands	r1, r2
100007d6:	0089      	lsls	r1, r1, #2
100007d8:	4088      	lsls	r0, r1
100007da:	4a4d      	ldr	r2, [pc, #308]	; (10000910 <gpio_default_irq_handler+0x264>)
100007dc:	333c      	adds	r3, #60	; 0x3c
100007de:	009b      	lsls	r3, r3, #2
100007e0:	5098      	str	r0, [r3, r2]
100007e2:	0b23      	lsrs	r3, r4, #12
100007e4:	1f71      	subs	r1, r6, #5
100007e6:	2b00      	cmp	r3, #0
100007e8:	d0ac      	beq.n	10000744 <gpio_default_irq_handler+0x98>
100007ea:	220f      	movs	r2, #15
100007ec:	0010      	movs	r0, r2
100007ee:	4018      	ands	r0, r3
100007f0:	421a      	tst	r2, r3
100007f2:	d145      	bne.n	10000880 <gpio_default_irq_handler+0x1d4>
100007f4:	0c23      	lsrs	r3, r4, #16
100007f6:	1f31      	subs	r1, r6, #4
100007f8:	2b00      	cmp	r3, #0
100007fa:	d0a3      	beq.n	10000744 <gpio_default_irq_handler+0x98>
100007fc:	220f      	movs	r2, #15
100007fe:	0010      	movs	r0, r2
10000800:	4018      	ands	r0, r3
10000802:	421a      	tst	r2, r3
10000804:	d158      	bne.n	100008b8 <gpio_default_irq_handler+0x20c>
10000806:	0d23      	lsrs	r3, r4, #20
10000808:	1ef1      	subs	r1, r6, #3
1000080a:	2b00      	cmp	r3, #0
1000080c:	d09a      	beq.n	10000744 <gpio_default_irq_handler+0x98>
1000080e:	220f      	movs	r2, #15
10000810:	0010      	movs	r0, r2
10000812:	4018      	ands	r0, r3
10000814:	421a      	tst	r2, r3
10000816:	d162      	bne.n	100008de <gpio_default_irq_handler+0x232>
10000818:	0e23      	lsrs	r3, r4, #24
1000081a:	1eb1      	subs	r1, r6, #2
1000081c:	2b00      	cmp	r3, #0
1000081e:	d091      	beq.n	10000744 <gpio_default_irq_handler+0x98>
10000820:	220f      	movs	r2, #15
10000822:	0010      	movs	r0, r2
10000824:	4018      	ands	r0, r3
10000826:	421a      	tst	r2, r3
10000828:	d011      	beq.n	1000084e <gpio_default_irq_handler+0x1a2>
1000082a:	4642      	mov	r2, r8
1000082c:	4b37      	ldr	r3, [pc, #220]	; (1000090c <gpio_default_irq_handler+0x260>)
1000082e:	589a      	ldr	r2, [r3, r2]
10000830:	0033      	movs	r3, r6
10000832:	40ca      	lsrs	r2, r1
10000834:	3b22      	subs	r3, #34	; 0x22
10000836:	0fdb      	lsrs	r3, r3, #31
10000838:	4213      	tst	r3, r2
1000083a:	d108      	bne.n	1000084e <gpio_default_irq_handler+0x1a2>
1000083c:	2207      	movs	r2, #7
1000083e:	08cb      	lsrs	r3, r1, #3
10000840:	4011      	ands	r1, r2
10000842:	0089      	lsls	r1, r1, #2
10000844:	4088      	lsls	r0, r1
10000846:	4a32      	ldr	r2, [pc, #200]	; (10000910 <gpio_default_irq_handler+0x264>)
10000848:	333c      	adds	r3, #60	; 0x3c
1000084a:	009b      	lsls	r3, r3, #2
1000084c:	5098      	str	r0, [r3, r2]
1000084e:	0f24      	lsrs	r4, r4, #28
10000850:	1e71      	subs	r1, r6, #1
10000852:	2c00      	cmp	r4, #0
10000854:	d100      	bne.n	10000858 <gpio_default_irq_handler+0x1ac>
10000856:	e775      	b.n	10000744 <gpio_default_irq_handler+0x98>
10000858:	4653      	mov	r3, sl
1000085a:	4642      	mov	r2, r8
1000085c:	589a      	ldr	r2, [r3, r2]
1000085e:	0033      	movs	r3, r6
10000860:	40ca      	lsrs	r2, r1
10000862:	3b21      	subs	r3, #33	; 0x21
10000864:	0fdb      	lsrs	r3, r3, #31
10000866:	4213      	tst	r3, r2
10000868:	d000      	beq.n	1000086c <gpio_default_irq_handler+0x1c0>
1000086a:	e76b      	b.n	10000744 <gpio_default_irq_handler+0x98>
1000086c:	2207      	movs	r2, #7
1000086e:	08cb      	lsrs	r3, r1, #3
10000870:	4011      	ands	r1, r2
10000872:	0089      	lsls	r1, r1, #2
10000874:	408c      	lsls	r4, r1
10000876:	4a26      	ldr	r2, [pc, #152]	; (10000910 <gpio_default_irq_handler+0x264>)
10000878:	333c      	adds	r3, #60	; 0x3c
1000087a:	009b      	lsls	r3, r3, #2
1000087c:	509c      	str	r4, [r3, r2]
1000087e:	e761      	b.n	10000744 <gpio_default_irq_handler+0x98>
10000880:	4642      	mov	r2, r8
10000882:	4b22      	ldr	r3, [pc, #136]	; (1000090c <gpio_default_irq_handler+0x260>)
10000884:	589a      	ldr	r2, [r3, r2]
10000886:	0033      	movs	r3, r6
10000888:	40ca      	lsrs	r2, r1
1000088a:	3b25      	subs	r3, #37	; 0x25
1000088c:	0fdb      	lsrs	r3, r3, #31
1000088e:	4213      	tst	r3, r2
10000890:	d1b0      	bne.n	100007f4 <gpio_default_irq_handler+0x148>
10000892:	2207      	movs	r2, #7
10000894:	08cb      	lsrs	r3, r1, #3
10000896:	4011      	ands	r1, r2
10000898:	0089      	lsls	r1, r1, #2
1000089a:	4088      	lsls	r0, r1
1000089c:	4a1c      	ldr	r2, [pc, #112]	; (10000910 <gpio_default_irq_handler+0x264>)
1000089e:	333c      	adds	r3, #60	; 0x3c
100008a0:	009b      	lsls	r3, r3, #2
100008a2:	5098      	str	r0, [r3, r2]
100008a4:	e7a6      	b.n	100007f4 <gpio_default_irq_handler+0x148>
100008a6:	2307      	movs	r3, #7
100008a8:	401d      	ands	r5, r3
100008aa:	00ad      	lsls	r5, r5, #2
100008ac:	40a8      	lsls	r0, r5
100008ae:	4b18      	ldr	r3, [pc, #96]	; (10000910 <gpio_default_irq_handler+0x264>)
100008b0:	323c      	adds	r2, #60	; 0x3c
100008b2:	0092      	lsls	r2, r2, #2
100008b4:	50d0      	str	r0, [r2, r3]
100008b6:	e75e      	b.n	10000776 <gpio_default_irq_handler+0xca>
100008b8:	4642      	mov	r2, r8
100008ba:	4b14      	ldr	r3, [pc, #80]	; (1000090c <gpio_default_irq_handler+0x260>)
100008bc:	589a      	ldr	r2, [r3, r2]
100008be:	0033      	movs	r3, r6
100008c0:	40ca      	lsrs	r2, r1
100008c2:	3b24      	subs	r3, #36	; 0x24
100008c4:	0fdb      	lsrs	r3, r3, #31
100008c6:	4213      	tst	r3, r2
100008c8:	d19d      	bne.n	10000806 <gpio_default_irq_handler+0x15a>
100008ca:	2207      	movs	r2, #7
100008cc:	08cb      	lsrs	r3, r1, #3
100008ce:	4011      	ands	r1, r2
100008d0:	0089      	lsls	r1, r1, #2
100008d2:	4088      	lsls	r0, r1
100008d4:	4a0e      	ldr	r2, [pc, #56]	; (10000910 <gpio_default_irq_handler+0x264>)
100008d6:	333c      	adds	r3, #60	; 0x3c
100008d8:	009b      	lsls	r3, r3, #2
100008da:	5098      	str	r0, [r3, r2]
100008dc:	e793      	b.n	10000806 <gpio_default_irq_handler+0x15a>
100008de:	4642      	mov	r2, r8
100008e0:	4b0a      	ldr	r3, [pc, #40]	; (1000090c <gpio_default_irq_handler+0x260>)
100008e2:	589a      	ldr	r2, [r3, r2]
100008e4:	0033      	movs	r3, r6
100008e6:	40ca      	lsrs	r2, r1
100008e8:	3b23      	subs	r3, #35	; 0x23
100008ea:	0fdb      	lsrs	r3, r3, #31
100008ec:	4213      	tst	r3, r2
100008ee:	d193      	bne.n	10000818 <gpio_default_irq_handler+0x16c>
100008f0:	2207      	movs	r2, #7
100008f2:	08cb      	lsrs	r3, r1, #3
100008f4:	4011      	ands	r1, r2
100008f6:	0089      	lsls	r1, r1, #2
100008f8:	4088      	lsls	r0, r1
100008fa:	4a05      	ldr	r2, [pc, #20]	; (10000910 <gpio_default_irq_handler+0x264>)
100008fc:	333c      	adds	r3, #60	; 0x3c
100008fe:	009b      	lsls	r3, r3, #2
10000900:	5098      	str	r0, [r3, r2]
10000902:	e789      	b.n	10000818 <gpio_default_irq_handler+0x16c>
10000904:	20001804 	.word	0x20001804
10000908:	40014100 	.word	0x40014100
1000090c:	20001ca0 	.word	0x20001ca0
10000910:	40014000 	.word	0x40014000

10000914 <gpio_set_function>:
10000914:	b510      	push	{r4, lr}
10000916:	2440      	movs	r4, #64	; 0x40
10000918:	4a08      	ldr	r2, [pc, #32]	; (1000093c <gpio_set_function+0x28>)
1000091a:	0083      	lsls	r3, r0, #2
1000091c:	189a      	adds	r2, r3, r2
1000091e:	6812      	ldr	r2, [r2, #0]
10000920:	00c0      	lsls	r0, r0, #3
10000922:	4054      	eors	r4, r2
10000924:	22c0      	movs	r2, #192	; 0xc0
10000926:	4022      	ands	r2, r4
10000928:	4c05      	ldr	r4, [pc, #20]	; (10000940 <gpio_set_function+0x2c>)
1000092a:	46a4      	mov	ip, r4
1000092c:	4463      	add	r3, ip
1000092e:	601a      	str	r2, [r3, #0]
10000930:	4b04      	ldr	r3, [pc, #16]	; (10000944 <gpio_set_function+0x30>)
10000932:	469c      	mov	ip, r3
10000934:	4460      	add	r0, ip
10000936:	6041      	str	r1, [r0, #4]
10000938:	bd10      	pop	{r4, pc}
1000093a:	46c0      	nop			; (mov r8, r8)
1000093c:	4001c004 	.word	0x4001c004
10000940:	4001d004 	.word	0x4001d004
10000944:	40014000 	.word	0x40014000

10000948 <gpio_set_pulls>:
10000948:	4b0b      	ldr	r3, [pc, #44]	; (10000978 <gpio_set_pulls+0x30>)
1000094a:	0080      	lsls	r0, r0, #2
1000094c:	469c      	mov	ip, r3
1000094e:	4460      	add	r0, ip
10000950:	2900      	cmp	r1, #0
10000952:	d10e      	bne.n	10000972 <gpio_set_pulls+0x2a>
10000954:	2300      	movs	r3, #0
10000956:	3104      	adds	r1, #4
10000958:	2a00      	cmp	r2, #0
1000095a:	d100      	bne.n	1000095e <gpio_set_pulls+0x16>
1000095c:	0019      	movs	r1, r3
1000095e:	2280      	movs	r2, #128	; 0x80
10000960:	6803      	ldr	r3, [r0, #0]
10000962:	0152      	lsls	r2, r2, #5
10000964:	4059      	eors	r1, r3
10000966:	4694      	mov	ip, r2
10000968:	230c      	movs	r3, #12
1000096a:	4460      	add	r0, ip
1000096c:	400b      	ands	r3, r1
1000096e:	6003      	str	r3, [r0, #0]
10000970:	4770      	bx	lr
10000972:	210c      	movs	r1, #12
10000974:	2308      	movs	r3, #8
10000976:	e7ef      	b.n	10000958 <gpio_set_pulls+0x10>
10000978:	4001c004 	.word	0x4001c004

1000097c <gpio_set_irq_enabled>:
1000097c:	23d0      	movs	r3, #208	; 0xd0
1000097e:	061b      	lsls	r3, r3, #24
10000980:	b530      	push	{r4, r5, lr}
10000982:	681c      	ldr	r4, [r3, #0]
10000984:	0005      	movs	r5, r0
10000986:	0063      	lsls	r3, r4, #1
10000988:	191c      	adds	r4, r3, r4
1000098a:	08c3      	lsrs	r3, r0, #3
1000098c:	2007      	movs	r0, #7
1000098e:	4028      	ands	r0, r5
10000990:	0080      	lsls	r0, r0, #2
10000992:	4081      	lsls	r1, r0
10000994:	0018      	movs	r0, r3
10000996:	4d09      	ldr	r5, [pc, #36]	; (100009bc <gpio_set_irq_enabled+0x40>)
10000998:	303c      	adds	r0, #60	; 0x3c
1000099a:	0124      	lsls	r4, r4, #4
1000099c:	0080      	lsls	r0, r0, #2
1000099e:	009b      	lsls	r3, r3, #2
100009a0:	5141      	str	r1, [r0, r5]
100009a2:	191b      	adds	r3, r3, r4
100009a4:	2a00      	cmp	r2, #0
100009a6:	d004      	beq.n	100009b2 <gpio_set_irq_enabled+0x36>
100009a8:	4a05      	ldr	r2, [pc, #20]	; (100009c0 <gpio_set_irq_enabled+0x44>)
100009aa:	4694      	mov	ip, r2
100009ac:	4463      	add	r3, ip
100009ae:	6019      	str	r1, [r3, #0]
100009b0:	bd30      	pop	{r4, r5, pc}
100009b2:	4a04      	ldr	r2, [pc, #16]	; (100009c4 <gpio_set_irq_enabled+0x48>)
100009b4:	4694      	mov	ip, r2
100009b6:	4463      	add	r3, ip
100009b8:	6019      	str	r1, [r3, #0]
100009ba:	e7f9      	b.n	100009b0 <gpio_set_irq_enabled+0x34>
100009bc:	40014000 	.word	0x40014000
100009c0:	40016100 	.word	0x40016100
100009c4:	40017100 	.word	0x40017100

100009c8 <gpio_set_irq_enabled_with_callback>:
100009c8:	b5f8      	push	{r3, r4, r5, r6, r7, lr}
100009ca:	46ce      	mov	lr, r9
100009cc:	4647      	mov	r7, r8
100009ce:	0005      	movs	r5, r0
100009d0:	000c      	movs	r4, r1
100009d2:	001e      	movs	r6, r3
100009d4:	b580      	push	{r7, lr}
100009d6:	2a00      	cmp	r2, #0
100009d8:	d122      	bne.n	10000a20 <gpio_set_irq_enabled_with_callback+0x58>
100009da:	21d0      	movs	r1, #208	; 0xd0
100009dc:	0609      	lsls	r1, r1, #24
100009de:	680b      	ldr	r3, [r1, #0]
100009e0:	4f33      	ldr	r7, [pc, #204]	; (10000ab0 <gpio_set_irq_enabled_with_callback+0xe8>)
100009e2:	005a      	lsls	r2, r3, #1
100009e4:	18d3      	adds	r3, r2, r3
100009e6:	08c2      	lsrs	r2, r0, #3
100009e8:	2007      	movs	r0, #7
100009ea:	011b      	lsls	r3, r3, #4
100009ec:	4005      	ands	r5, r0
100009ee:	0010      	movs	r0, r2
100009f0:	0092      	lsls	r2, r2, #2
100009f2:	18d2      	adds	r2, r2, r3
100009f4:	4b2f      	ldr	r3, [pc, #188]	; (10000ab4 <gpio_set_irq_enabled_with_callback+0xec>)
100009f6:	00ad      	lsls	r5, r5, #2
100009f8:	469c      	mov	ip, r3
100009fa:	40ac      	lsls	r4, r5
100009fc:	303c      	adds	r0, #60	; 0x3c
100009fe:	4d2e      	ldr	r5, [pc, #184]	; (10000ab8 <gpio_set_irq_enabled_with_callback+0xf0>)
10000a00:	0080      	lsls	r0, r0, #2
10000a02:	4462      	add	r2, ip
10000a04:	5144      	str	r4, [r0, r5]
10000a06:	6014      	str	r4, [r2, #0]
10000a08:	680c      	ldr	r4, [r1, #0]
10000a0a:	00a4      	lsls	r4, r4, #2
10000a0c:	593b      	ldr	r3, [r7, r4]
10000a0e:	2b00      	cmp	r3, #0
10000a10:	d02f      	beq.n	10000a72 <gpio_set_irq_enabled_with_callback+0xaa>
10000a12:	2e00      	cmp	r6, #0
10000a14:	d042      	beq.n	10000a9c <gpio_set_irq_enabled_with_callback+0xd4>
10000a16:	513e      	str	r6, [r7, r4]
10000a18:	bcc0      	pop	{r6, r7}
10000a1a:	46b9      	mov	r9, r7
10000a1c:	46b0      	mov	r8, r6
10000a1e:	bdf8      	pop	{r3, r4, r5, r6, r7, pc}
10000a20:	23d0      	movs	r3, #208	; 0xd0
10000a22:	061b      	lsls	r3, r3, #24
10000a24:	6819      	ldr	r1, [r3, #0]
10000a26:	4f22      	ldr	r7, [pc, #136]	; (10000ab0 <gpio_set_irq_enabled_with_callback+0xe8>)
10000a28:	4699      	mov	r9, r3
10000a2a:	008b      	lsls	r3, r1, #2
10000a2c:	4698      	mov	r8, r3
10000a2e:	58fb      	ldr	r3, [r7, r3]
10000a30:	2b00      	cmp	r3, #0
10000a32:	d027      	beq.n	10000a84 <gpio_set_irq_enabled_with_callback+0xbc>
10000a34:	2e00      	cmp	r6, #0
10000a36:	d036      	beq.n	10000aa6 <gpio_set_irq_enabled_with_callback+0xde>
10000a38:	4643      	mov	r3, r8
10000a3a:	50fe      	str	r6, [r7, r3]
10000a3c:	23d0      	movs	r3, #208	; 0xd0
10000a3e:	061b      	lsls	r3, r3, #24
10000a40:	6819      	ldr	r1, [r3, #0]
10000a42:	2007      	movs	r0, #7
10000a44:	08eb      	lsrs	r3, r5, #3
10000a46:	4005      	ands	r5, r0
10000a48:	0018      	movs	r0, r3
10000a4a:	00ad      	lsls	r5, r5, #2
10000a4c:	40ac      	lsls	r4, r5
10000a4e:	4a1a      	ldr	r2, [pc, #104]	; (10000ab8 <gpio_set_irq_enabled_with_callback+0xf0>)
10000a50:	303c      	adds	r0, #60	; 0x3c
10000a52:	0080      	lsls	r0, r0, #2
10000a54:	5084      	str	r4, [r0, r2]
10000a56:	004a      	lsls	r2, r1, #1
10000a58:	1852      	adds	r2, r2, r1
10000a5a:	0112      	lsls	r2, r2, #4
10000a5c:	009b      	lsls	r3, r3, #2
10000a5e:	189b      	adds	r3, r3, r2
10000a60:	4a16      	ldr	r2, [pc, #88]	; (10000abc <gpio_set_irq_enabled_with_callback+0xf4>)
10000a62:	2101      	movs	r1, #1
10000a64:	4694      	mov	ip, r2
10000a66:	4463      	add	r3, ip
10000a68:	200d      	movs	r0, #13
10000a6a:	601c      	str	r4, [r3, #0]
10000a6c:	f000 f914 	bl	10000c98 <irq_set_enabled>
10000a70:	e7d2      	b.n	10000a18 <gpio_set_irq_enabled_with_callback+0x50>
10000a72:	2e00      	cmp	r6, #0
10000a74:	d0d0      	beq.n	10000a18 <gpio_set_irq_enabled_with_callback+0x50>
10000a76:	2200      	movs	r2, #0
10000a78:	200d      	movs	r0, #13
10000a7a:	4911      	ldr	r1, [pc, #68]	; (10000ac0 <gpio_set_irq_enabled_with_callback+0xf8>)
10000a7c:	513e      	str	r6, [r7, r4]
10000a7e:	f000 f96d 	bl	10000d5c <irq_add_shared_handler>
10000a82:	e7c9      	b.n	10000a18 <gpio_set_irq_enabled_with_callback+0x50>
10000a84:	2e00      	cmp	r6, #0
10000a86:	d0dc      	beq.n	10000a42 <gpio_set_irq_enabled_with_callback+0x7a>
10000a88:	4643      	mov	r3, r8
10000a8a:	490d      	ldr	r1, [pc, #52]	; (10000ac0 <gpio_set_irq_enabled_with_callback+0xf8>)
10000a8c:	50fe      	str	r6, [r7, r3]
10000a8e:	2200      	movs	r2, #0
10000a90:	200d      	movs	r0, #13
10000a92:	f000 f963 	bl	10000d5c <irq_add_shared_handler>
10000a96:	464b      	mov	r3, r9
10000a98:	6819      	ldr	r1, [r3, #0]
10000a9a:	e7d2      	b.n	10000a42 <gpio_set_irq_enabled_with_callback+0x7a>
10000a9c:	200d      	movs	r0, #13
10000a9e:	4908      	ldr	r1, [pc, #32]	; (10000ac0 <gpio_set_irq_enabled_with_callback+0xf8>)
10000aa0:	f000 fa34 	bl	10000f0c <irq_remove_handler>
10000aa4:	e7b7      	b.n	10000a16 <gpio_set_irq_enabled_with_callback+0x4e>
10000aa6:	200d      	movs	r0, #13
10000aa8:	4905      	ldr	r1, [pc, #20]	; (10000ac0 <gpio_set_irq_enabled_with_callback+0xf8>)
10000aaa:	f000 fa2f 	bl	10000f0c <irq_remove_handler>
10000aae:	e7c3      	b.n	10000a38 <gpio_set_irq_enabled_with_callback+0x70>
10000ab0:	20001804 	.word	0x20001804
10000ab4:	40017100 	.word	0x40017100
10000ab8:	40014000 	.word	0x40014000
10000abc:	40016100 	.word	0x40016100
10000ac0:	100006ad 	.word	0x100006ad

10000ac4 <gpio_init>:
10000ac4:	2301      	movs	r3, #1
10000ac6:	22d0      	movs	r2, #208	; 0xd0
10000ac8:	4083      	lsls	r3, r0
10000aca:	2140      	movs	r1, #64	; 0x40
10000acc:	0612      	lsls	r2, r2, #24
10000ace:	6293      	str	r3, [r2, #40]	; 0x28
10000ad0:	6193      	str	r3, [r2, #24]
10000ad2:	4a09      	ldr	r2, [pc, #36]	; (10000af8 <gpio_init+0x34>)
10000ad4:	0083      	lsls	r3, r0, #2
10000ad6:	189a      	adds	r2, r3, r2
10000ad8:	6812      	ldr	r2, [r2, #0]
10000ada:	00c0      	lsls	r0, r0, #3
10000adc:	4051      	eors	r1, r2
10000ade:	22c0      	movs	r2, #192	; 0xc0
10000ae0:	400a      	ands	r2, r1
10000ae2:	4906      	ldr	r1, [pc, #24]	; (10000afc <gpio_init+0x38>)
10000ae4:	468c      	mov	ip, r1
10000ae6:	4463      	add	r3, ip
10000ae8:	601a      	str	r2, [r3, #0]
10000aea:	4b05      	ldr	r3, [pc, #20]	; (10000b00 <gpio_init+0x3c>)
10000aec:	469c      	mov	ip, r3
10000aee:	2305      	movs	r3, #5
10000af0:	4460      	add	r0, ip
10000af2:	6043      	str	r3, [r0, #4]
10000af4:	4770      	bx	lr
10000af6:	46c0      	nop			; (mov r8, r8)
10000af8:	4001c004 	.word	0x4001c004
10000afc:	4001d004 	.word	0x4001d004
10000b00:	40014000 	.word	0x40014000

10000b04 <rp2040_chip_version>:
10000b04:	2380      	movs	r3, #128	; 0x80
10000b06:	05db      	lsls	r3, r3, #23
10000b08:	6818      	ldr	r0, [r3, #0]
10000b0a:	0f00      	lsrs	r0, r0, #28
10000b0c:	4770      	bx	lr
10000b0e:	46c0      	nop			; (mov r8, r8)

10000b10 <panic>:
10000b10:	b40f      	push	{r0, r1, r2, r3}
10000b12:	b500      	push	{lr}
10000b14:	4808      	ldr	r0, [pc, #32]	; (10000b38 <panic+0x28>)
10000b16:	b083      	sub	sp, #12
10000b18:	f003 fe4a 	bl	100047b0 <__wrap_puts>
10000b1c:	9b04      	ldr	r3, [sp, #16]
10000b1e:	2b00      	cmp	r3, #0
10000b20:	d007      	beq.n	10000b32 <panic+0x22>
10000b22:	a905      	add	r1, sp, #20
10000b24:	0018      	movs	r0, r3
10000b26:	9101      	str	r1, [sp, #4]
10000b28:	f003 fc96 	bl	10004458 <weak_raw_vprintf>
10000b2c:	4803      	ldr	r0, [pc, #12]	; (10000b3c <panic+0x2c>)
10000b2e:	f003 fe3f 	bl	100047b0 <__wrap_puts>
10000b32:	2001      	movs	r0, #1
10000b34:	f003 fca8 	bl	10004488 <_exit>
10000b38:	10006d78 	.word	0x10006d78
10000b3c:	10006e8c 	.word	0x10006e8c

10000b40 <hw_claim_or_assert>:
10000b40:	b570      	push	{r4, r5, r6, lr}
10000b42:	f3ef 8c10 	mrs	ip, PRIMASK
10000b46:	b672      	cpsid	i
10000b48:	4d0d      	ldr	r5, [pc, #52]	; (10000b80 <hw_claim_or_assert+0x40>)
10000b4a:	682b      	ldr	r3, [r5, #0]
10000b4c:	2b00      	cmp	r3, #0
10000b4e:	d0fc      	beq.n	10000b4a <hw_claim_or_assert+0xa>
10000b50:	f3bf 8f5f 	dmb	sy
10000b54:	2407      	movs	r4, #7
10000b56:	08cb      	lsrs	r3, r1, #3
10000b58:	18c6      	adds	r6, r0, r3
10000b5a:	5cc0      	ldrb	r0, [r0, r3]
10000b5c:	2301      	movs	r3, #1
10000b5e:	400c      	ands	r4, r1
10000b60:	40a3      	lsls	r3, r4
10000b62:	001c      	movs	r4, r3
10000b64:	4004      	ands	r4, r0
10000b66:	4203      	tst	r3, r0
10000b68:	d107      	bne.n	10000b7a <hw_claim_or_assert+0x3a>
10000b6a:	4303      	orrs	r3, r0
10000b6c:	7033      	strb	r3, [r6, #0]
10000b6e:	f3bf 8f5f 	dmb	sy
10000b72:	602c      	str	r4, [r5, #0]
10000b74:	f38c 8810 	msr	PRIMASK, ip
10000b78:	bd70      	pop	{r4, r5, r6, pc}
10000b7a:	0010      	movs	r0, r2
10000b7c:	f7ff ffc8 	bl	10000b10 <panic>
10000b80:	d000012c 	.word	0xd000012c

10000b84 <hw_claim_unused_from_range>:
10000b84:	b5f8      	push	{r3, r4, r5, r6, r7, lr}
10000b86:	4647      	mov	r7, r8
10000b88:	46ce      	mov	lr, r9
10000b8a:	4688      	mov	r8, r1
10000b8c:	b580      	push	{r7, lr}
10000b8e:	f3ef 8c10 	mrs	ip, PRIMASK
10000b92:	b672      	cpsid	i
10000b94:	4d21      	ldr	r5, [pc, #132]	; (10000c1c <hw_claim_unused_from_range+0x98>)
10000b96:	682c      	ldr	r4, [r5, #0]
10000b98:	2c00      	cmp	r4, #0
10000b9a:	d0fc      	beq.n	10000b96 <hw_claim_unused_from_range+0x12>
10000b9c:	f3bf 8f5f 	dmb	sy
10000ba0:	429a      	cmp	r2, r3
10000ba2:	d82c      	bhi.n	10000bfe <hw_claim_unused_from_range+0x7a>
10000ba4:	08d4      	lsrs	r4, r2, #3
10000ba6:	2707      	movs	r7, #7
10000ba8:	5d05      	ldrb	r5, [r0, r4]
10000baa:	1906      	adds	r6, r0, r4
10000bac:	2401      	movs	r4, #1
10000bae:	4017      	ands	r7, r2
10000bb0:	40bc      	lsls	r4, r7
10000bb2:	422c      	tst	r4, r5
10000bb4:	d01f      	beq.n	10000bf6 <hw_claim_unused_from_range+0x72>
10000bb6:	2107      	movs	r1, #7
10000bb8:	2701      	movs	r7, #1
10000bba:	4689      	mov	r9, r1
10000bbc:	e009      	b.n	10000bd2 <hw_claim_unused_from_range+0x4e>
10000bbe:	08d4      	lsrs	r4, r2, #3
10000bc0:	5d05      	ldrb	r5, [r0, r4]
10000bc2:	1906      	adds	r6, r0, r4
10000bc4:	464c      	mov	r4, r9
10000bc6:	0039      	movs	r1, r7
10000bc8:	4014      	ands	r4, r2
10000bca:	40a1      	lsls	r1, r4
10000bcc:	000c      	movs	r4, r1
10000bce:	4229      	tst	r1, r5
10000bd0:	d011      	beq.n	10000bf6 <hw_claim_unused_from_range+0x72>
10000bd2:	3201      	adds	r2, #1
10000bd4:	4293      	cmp	r3, r2
10000bd6:	d2f2      	bcs.n	10000bbe <hw_claim_unused_from_range+0x3a>
10000bd8:	2001      	movs	r0, #1
10000bda:	4240      	negs	r0, r0
10000bdc:	f3bf 8f5f 	dmb	sy
10000be0:	2200      	movs	r2, #0
10000be2:	4b0e      	ldr	r3, [pc, #56]	; (10000c1c <hw_claim_unused_from_range+0x98>)
10000be4:	601a      	str	r2, [r3, #0]
10000be6:	f38c 8810 	msr	PRIMASK, ip
10000bea:	2800      	cmp	r0, #0
10000bec:	db0f      	blt.n	10000c0e <hw_claim_unused_from_range+0x8a>
10000bee:	bcc0      	pop	{r6, r7}
10000bf0:	46b9      	mov	r9, r7
10000bf2:	46b0      	mov	r8, r6
10000bf4:	bdf8      	pop	{r3, r4, r5, r6, r7, pc}
10000bf6:	432c      	orrs	r4, r5
10000bf8:	0010      	movs	r0, r2
10000bfa:	7034      	strb	r4, [r6, #0]
10000bfc:	e7ee      	b.n	10000bdc <hw_claim_unused_from_range+0x58>
10000bfe:	f3bf 8f5f 	dmb	sy
10000c02:	2300      	movs	r3, #0
10000c04:	602b      	str	r3, [r5, #0]
10000c06:	f38c 8810 	msr	PRIMASK, ip
10000c0a:	2001      	movs	r0, #1
10000c0c:	4240      	negs	r0, r0
10000c0e:	4643      	mov	r3, r8
10000c10:	2b00      	cmp	r3, #0
10000c12:	d0ec      	beq.n	10000bee <hw_claim_unused_from_range+0x6a>
10000c14:	9808      	ldr	r0, [sp, #32]
10000c16:	f7ff ff7b 	bl	10000b10 <panic>
10000c1a:	46c0      	nop			; (mov r8, r8)
10000c1c:	d000012c 	.word	0xd000012c

10000c20 <next_striped_spin_lock_num>:
10000c20:	4a04      	ldr	r2, [pc, #16]	; (10000c34 <next_striped_spin_lock_num+0x14>)
10000c22:	7810      	ldrb	r0, [r2, #0]
10000c24:	1c43      	adds	r3, r0, #1
10000c26:	b2db      	uxtb	r3, r3
10000c28:	2b17      	cmp	r3, #23
10000c2a:	d900      	bls.n	10000c2e <next_striped_spin_lock_num+0xe>
10000c2c:	2310      	movs	r3, #16
10000c2e:	7013      	strb	r3, [r2, #0]
10000c30:	4770      	bx	lr
10000c32:	46c0      	nop			; (mov r8, r8)
10000c34:	20000fc8 	.word	0x20000fc8

10000c38 <spin_lock_claim_unused>:
10000c38:	b500      	push	{lr}
10000c3a:	4b05      	ldr	r3, [pc, #20]	; (10000c50 <spin_lock_claim_unused+0x18>)
10000c3c:	b083      	sub	sp, #12
10000c3e:	0001      	movs	r1, r0
10000c40:	9300      	str	r3, [sp, #0]
10000c42:	2218      	movs	r2, #24
10000c44:	231f      	movs	r3, #31
10000c46:	4803      	ldr	r0, [pc, #12]	; (10000c54 <spin_lock_claim_unused+0x1c>)
10000c48:	f7ff ff9c 	bl	10000b84 <hw_claim_unused_from_range>
10000c4c:	b003      	add	sp, #12
10000c4e:	bd00      	pop	{pc}
10000c50:	10006d88 	.word	0x10006d88
10000c54:	20001814 	.word	0x20001814

10000c58 <spin_locks_reset>:
10000c58:	2100      	movs	r1, #0
10000c5a:	4b04      	ldr	r3, [pc, #16]	; (10000c6c <spin_locks_reset+0x14>)
10000c5c:	4a04      	ldr	r2, [pc, #16]	; (10000c70 <spin_locks_reset+0x18>)
10000c5e:	f3bf 8f5f 	dmb	sy
10000c62:	c302      	stmia	r3!, {r1}
10000c64:	4293      	cmp	r3, r2
10000c66:	d1fa      	bne.n	10000c5e <spin_locks_reset+0x6>
10000c68:	4770      	bx	lr
10000c6a:	46c0      	nop			; (mov r8, r8)
10000c6c:	d0000100 	.word	0xd0000100
10000c70:	d0000180 	.word	0xd0000180

10000c74 <runtime_init_per_core_irq_priorities>:
10000c74:	4b05      	ldr	r3, [pc, #20]	; (10000c8c <runtime_init_per_core_irq_priorities+0x18>)
10000c76:	4a06      	ldr	r2, [pc, #24]	; (10000c90 <runtime_init_per_core_irq_priorities+0x1c>)
10000c78:	6013      	str	r3, [r2, #0]
10000c7a:	4a06      	ldr	r2, [pc, #24]	; (10000c94 <runtime_init_per_core_irq_priorities+0x20>)
10000c7c:	6013      	str	r3, [r2, #0]
10000c7e:	6053      	str	r3, [r2, #4]
10000c80:	6093      	str	r3, [r2, #8]
10000c82:	60d3      	str	r3, [r2, #12]
10000c84:	6113      	str	r3, [r2, #16]
10000c86:	6153      	str	r3, [r2, #20]
10000c88:	6193      	str	r3, [r2, #24]
10000c8a:	4770      	bx	lr
10000c8c:	80808080 	.word	0x80808080
10000c90:	e000e400 	.word	0xe000e400
10000c94:	e000e404 	.word	0xe000e404

10000c98 <irq_set_enabled>:
10000c98:	231f      	movs	r3, #31
10000c9a:	4018      	ands	r0, r3
10000c9c:	3b1e      	subs	r3, #30
10000c9e:	4083      	lsls	r3, r0
10000ca0:	2900      	cmp	r1, #0
10000ca2:	d005      	beq.n	10000cb0 <irq_set_enabled+0x18>
10000ca4:	21c0      	movs	r1, #192	; 0xc0
10000ca6:	4a04      	ldr	r2, [pc, #16]	; (10000cb8 <irq_set_enabled+0x20>)
10000ca8:	0049      	lsls	r1, r1, #1
10000caa:	5053      	str	r3, [r2, r1]
10000cac:	6013      	str	r3, [r2, #0]
10000cae:	4770      	bx	lr
10000cb0:	2280      	movs	r2, #128	; 0x80
10000cb2:	4901      	ldr	r1, [pc, #4]	; (10000cb8 <irq_set_enabled+0x20>)
10000cb4:	508b      	str	r3, [r1, r2]
10000cb6:	e7fa      	b.n	10000cae <irq_set_enabled+0x16>
10000cb8:	e000e100 	.word	0xe000e100

10000cbc <irq_is_enabled>:
10000cbc:	2201      	movs	r2, #1
10000cbe:	4082      	lsls	r2, r0
10000cc0:	4b03      	ldr	r3, [pc, #12]	; (10000cd0 <irq_is_enabled+0x14>)
10000cc2:	681b      	ldr	r3, [r3, #0]
10000cc4:	4013      	ands	r3, r2
10000cc6:	1e5a      	subs	r2, r3, #1
10000cc8:	4193      	sbcs	r3, r2
10000cca:	b2d8      	uxtb	r0, r3
10000ccc:	4770      	bx	lr
10000cce:	46c0      	nop			; (mov r8, r8)
10000cd0:	e000e100 	.word	0xe000e100

10000cd4 <irq_set_pending>:
10000cd4:	2301      	movs	r3, #1
10000cd6:	4083      	lsls	r3, r0
10000cd8:	4a01      	ldr	r2, [pc, #4]	; (10000ce0 <irq_set_pending+0xc>)
10000cda:	6013      	str	r3, [r2, #0]
10000cdc:	4770      	bx	lr
10000cde:	46c0      	nop			; (mov r8, r8)
10000ce0:	e000e200 	.word	0xe000e200

10000ce4 <irq_has_shared_handler>:
10000ce4:	4b06      	ldr	r3, [pc, #24]	; (10000d00 <irq_has_shared_handler+0x1c>)
10000ce6:	3010      	adds	r0, #16
10000ce8:	689b      	ldr	r3, [r3, #8]
10000cea:	0080      	lsls	r0, r0, #2
10000cec:	58c3      	ldr	r3, [r0, r3]
10000cee:	4a05      	ldr	r2, [pc, #20]	; (10000d04 <irq_has_shared_handler+0x20>)
10000cf0:	2000      	movs	r0, #0
10000cf2:	1a9b      	subs	r3, r3, r2
10000cf4:	2247      	movs	r2, #71	; 0x47
10000cf6:	429a      	cmp	r2, r3
10000cf8:	4140      	adcs	r0, r0
10000cfa:	b2c0      	uxtb	r0, r0
10000cfc:	4770      	bx	lr
10000cfe:	46c0      	nop			; (mov r8, r8)
10000d00:	e000ed00 	.word	0xe000ed00
10000d04:	20000fcc 	.word	0x20000fcc

10000d08 <irq_set_exclusive_handler>:
10000d08:	b510      	push	{r4, lr}
10000d0a:	f3ef 8c10 	mrs	ip, PRIMASK
10000d0e:	b672      	cpsid	i
10000d10:	4a0f      	ldr	r2, [pc, #60]	; (10000d50 <irq_set_exclusive_handler+0x48>)
10000d12:	6813      	ldr	r3, [r2, #0]
10000d14:	2b00      	cmp	r3, #0
10000d16:	d0fc      	beq.n	10000d12 <irq_set_exclusive_handler+0xa>
10000d18:	f3bf 8f5f 	dmb	sy
10000d1c:	4b0d      	ldr	r3, [pc, #52]	; (10000d54 <irq_set_exclusive_handler+0x4c>)
10000d1e:	3010      	adds	r0, #16
10000d20:	689b      	ldr	r3, [r3, #8]
10000d22:	0080      	lsls	r0, r0, #2
10000d24:	581b      	ldr	r3, [r3, r0]
10000d26:	4a0c      	ldr	r2, [pc, #48]	; (10000d58 <irq_set_exclusive_handler+0x50>)
10000d28:	4293      	cmp	r3, r2
10000d2a:	d003      	beq.n	10000d34 <irq_set_exclusive_handler+0x2c>
10000d2c:	4299      	cmp	r1, r3
10000d2e:	d001      	beq.n	10000d34 <irq_set_exclusive_handler+0x2c>
10000d30:	f001 f8de 	bl	10001ef0 <hard_assertion_failure>
10000d34:	4b07      	ldr	r3, [pc, #28]	; (10000d54 <irq_set_exclusive_handler+0x4c>)
10000d36:	689b      	ldr	r3, [r3, #8]
10000d38:	5019      	str	r1, [r3, r0]
10000d3a:	f3bf 8f5f 	dmb	sy
10000d3e:	f3bf 8f5f 	dmb	sy
10000d42:	2200      	movs	r2, #0
10000d44:	4b02      	ldr	r3, [pc, #8]	; (10000d50 <irq_set_exclusive_handler+0x48>)
10000d46:	601a      	str	r2, [r3, #0]
10000d48:	f38c 8810 	msr	PRIMASK, ip
10000d4c:	bd10      	pop	{r4, pc}
10000d4e:	46c0      	nop			; (mov r8, r8)
10000d50:	d0000124 	.word	0xd0000124
10000d54:	e000ed00 	.word	0xe000ed00
10000d58:	100001c1 	.word	0x100001c1

10000d5c <irq_add_shared_handler>:
10000d5c:	b5f0      	push	{r4, r5, r6, r7, lr}
10000d5e:	46de      	mov	lr, fp
10000d60:	4657      	mov	r7, sl
10000d62:	464e      	mov	r6, r9
10000d64:	4645      	mov	r5, r8
10000d66:	b5e0      	push	{r5, r6, r7, lr}
10000d68:	b083      	sub	sp, #12
10000d6a:	9101      	str	r1, [sp, #4]
10000d6c:	f3ef 8b10 	mrs	fp, PRIMASK
10000d70:	b672      	cpsid	i
10000d72:	495a      	ldr	r1, [pc, #360]	; (10000edc <irq_add_shared_handler+0x180>)
10000d74:	680b      	ldr	r3, [r1, #0]
10000d76:	2b00      	cmp	r3, #0
10000d78:	d0fc      	beq.n	10000d74 <irq_add_shared_handler+0x18>
10000d7a:	f3bf 8f5f 	dmb	sy
10000d7e:	2100      	movs	r1, #0
10000d80:	4b57      	ldr	r3, [pc, #348]	; (10000ee0 <irq_add_shared_handler+0x184>)
10000d82:	5659      	ldrsb	r1, [r3, r1]
10000d84:	4689      	mov	r9, r1
10000d86:	2900      	cmp	r1, #0
10000d88:	da00      	bge.n	10000d8c <irq_add_shared_handler+0x30>
10000d8a:	e0a5      	b.n	10000ed8 <irq_add_shared_handler+0x17c>
10000d8c:	0049      	lsls	r1, r1, #1
10000d8e:	000d      	movs	r5, r1
10000d90:	4c54      	ldr	r4, [pc, #336]	; (10000ee4 <irq_add_shared_handler+0x188>)
10000d92:	444d      	add	r5, r9
10000d94:	00ad      	lsls	r5, r5, #2
10000d96:	1967      	adds	r7, r4, r5
10000d98:	468a      	mov	sl, r1
10000d9a:	79b9      	ldrb	r1, [r7, #6]
10000d9c:	3010      	adds	r0, #16
10000d9e:	7019      	strb	r1, [r3, #0]
10000da0:	4b51      	ldr	r3, [pc, #324]	; (10000ee8 <irq_add_shared_handler+0x18c>)
10000da2:	0081      	lsls	r1, r0, #2
10000da4:	689b      	ldr	r3, [r3, #8]
10000da6:	9100      	str	r1, [sp, #0]
10000da8:	585b      	ldr	r3, [r3, r1]
10000daa:	4698      	mov	r8, r3
10000dac:	1b1b      	subs	r3, r3, r4
10000dae:	2b47      	cmp	r3, #71	; 0x47
10000db0:	d82b      	bhi.n	10000e0a <irq_add_shared_handler+0xae>
10000db2:	2101      	movs	r1, #1
10000db4:	4640      	mov	r0, r8
10000db6:	4388      	bics	r0, r1
10000db8:	79c3      	ldrb	r3, [r0, #7]
10000dba:	4293      	cmp	r3, r2
10000dbc:	d808      	bhi.n	10000dd0 <irq_add_shared_handler+0x74>
10000dbe:	e062      	b.n	10000e86 <irq_add_shared_handler+0x12a>
10000dc0:	004b      	lsls	r3, r1, #1
10000dc2:	185b      	adds	r3, r3, r1
10000dc4:	009b      	lsls	r3, r3, #2
10000dc6:	18e3      	adds	r3, r4, r3
10000dc8:	79de      	ldrb	r6, [r3, #7]
10000dca:	4296      	cmp	r6, r2
10000dcc:	d94c      	bls.n	10000e68 <irq_add_shared_handler+0x10c>
10000dce:	0018      	movs	r0, r3
10000dd0:	2106      	movs	r1, #6
10000dd2:	5641      	ldrsb	r1, [r0, r1]
10000dd4:	2900      	cmp	r1, #0
10000dd6:	daf3      	bge.n	10000dc0 <irq_add_shared_handler+0x64>
10000dd8:	1d03      	adds	r3, r0, #4
10000dda:	469c      	mov	ip, r3
10000ddc:	4d43      	ldr	r5, [pc, #268]	; (10000eec <irq_add_shared_handler+0x190>)
10000dde:	4666      	mov	r6, ip
10000de0:	1f3b      	subs	r3, r7, #4
10000de2:	1b9b      	subs	r3, r3, r6
10000de4:	4f42      	ldr	r7, [pc, #264]	; (10000ef0 <irq_add_shared_handler+0x194>)
10000de6:	051b      	lsls	r3, r3, #20
10000de8:	0d5b      	lsrs	r3, r3, #21
10000dea:	433b      	orrs	r3, r7
10000dec:	8083      	strh	r3, [r0, #4]
10000dee:	464b      	mov	r3, r9
10000df0:	7183      	strb	r3, [r0, #6]
10000df2:	4653      	mov	r3, sl
10000df4:	444b      	add	r3, r9
10000df6:	009b      	lsls	r3, r3, #2
10000df8:	18e4      	adds	r4, r4, r3
10000dfa:	4b3e      	ldr	r3, [pc, #248]	; (10000ef4 <irq_add_shared_handler+0x198>)
10000dfc:	80a5      	strh	r5, [r4, #4]
10000dfe:	6023      	str	r3, [r4, #0]
10000e00:	9b01      	ldr	r3, [sp, #4]
10000e02:	71a1      	strb	r1, [r4, #6]
10000e04:	71e2      	strb	r2, [r4, #7]
10000e06:	60a3      	str	r3, [r4, #8]
10000e08:	e019      	b.n	10000e3e <irq_add_shared_handler+0xe2>
10000e0a:	4b3b      	ldr	r3, [pc, #236]	; (10000ef8 <irq_add_shared_handler+0x19c>)
10000e0c:	4598      	cmp	r8, r3
10000e0e:	d000      	beq.n	10000e12 <irq_add_shared_handler+0xb6>
10000e10:	e062      	b.n	10000ed8 <irq_add_shared_handler+0x17c>
10000e12:	4b3a      	ldr	r3, [pc, #232]	; (10000efc <irq_add_shared_handler+0x1a0>)
10000e14:	4936      	ldr	r1, [pc, #216]	; (10000ef0 <irq_add_shared_handler+0x194>)
10000e16:	5363      	strh	r3, [r4, r5]
10000e18:	4b39      	ldr	r3, [pc, #228]	; (10000f00 <irq_add_shared_handler+0x1a4>)
10000e1a:	3502      	adds	r5, #2
10000e1c:	1964      	adds	r4, r4, r5
10000e1e:	3b04      	subs	r3, #4
10000e20:	1b1b      	subs	r3, r3, r4
10000e22:	051b      	lsls	r3, r3, #20
10000e24:	0d5b      	lsrs	r3, r3, #21
10000e26:	430b      	orrs	r3, r1
10000e28:	807b      	strh	r3, [r7, #2]
10000e2a:	4b36      	ldr	r3, [pc, #216]	; (10000f04 <irq_add_shared_handler+0x1a8>)
10000e2c:	71fa      	strb	r2, [r7, #7]
10000e2e:	80bb      	strh	r3, [r7, #4]
10000e30:	23ff      	movs	r3, #255	; 0xff
10000e32:	71bb      	strb	r3, [r7, #6]
10000e34:	9b01      	ldr	r3, [sp, #4]
10000e36:	60bb      	str	r3, [r7, #8]
10000e38:	2301      	movs	r3, #1
10000e3a:	431f      	orrs	r7, r3
10000e3c:	46b8      	mov	r8, r7
10000e3e:	4641      	mov	r1, r8
10000e40:	4b29      	ldr	r3, [pc, #164]	; (10000ee8 <irq_add_shared_handler+0x18c>)
10000e42:	9a00      	ldr	r2, [sp, #0]
10000e44:	689b      	ldr	r3, [r3, #8]
10000e46:	5099      	str	r1, [r3, r2]
10000e48:	f3bf 8f5f 	dmb	sy
10000e4c:	f3bf 8f5f 	dmb	sy
10000e50:	2200      	movs	r2, #0
10000e52:	4b22      	ldr	r3, [pc, #136]	; (10000edc <irq_add_shared_handler+0x180>)
10000e54:	601a      	str	r2, [r3, #0]
10000e56:	f38b 8810 	msr	PRIMASK, fp
10000e5a:	b003      	add	sp, #12
10000e5c:	bcf0      	pop	{r4, r5, r6, r7}
10000e5e:	46bb      	mov	fp, r7
10000e60:	46b2      	mov	sl, r6
10000e62:	46a9      	mov	r9, r5
10000e64:	46a0      	mov	r8, r4
10000e66:	bdf0      	pop	{r4, r5, r6, r7, pc}
10000e68:	1d03      	adds	r3, r0, #4
10000e6a:	469c      	mov	ip, r3
10000e6c:	8883      	ldrh	r3, [r0, #4]
10000e6e:	3504      	adds	r5, #4
10000e70:	055b      	lsls	r3, r3, #21
10000e72:	151b      	asrs	r3, r3, #20
10000e74:	4463      	add	r3, ip
10000e76:	1965      	adds	r5, r4, r5
10000e78:	1b5d      	subs	r5, r3, r5
10000e7a:	23e0      	movs	r3, #224	; 0xe0
10000e7c:	052d      	lsls	r5, r5, #20
10000e7e:	0d6d      	lsrs	r5, r5, #21
10000e80:	021b      	lsls	r3, r3, #8
10000e82:	431d      	orrs	r5, r3
10000e84:	e7ab      	b.n	10000dde <irq_add_shared_handler+0x82>
10000e86:	4b20      	ldr	r3, [pc, #128]	; (10000f08 <irq_add_shared_handler+0x1ac>)
10000e88:	71fa      	strb	r2, [r7, #7]
10000e8a:	469c      	mov	ip, r3
10000e8c:	0003      	movs	r3, r0
10000e8e:	4666      	mov	r6, ip
10000e90:	1b1b      	subs	r3, r3, r4
10000e92:	415b      	adcs	r3, r3
10000e94:	435e      	muls	r6, r3
10000e96:	0d36      	lsrs	r6, r6, #20
10000e98:	4b18      	ldr	r3, [pc, #96]	; (10000efc <irq_add_shared_handler+0x1a0>)
10000e9a:	46b4      	mov	ip, r6
10000e9c:	5363      	strh	r3, [r4, r5]
10000e9e:	1cab      	adds	r3, r5, #2
10000ea0:	4698      	mov	r8, r3
10000ea2:	44a0      	add	r8, r4
10000ea4:	4646      	mov	r6, r8
10000ea6:	4b16      	ldr	r3, [pc, #88]	; (10000f00 <irq_add_shared_handler+0x1a4>)
10000ea8:	3b04      	subs	r3, #4
10000eaa:	1b9b      	subs	r3, r3, r6
10000eac:	051b      	lsls	r3, r3, #20
10000eae:	4e10      	ldr	r6, [pc, #64]	; (10000ef0 <irq_add_shared_handler+0x194>)
10000eb0:	0d5b      	lsrs	r3, r3, #21
10000eb2:	4333      	orrs	r3, r6
10000eb4:	807b      	strh	r3, [r7, #2]
10000eb6:	1d2b      	adds	r3, r5, #4
10000eb8:	18e3      	adds	r3, r4, r3
10000eba:	1ac3      	subs	r3, r0, r3
10000ebc:	3b04      	subs	r3, #4
10000ebe:	051b      	lsls	r3, r3, #20
10000ec0:	0d5b      	lsrs	r3, r3, #21
10000ec2:	4333      	orrs	r3, r6
10000ec4:	80bb      	strh	r3, [r7, #4]
10000ec6:	4663      	mov	r3, ip
10000ec8:	71bb      	strb	r3, [r7, #6]
10000eca:	9b01      	ldr	r3, [sp, #4]
10000ecc:	60bb      	str	r3, [r7, #8]
10000ece:	4b09      	ldr	r3, [pc, #36]	; (10000ef4 <irq_add_shared_handler+0x198>)
10000ed0:	430f      	orrs	r7, r1
10000ed2:	46b8      	mov	r8, r7
10000ed4:	6003      	str	r3, [r0, #0]
10000ed6:	e7b2      	b.n	10000e3e <irq_add_shared_handler+0xe2>
10000ed8:	f001 f80a 	bl	10001ef0 <hard_assertion_failure>
10000edc:	d0000124 	.word	0xd0000124
10000ee0:	20001cd9 	.word	0x20001cd9
10000ee4:	20000fcc 	.word	0x20000fcc
10000ee8:	e000ed00 	.word	0xe000ed00
10000eec:	0000bd01 	.word	0x0000bd01
10000ef0:	ffffe000 	.word	0xffffe000
10000ef4:	47804801 	.word	0x47804801
10000ef8:	100001c1 	.word	0x100001c1
10000efc:	ffffa100 	.word	0xffffa100
10000f00:	20001014 	.word	0x20001014
10000f04:	ffffbd01 	.word	0xffffbd01
10000f08:	0000aaaa 	.word	0x0000aaaa

10000f0c <irq_remove_handler>:
10000f0c:	b5f8      	push	{r3, r4, r5, r6, r7, lr}
10000f0e:	46de      	mov	lr, fp
10000f10:	4657      	mov	r7, sl
10000f12:	464e      	mov	r6, r9
10000f14:	4645      	mov	r5, r8
10000f16:	b5e0      	push	{r5, r6, r7, lr}
10000f18:	f3ef 8c10 	mrs	ip, PRIMASK
10000f1c:	b672      	cpsid	i
10000f1e:	4a60      	ldr	r2, [pc, #384]	; (100010a0 <irq_remove_handler+0x194>)
10000f20:	6813      	ldr	r3, [r2, #0]
10000f22:	2b00      	cmp	r3, #0
10000f24:	d0fc      	beq.n	10000f20 <irq_remove_handler+0x14>
10000f26:	f3bf 8f5f 	dmb	sy
10000f2a:	4b5e      	ldr	r3, [pc, #376]	; (100010a4 <irq_remove_handler+0x198>)
10000f2c:	4c5e      	ldr	r4, [pc, #376]	; (100010a8 <irq_remove_handler+0x19c>)
10000f2e:	689a      	ldr	r2, [r3, #8]
10000f30:	0003      	movs	r3, r0
10000f32:	3310      	adds	r3, #16
10000f34:	009d      	lsls	r5, r3, #2
10000f36:	5952      	ldr	r2, [r2, r5]
10000f38:	42a2      	cmp	r2, r4
10000f3a:	d03d      	beq.n	10000fb8 <irq_remove_handler+0xac>
10000f3c:	428a      	cmp	r2, r1
10000f3e:	d04d      	beq.n	10000fdc <irq_remove_handler+0xd0>
10000f40:	4c5a      	ldr	r4, [pc, #360]	; (100010ac <irq_remove_handler+0x1a0>)
10000f42:	1b16      	subs	r6, r2, r4
10000f44:	2e47      	cmp	r6, #71	; 0x47
10000f46:	d837      	bhi.n	10000fb8 <irq_remove_handler+0xac>
10000f48:	4e59      	ldr	r6, [pc, #356]	; (100010b0 <irq_remove_handler+0x1a4>)
10000f4a:	46b0      	mov	r8, r6
10000f4c:	6836      	ldr	r6, [r6, #0]
10000f4e:	46b1      	mov	r9, r6
10000f50:	2601      	movs	r6, #1
10000f52:	464f      	mov	r7, r9
10000f54:	46b2      	mov	sl, r6
10000f56:	4086      	lsls	r6, r0
10000f58:	4037      	ands	r7, r6
10000f5a:	261f      	movs	r6, #31
10000f5c:	4030      	ands	r0, r6
10000f5e:	4656      	mov	r6, sl
10000f60:	4086      	lsls	r6, r0
10000f62:	46b3      	mov	fp, r6
10000f64:	46b9      	mov	r9, r7
10000f66:	2080      	movs	r0, #128	; 0x80
10000f68:	4646      	mov	r6, r8
10000f6a:	465f      	mov	r7, fp
10000f6c:	5037      	str	r7, [r6, r0]
10000f6e:	f3bf 8f5f 	dmb	sy
10000f72:	f3ef 8005 	mrs	r0, IPSR
10000f76:	4680      	mov	r8, r0
10000f78:	2800      	cmp	r0, #0
10000f7a:	d131      	bne.n	10000fe0 <irq_remove_handler+0xd4>
10000f7c:	2301      	movs	r3, #1
10000f7e:	0010      	movs	r0, r2
10000f80:	4398      	bics	r0, r3
10000f82:	6886      	ldr	r6, [r0, #8]
10000f84:	42b1      	cmp	r1, r6
10000f86:	d108      	bne.n	10000f9a <irq_remove_handler+0x8e>
10000f88:	e07d      	b.n	10001086 <irq_remove_handler+0x17a>
10000f8a:	007b      	lsls	r3, r7, #1
10000f8c:	19db      	adds	r3, r3, r7
10000f8e:	009b      	lsls	r3, r3, #2
10000f90:	18e3      	adds	r3, r4, r3
10000f92:	689e      	ldr	r6, [r3, #8]
10000f94:	42b1      	cmp	r1, r6
10000f96:	d02c      	beq.n	10000ff2 <irq_remove_handler+0xe6>
10000f98:	0018      	movs	r0, r3
10000f9a:	2706      	movs	r7, #6
10000f9c:	57c7      	ldrsb	r7, [r0, r7]
10000f9e:	2f00      	cmp	r7, #0
10000fa0:	daf3      	bge.n	10000f8a <irq_remove_handler+0x7e>
10000fa2:	42b1      	cmp	r1, r6
10000fa4:	d04e      	beq.n	10001044 <irq_remove_handler+0x138>
10000fa6:	464b      	mov	r3, r9
10000fa8:	2b00      	cmp	r3, #0
10000faa:	d01d      	beq.n	10000fe8 <irq_remove_handler+0xdc>
10000fac:	21c0      	movs	r1, #192	; 0xc0
10000fae:	4658      	mov	r0, fp
10000fb0:	4b3f      	ldr	r3, [pc, #252]	; (100010b0 <irq_remove_handler+0x1a4>)
10000fb2:	0049      	lsls	r1, r1, #1
10000fb4:	5058      	str	r0, [r3, r1]
10000fb6:	6018      	str	r0, [r3, #0]
10000fb8:	4b3a      	ldr	r3, [pc, #232]	; (100010a4 <irq_remove_handler+0x198>)
10000fba:	689b      	ldr	r3, [r3, #8]
10000fbc:	515a      	str	r2, [r3, r5]
10000fbe:	f3bf 8f5f 	dmb	sy
10000fc2:	f3bf 8f5f 	dmb	sy
10000fc6:	2200      	movs	r2, #0
10000fc8:	4b35      	ldr	r3, [pc, #212]	; (100010a0 <irq_remove_handler+0x194>)
10000fca:	601a      	str	r2, [r3, #0]
10000fcc:	f38c 8810 	msr	PRIMASK, ip
10000fd0:	bcf0      	pop	{r4, r5, r6, r7}
10000fd2:	46bb      	mov	fp, r7
10000fd4:	46b2      	mov	sl, r6
10000fd6:	46a9      	mov	r9, r5
10000fd8:	46a0      	mov	r8, r4
10000fda:	bdf8      	pop	{r3, r4, r5, r6, r7, pc}
10000fdc:	0022      	movs	r2, r4
10000fde:	e7eb      	b.n	10000fb8 <irq_remove_handler+0xac>
10000fe0:	4283      	cmp	r3, r0
10000fe2:	d0cb      	beq.n	10000f7c <irq_remove_handler+0x70>
10000fe4:	f000 ff84 	bl	10001ef0 <hard_assertion_failure>
10000fe8:	2380      	movs	r3, #128	; 0x80
10000fea:	4658      	mov	r0, fp
10000fec:	4930      	ldr	r1, [pc, #192]	; (100010b0 <irq_remove_handler+0x1a4>)
10000fee:	50c8      	str	r0, [r1, r3]
10000ff0:	e7e2      	b.n	10000fb8 <irq_remove_handler+0xac>
10000ff2:	2106      	movs	r1, #6
10000ff4:	5659      	ldrsb	r1, [r3, r1]
10000ff6:	468a      	mov	sl, r1
10000ff8:	2900      	cmp	r1, #0
10000ffa:	db24      	blt.n	10001046 <irq_remove_handler+0x13a>
10000ffc:	4651      	mov	r1, sl
10000ffe:	4650      	mov	r0, sl
10001000:	0049      	lsls	r1, r1, #1
10001002:	1808      	adds	r0, r1, r0
10001004:	0080      	lsls	r0, r0, #2
10001006:	1826      	adds	r6, r4, r0
10001008:	68b7      	ldr	r7, [r6, #8]
1000100a:	609f      	str	r7, [r3, #8]
1000100c:	79f7      	ldrb	r7, [r6, #7]
1000100e:	71df      	strb	r7, [r3, #7]
10001010:	2706      	movs	r7, #6
10001012:	57f7      	ldrsb	r7, [r6, r7]
10001014:	719f      	strb	r7, [r3, #6]
10001016:	2f00      	cmp	r7, #0
10001018:	db26      	blt.n	10001068 <irq_remove_handler+0x15c>
1000101a:	88b6      	ldrh	r6, [r6, #4]
1000101c:	0576      	lsls	r6, r6, #21
1000101e:	1536      	asrs	r6, r6, #20
10001020:	1986      	adds	r6, r0, r6
10001022:	1ae0      	subs	r0, r4, r3
10001024:	1980      	adds	r0, r0, r6
10001026:	26e0      	movs	r6, #224	; 0xe0
10001028:	0500      	lsls	r0, r0, #20
1000102a:	0d40      	lsrs	r0, r0, #21
1000102c:	0236      	lsls	r6, r6, #8
1000102e:	4330      	orrs	r0, r6
10001030:	8098      	strh	r0, [r3, #4]
10001032:	4451      	add	r1, sl
10001034:	4b1f      	ldr	r3, [pc, #124]	; (100010b4 <irq_remove_handler+0x1a8>)
10001036:	0089      	lsls	r1, r1, #2
10001038:	1864      	adds	r4, r4, r1
1000103a:	7819      	ldrb	r1, [r3, #0]
1000103c:	71a1      	strb	r1, [r4, #6]
1000103e:	4651      	mov	r1, sl
10001040:	7019      	strb	r1, [r3, #0]
10001042:	e7b0      	b.n	10000fa6 <irq_remove_handler+0x9a>
10001044:	0003      	movs	r3, r0
10001046:	4641      	mov	r1, r8
10001048:	2900      	cmp	r1, #0
1000104a:	d10f      	bne.n	1000106c <irq_remove_handler+0x160>
1000104c:	31ff      	adds	r1, #255	; 0xff
1000104e:	7181      	strb	r1, [r0, #6]
10001050:	4919      	ldr	r1, [pc, #100]	; (100010b8 <irq_remove_handler+0x1ac>)
10001052:	8081      	strh	r1, [r0, #4]
10001054:	4817      	ldr	r0, [pc, #92]	; (100010b4 <irq_remove_handler+0x1a8>)
10001056:	7801      	ldrb	r1, [r0, #0]
10001058:	7199      	strb	r1, [r3, #6]
1000105a:	4918      	ldr	r1, [pc, #96]	; (100010bc <irq_remove_handler+0x1b0>)
1000105c:	1b1b      	subs	r3, r3, r4
1000105e:	415b      	adcs	r3, r3
10001060:	4359      	muls	r1, r3
10001062:	0d09      	lsrs	r1, r1, #20
10001064:	7001      	strb	r1, [r0, #0]
10001066:	e79e      	b.n	10000fa6 <irq_remove_handler+0x9a>
10001068:	4815      	ldr	r0, [pc, #84]	; (100010c0 <irq_remove_handler+0x1b4>)
1000106a:	e7e1      	b.n	10001030 <irq_remove_handler+0x124>
1000106c:	4915      	ldr	r1, [pc, #84]	; (100010c4 <irq_remove_handler+0x1b8>)
1000106e:	4816      	ldr	r0, [pc, #88]	; (100010c8 <irq_remove_handler+0x1bc>)
10001070:	1ac9      	subs	r1, r1, r3
10001072:	3908      	subs	r1, #8
10001074:	024c      	lsls	r4, r1, #9
10001076:	0d64      	lsrs	r4, r4, #21
10001078:	4320      	orrs	r0, r4
1000107a:	8098      	strh	r0, [r3, #4]
1000107c:	4813      	ldr	r0, [pc, #76]	; (100010cc <irq_remove_handler+0x1c0>)
1000107e:	0849      	lsrs	r1, r1, #1
10001080:	4301      	orrs	r1, r0
10001082:	80d9      	strh	r1, [r3, #6]
10001084:	e78f      	b.n	10000fa6 <irq_remove_handler+0x9a>
10001086:	2306      	movs	r3, #6
10001088:	56c3      	ldrsb	r3, [r0, r3]
1000108a:	469a      	mov	sl, r3
1000108c:	4651      	mov	r1, sl
1000108e:	0003      	movs	r3, r0
10001090:	2900      	cmp	r1, #0
10001092:	dab3      	bge.n	10000ffc <irq_remove_handler+0xf0>
10001094:	4641      	mov	r1, r8
10001096:	2900      	cmp	r1, #0
10001098:	d1e8      	bne.n	1000106c <irq_remove_handler+0x160>
1000109a:	4a03      	ldr	r2, [pc, #12]	; (100010a8 <irq_remove_handler+0x19c>)
1000109c:	e7da      	b.n	10001054 <irq_remove_handler+0x148>
1000109e:	46c0      	nop			; (mov r8, r8)
100010a0:	d0000124 	.word	0xd0000124
100010a4:	e000ed00 	.word	0xe000ed00
100010a8:	100001c1 	.word	0x100001c1
100010ac:	20000fcc 	.word	0x20000fcc
100010b0:	e000e100 	.word	0xe000e100
100010b4:	20001cd9 	.word	0x20001cd9
100010b8:	ffffbd01 	.word	0xffffbd01
100010bc:	0000aaaa 	.word	0x0000aaaa
100010c0:	0000bd01 	.word	0x0000bd01
100010c4:	2000101e 	.word	0x2000101e
100010c8:	fffff000 	.word	0xfffff000
100010cc:	fffff800 	.word	0xfffff800

100010d0 <irq_add_tail_to_free_list>:
100010d0:	b570      	push	{r4, r5, r6, lr}
100010d2:	2401      	movs	r4, #1
100010d4:	4304      	orrs	r4, r0
100010d6:	f3ef 8105 	mrs	r1, IPSR
100010da:	f3ef 8c10 	mrs	ip, PRIMASK
100010de:	b672      	cpsid	i
100010e0:	4a27      	ldr	r2, [pc, #156]	; (10001180 <irq_add_tail_to_free_list+0xb0>)
100010e2:	6813      	ldr	r3, [r2, #0]
100010e4:	2b00      	cmp	r3, #0
100010e6:	d0fc      	beq.n	100010e2 <irq_add_tail_to_free_list+0x12>
100010e8:	f3bf 8f5f 	dmb	sy
100010ec:	4a25      	ldr	r2, [pc, #148]	; (10001184 <irq_add_tail_to_free_list+0xb4>)
100010ee:	0005      	movs	r5, r0
100010f0:	4b25      	ldr	r3, [pc, #148]	; (10001188 <irq_add_tail_to_free_list+0xb8>)
100010f2:	1aad      	subs	r5, r5, r2
100010f4:	416d      	adcs	r5, r5
100010f6:	436b      	muls	r3, r5
100010f8:	0d1b      	lsrs	r3, r3, #20
100010fa:	4d24      	ldr	r5, [pc, #144]	; (1000118c <irq_add_tail_to_free_list+0xbc>)
100010fc:	0089      	lsls	r1, r1, #2
100010fe:	68ae      	ldr	r6, [r5, #8]
10001100:	b25b      	sxtb	r3, r3
10001102:	5876      	ldr	r6, [r6, r1]
10001104:	42a6      	cmp	r6, r4
10001106:	d024      	beq.n	10001152 <irq_add_tail_to_free_list+0x82>
10001108:	2106      	movs	r1, #6
1000110a:	5651      	ldrsb	r1, [r2, r1]
1000110c:	4299      	cmp	r1, r3
1000110e:	d024      	beq.n	1000115a <irq_add_tail_to_free_list+0x8a>
10001110:	2112      	movs	r1, #18
10001112:	5651      	ldrsb	r1, [r2, r1]
10001114:	4299      	cmp	r1, r3
10001116:	d02a      	beq.n	1000116e <irq_add_tail_to_free_list+0x9e>
10001118:	211e      	movs	r1, #30
1000111a:	5651      	ldrsb	r1, [r2, r1]
1000111c:	4299      	cmp	r1, r3
1000111e:	d028      	beq.n	10001172 <irq_add_tail_to_free_list+0xa2>
10001120:	212a      	movs	r1, #42	; 0x2a
10001122:	5651      	ldrsb	r1, [r2, r1]
10001124:	4299      	cmp	r1, r3
10001126:	d026      	beq.n	10001176 <irq_add_tail_to_free_list+0xa6>
10001128:	2136      	movs	r1, #54	; 0x36
1000112a:	5651      	ldrsb	r1, [r2, r1]
1000112c:	4299      	cmp	r1, r3
1000112e:	d024      	beq.n	1000117a <irq_add_tail_to_free_list+0xaa>
10001130:	2142      	movs	r1, #66	; 0x42
10001132:	5651      	ldrsb	r1, [r2, r1]
10001134:	2405      	movs	r4, #5
10001136:	4299      	cmp	r1, r3
10001138:	d010      	beq.n	1000115c <irq_add_tail_to_free_list+0x8c>
1000113a:	4a15      	ldr	r2, [pc, #84]	; (10001190 <irq_add_tail_to_free_list+0xc0>)
1000113c:	7811      	ldrb	r1, [r2, #0]
1000113e:	7013      	strb	r3, [r2, #0]
10001140:	7181      	strb	r1, [r0, #6]
10001142:	f3bf 8f5f 	dmb	sy
10001146:	2200      	movs	r2, #0
10001148:	4b0d      	ldr	r3, [pc, #52]	; (10001180 <irq_add_tail_to_free_list+0xb0>)
1000114a:	601a      	str	r2, [r3, #0]
1000114c:	f38c 8810 	msr	PRIMASK, ip
10001150:	bd70      	pop	{r4, r5, r6, pc}
10001152:	68aa      	ldr	r2, [r5, #8]
10001154:	4c0f      	ldr	r4, [pc, #60]	; (10001194 <irq_add_tail_to_free_list+0xc4>)
10001156:	5054      	str	r4, [r2, r1]
10001158:	e7ef      	b.n	1000113a <irq_add_tail_to_free_list+0x6a>
1000115a:	2400      	movs	r4, #0
1000115c:	0061      	lsls	r1, r4, #1
1000115e:	1909      	adds	r1, r1, r4
10001160:	0089      	lsls	r1, r1, #2
10001162:	1852      	adds	r2, r2, r1
10001164:	21ff      	movs	r1, #255	; 0xff
10001166:	7191      	strb	r1, [r2, #6]
10001168:	490b      	ldr	r1, [pc, #44]	; (10001198 <irq_add_tail_to_free_list+0xc8>)
1000116a:	8091      	strh	r1, [r2, #4]
1000116c:	e7e5      	b.n	1000113a <irq_add_tail_to_free_list+0x6a>
1000116e:	2401      	movs	r4, #1
10001170:	e7f4      	b.n	1000115c <irq_add_tail_to_free_list+0x8c>
10001172:	2402      	movs	r4, #2
10001174:	e7f2      	b.n	1000115c <irq_add_tail_to_free_list+0x8c>
10001176:	2403      	movs	r4, #3
10001178:	e7f0      	b.n	1000115c <irq_add_tail_to_free_list+0x8c>
1000117a:	2404      	movs	r4, #4
1000117c:	e7ee      	b.n	1000115c <irq_add_tail_to_free_list+0x8c>
1000117e:	46c0      	nop			; (mov r8, r8)
10001180:	d0000124 	.word	0xd0000124
10001184:	20000fcc 	.word	0x20000fcc
10001188:	0000aaaa 	.word	0x0000aaaa
1000118c:	e000ed00 	.word	0xe000ed00
10001190:	20001cd9 	.word	0x20001cd9
10001194:	100001c1 	.word	0x100001c1
10001198:	ffffbd01 	.word	0xffffbd01

1000119c <user_irq_claim_unused>:
1000119c:	b500      	push	{lr}
1000119e:	4b07      	ldr	r3, [pc, #28]	; (100011bc <user_irq_claim_unused+0x20>)
100011a0:	b083      	sub	sp, #12
100011a2:	0001      	movs	r1, r0
100011a4:	9300      	str	r3, [sp, #0]
100011a6:	2200      	movs	r2, #0
100011a8:	2305      	movs	r3, #5
100011aa:	4805      	ldr	r0, [pc, #20]	; (100011c0 <user_irq_claim_unused+0x24>)
100011ac:	f7ff fcea 	bl	10000b84 <hw_claim_unused_from_range>
100011b0:	2800      	cmp	r0, #0
100011b2:	db01      	blt.n	100011b8 <user_irq_claim_unused+0x1c>
100011b4:	231f      	movs	r3, #31
100011b6:	1a18      	subs	r0, r3, r0
100011b8:	b003      	add	sp, #12
100011ba:	bd00      	pop	{pc}
100011bc:	10006da4 	.word	0x10006da4
100011c0:	20001cdd 	.word	0x20001cdd

100011c4 <lock_init>:
100011c4:	4b02      	ldr	r3, [pc, #8]	; (100011d0 <lock_init+0xc>)
100011c6:	469c      	mov	ip, r3
100011c8:	4461      	add	r1, ip
100011ca:	0089      	lsls	r1, r1, #2
100011cc:	6001      	str	r1, [r0, #0]
100011ce:	4770      	bx	lr
100011d0:	34000040 	.word	0x34000040

100011d4 <runtime_init_mutex>:
100011d4:	b5f8      	push	{r3, r4, r5, r6, r7, lr}
100011d6:	4d13      	ldr	r5, [pc, #76]	; (10001224 <runtime_init_mutex+0x50>)
100011d8:	4e13      	ldr	r6, [pc, #76]	; (10001228 <runtime_init_mutex+0x54>)
100011da:	002c      	movs	r4, r5
100011dc:	27ff      	movs	r7, #255	; 0xff
100011de:	42b5      	cmp	r5, r6
100011e0:	d21e      	bcs.n	10001220 <runtime_init_mutex+0x4c>
100011e2:	6823      	ldr	r3, [r4, #0]
100011e4:	2b00      	cmp	r3, #0
100011e6:	d00f      	beq.n	10001208 <runtime_init_mutex+0x34>
100011e8:	f7ff fd1a 	bl	10000c20 <next_striped_spin_lock_num>
100011ec:	0001      	movs	r1, r0
100011ee:	0028      	movs	r0, r5
100011f0:	f7ff ffe8 	bl	100011c4 <lock_init>
100011f4:	80a7      	strh	r7, [r4, #4]
100011f6:	f3bf 8f5f 	dmb	sy
100011fa:	3408      	adds	r4, #8
100011fc:	42b4      	cmp	r4, r6
100011fe:	d20f      	bcs.n	10001220 <runtime_init_mutex+0x4c>
10001200:	6823      	ldr	r3, [r4, #0]
10001202:	0025      	movs	r5, r4
10001204:	2b00      	cmp	r3, #0
10001206:	d1ef      	bne.n	100011e8 <runtime_init_mutex+0x14>
10001208:	f7ff fd0a 	bl	10000c20 <next_striped_spin_lock_num>
1000120c:	0001      	movs	r1, r0
1000120e:	0028      	movs	r0, r5
10001210:	f7ff ffd8 	bl	100011c4 <lock_init>
10001214:	7127      	strb	r7, [r4, #4]
10001216:	f3bf 8f5f 	dmb	sy
1000121a:	3408      	adds	r4, #8
1000121c:	42b4      	cmp	r4, r6
1000121e:	d3ef      	bcc.n	10001200 <runtime_init_mutex+0x2c>
10001220:	bdf8      	pop	{r3, r4, r5, r6, r7, pc}
10001222:	46c0      	nop			; (mov r8, r8)
10001224:	200010a8 	.word	0x200010a8
10001228:	200010b0 	.word	0x200010b0

1000122c <mutex_init>:
1000122c:	b510      	push	{r4, lr}
1000122e:	0004      	movs	r4, r0
10001230:	f7ff fcf6 	bl	10000c20 <next_striped_spin_lock_num>
10001234:	0001      	movs	r1, r0
10001236:	0020      	movs	r0, r4
10001238:	f7ff ffc4 	bl	100011c4 <lock_init>
1000123c:	23ff      	movs	r3, #255	; 0xff
1000123e:	7123      	strb	r3, [r4, #4]
10001240:	f3bf 8f5f 	dmb	sy
10001244:	bd10      	pop	{r4, pc}
10001246:	46c0      	nop			; (mov r8, r8)

10001248 <critical_section_init>:
10001248:	b510      	push	{r4, lr}
1000124a:	0004      	movs	r4, r0
1000124c:	2001      	movs	r0, #1
1000124e:	f7ff fcf3 	bl	10000c38 <spin_lock_claim_unused>
10001252:	4b04      	ldr	r3, [pc, #16]	; (10001264 <critical_section_init+0x1c>)
10001254:	469c      	mov	ip, r3
10001256:	4460      	add	r0, ip
10001258:	0080      	lsls	r0, r0, #2
1000125a:	6020      	str	r0, [r4, #0]
1000125c:	f3bf 8f5f 	dmb	sy
10001260:	bd10      	pop	{r4, pc}
10001262:	46c0      	nop			; (mov r8, r8)
10001264:	34000040 	.word	0x34000040

10001268 <critical_section_init_with_lock_num>:
10001268:	4b03      	ldr	r3, [pc, #12]	; (10001278 <critical_section_init_with_lock_num+0x10>)
1000126a:	469c      	mov	ip, r3
1000126c:	4461      	add	r1, ip
1000126e:	0089      	lsls	r1, r1, #2
10001270:	6001      	str	r1, [r0, #0]
10001272:	f3bf 8f5f 	dmb	sy
10001276:	4770      	bx	lr
10001278:	34000040 	.word	0x34000040

1000127c <sleep_until_callback>:
1000127c:	4b0a      	ldr	r3, [pc, #40]	; (100012a8 <sleep_until_callback+0x2c>)
1000127e:	6819      	ldr	r1, [r3, #0]
10001280:	f3ef 8010 	mrs	r0, PRIMASK
10001284:	b672      	cpsid	i
10001286:	680a      	ldr	r2, [r1, #0]
10001288:	2a00      	cmp	r2, #0
1000128a:	d0fc      	beq.n	10001286 <sleep_until_callback+0xa>
1000128c:	f3bf 8f5f 	dmb	sy
10001290:	681b      	ldr	r3, [r3, #0]
10001292:	f3bf 8f5f 	dmb	sy
10001296:	2200      	movs	r2, #0
10001298:	601a      	str	r2, [r3, #0]
1000129a:	f380 8810 	msr	PRIMASK, r0
1000129e:	bf40      	sev
100012a0:	2000      	movs	r0, #0
100012a2:	2100      	movs	r1, #0
100012a4:	4770      	bx	lr
100012a6:	46c0      	nop			; (mov r8, r8)
100012a8:	20001cb8 	.word	0x20001cb8

100012ac <alarm_pool_irq_handler>:
100012ac:	b5f0      	push	{r4, r5, r6, r7, lr}
100012ae:	46de      	mov	lr, fp
100012b0:	4657      	mov	r7, sl
100012b2:	464e      	mov	r6, r9
100012b4:	4645      	mov	r5, r8
100012b6:	b5e0      	push	{r5, r6, r7, lr}
100012b8:	b085      	sub	sp, #20
100012ba:	f3ef 8205 	mrs	r2, IPSR
100012be:	2303      	movs	r3, #3
100012c0:	4013      	ands	r3, r2
100012c2:	009a      	lsls	r2, r3, #2
100012c4:	0011      	movs	r1, r2
100012c6:	9203      	str	r2, [sp, #12]
100012c8:	4ab6      	ldr	r2, [pc, #728]	; (100015a4 <alarm_pool_irq_handler+0x2f8>)
100012ca:	5852      	ldr	r2, [r2, r1]
100012cc:	4690      	mov	r8, r2
100012ce:	2201      	movs	r2, #1
100012d0:	409a      	lsls	r2, r3
100012d2:	4691      	mov	r9, r2
100012d4:	4bb4      	ldr	r3, [pc, #720]	; (100015a8 <alarm_pool_irq_handler+0x2fc>)
100012d6:	601a      	str	r2, [r3, #0]
100012d8:	464b      	mov	r3, r9
100012da:	48b4      	ldr	r0, [pc, #720]	; (100015ac <alarm_pool_irq_handler+0x300>)
100012dc:	6343      	str	r3, [r0, #52]	; 0x34
100012de:	4643      	mov	r3, r8
100012e0:	2208      	movs	r2, #8
100012e2:	5e9b      	ldrsh	r3, [r3, r2]
100012e4:	469a      	mov	sl, r3
100012e6:	2b00      	cmp	r3, #0
100012e8:	da3d      	bge.n	10001366 <alarm_pool_irq_handler+0xba>
100012ea:	4643      	mov	r3, r8
100012ec:	889b      	ldrh	r3, [r3, #4]
100012ee:	b21b      	sxth	r3, r3
100012f0:	2b00      	cmp	r3, #0
100012f2:	db00      	blt.n	100012f6 <alarm_pool_irq_handler+0x4a>
100012f4:	e0a1      	b.n	1000143a <alarm_pool_irq_handler+0x18e>
100012f6:	4643      	mov	r3, r8
100012f8:	799b      	ldrb	r3, [r3, #6]
100012fa:	2b00      	cmp	r3, #0
100012fc:	d000      	beq.n	10001300 <alarm_pool_irq_handler+0x54>
100012fe:	e0f3      	b.n	100014e8 <alarm_pool_irq_handler+0x23c>
10001300:	4643      	mov	r3, r8
10001302:	2408      	movs	r4, #8
10001304:	5f1c      	ldrsh	r4, [r3, r4]
10001306:	2c00      	cmp	r4, #0
10001308:	db23      	blt.n	10001352 <alarm_pool_irq_handler+0xa6>
1000130a:	4642      	mov	r2, r8
1000130c:	6952      	ldr	r2, [r2, #20]
1000130e:	0063      	lsls	r3, r4, #1
10001310:	4694      	mov	ip, r2
10001312:	191b      	adds	r3, r3, r4
10001314:	00db      	lsls	r3, r3, #3
10001316:	4463      	add	r3, ip
10001318:	689c      	ldr	r4, [r3, #8]
1000131a:	68dd      	ldr	r5, [r3, #12]
1000131c:	1c63      	adds	r3, r4, #1
1000131e:	d100      	bne.n	10001322 <alarm_pool_irq_handler+0x76>
10001320:	e10f      	b.n	10001542 <alarm_pool_irq_handler+0x296>
10001322:	48a2      	ldr	r0, [pc, #648]	; (100015ac <alarm_pool_irq_handler+0x300>)
10001324:	9903      	ldr	r1, [sp, #12]
10001326:	4684      	mov	ip, r0
10001328:	4461      	add	r1, ip
1000132a:	6a82      	ldr	r2, [r0, #40]	; 0x28
1000132c:	690b      	ldr	r3, [r1, #16]
1000132e:	1aa6      	subs	r6, r4, r2
10001330:	1a9b      	subs	r3, r3, r2
10001332:	429e      	cmp	r6, r3
10001334:	d315      	bcc.n	10001362 <alarm_pool_irq_handler+0xb6>
10001336:	464a      	mov	r2, r9
10001338:	6a03      	ldr	r3, [r0, #32]
1000133a:	421a      	tst	r2, r3
1000133c:	d011      	beq.n	10001362 <alarm_pool_irq_handler+0xb6>
1000133e:	489b      	ldr	r0, [pc, #620]	; (100015ac <alarm_pool_irq_handler+0x300>)
10001340:	f000 fbc0 	bl	10001ac4 <timer_time_us_64>
10001344:	1a24      	subs	r4, r4, r0
10001346:	418d      	sbcs	r5, r1
10001348:	2d00      	cmp	r5, #0
1000134a:	dc02      	bgt.n	10001352 <alarm_pool_irq_handler+0xa6>
1000134c:	d1c4      	bne.n	100012d8 <alarm_pool_irq_handler+0x2c>
1000134e:	2c00      	cmp	r4, #0
10001350:	d0c2      	beq.n	100012d8 <alarm_pool_irq_handler+0x2c>
10001352:	bf40      	sev
10001354:	b005      	add	sp, #20
10001356:	bcf0      	pop	{r4, r5, r6, r7}
10001358:	46bb      	mov	fp, r7
1000135a:	46b2      	mov	sl, r6
1000135c:	46a9      	mov	r9, r5
1000135e:	46a0      	mov	r8, r4
10001360:	bdf0      	pop	{r4, r5, r6, r7, pc}
10001362:	610c      	str	r4, [r1, #16]
10001364:	e7eb      	b.n	1000133e <alarm_pool_irq_handler+0x92>
10001366:	4642      	mov	r2, r8
10001368:	6952      	ldr	r2, [r2, #20]
1000136a:	005b      	lsls	r3, r3, #1
1000136c:	4693      	mov	fp, r2
1000136e:	4453      	add	r3, sl
10001370:	00db      	lsls	r3, r3, #3
10001372:	449b      	add	fp, r3
10001374:	465b      	mov	r3, fp
10001376:	689e      	ldr	r6, [r3, #8]
10001378:	68df      	ldr	r7, [r3, #12]
1000137a:	f000 fba3 	bl	10001ac4 <timer_time_us_64>
1000137e:	1b80      	subs	r0, r0, r6
10001380:	41b9      	sbcs	r1, r7
10001382:	2900      	cmp	r1, #0
10001384:	dbb1      	blt.n	100012ea <alarm_pool_irq_handler+0x3e>
10001386:	2f00      	cmp	r7, #0
10001388:	da00      	bge.n	1000138c <alarm_pool_irq_handler+0xe0>
1000138a:	e0e5      	b.n	10001558 <alarm_pool_irq_handler+0x2ac>
1000138c:	465b      	mov	r3, fp
1000138e:	4a88      	ldr	r2, [pc, #544]	; (100015b0 <alarm_pool_irq_handler+0x304>)
10001390:	691b      	ldr	r3, [r3, #16]
10001392:	4293      	cmp	r3, r2
10001394:	d100      	bne.n	10001398 <alarm_pool_irq_handler+0xec>
10001396:	e0d8      	b.n	1000154a <alarm_pool_irq_handler+0x29e>
10001398:	4641      	mov	r1, r8
1000139a:	465a      	mov	r2, fp
1000139c:	2008      	movs	r0, #8
1000139e:	5e08      	ldrsh	r0, [r1, r0]
100013a0:	8852      	ldrh	r2, [r2, #2]
100013a2:	0400      	lsls	r0, r0, #16
100013a4:	4310      	orrs	r0, r2
100013a6:	465a      	mov	r2, fp
100013a8:	6951      	ldr	r1, [r2, #20]
100013aa:	4798      	blx	r3
100013ac:	0004      	movs	r4, r0
100013ae:	000d      	movs	r5, r1
100013b0:	0023      	movs	r3, r4
100013b2:	432b      	orrs	r3, r5
100013b4:	d100      	bne.n	100013b8 <alarm_pool_irq_handler+0x10c>
100013b6:	e0cf      	b.n	10001558 <alarm_pool_irq_handler+0x2ac>
100013b8:	2d00      	cmp	r5, #0
100013ba:	db00      	blt.n	100013be <alarm_pool_irq_handler+0x112>
100013bc:	e0e8      	b.n	10001590 <alarm_pool_irq_handler+0x2e4>
100013be:	1b36      	subs	r6, r6, r4
100013c0:	41af      	sbcs	r7, r5
100013c2:	0034      	movs	r4, r6
100013c4:	003d      	movs	r5, r7
100013c6:	465b      	mov	r3, fp
100013c8:	609c      	str	r4, [r3, #8]
100013ca:	60dd      	str	r5, [r3, #12]
100013cc:	2100      	movs	r1, #0
100013ce:	5e59      	ldrsh	r1, [r3, r1]
100013d0:	2900      	cmp	r1, #0
100013d2:	da00      	bge.n	100013d6 <alarm_pool_irq_handler+0x12a>
100013d4:	e789      	b.n	100012ea <alarm_pool_irq_handler+0x3e>
100013d6:	4643      	mov	r3, r8
100013d8:	695b      	ldr	r3, [r3, #20]
100013da:	0022      	movs	r2, r4
100013dc:	469c      	mov	ip, r3
100013de:	002b      	movs	r3, r5
100013e0:	0048      	lsls	r0, r1, #1
100013e2:	1840      	adds	r0, r0, r1
100013e4:	00c0      	lsls	r0, r0, #3
100013e6:	4460      	add	r0, ip
100013e8:	6886      	ldr	r6, [r0, #8]
100013ea:	68c7      	ldr	r7, [r0, #12]
100013ec:	1b92      	subs	r2, r2, r6
100013ee:	41bb      	sbcs	r3, r7
100013f0:	2b00      	cmp	r3, #0
100013f2:	da00      	bge.n	100013f6 <alarm_pool_irq_handler+0x14a>
100013f4:	e779      	b.n	100012ea <alarm_pool_irq_handler+0x3e>
100013f6:	4643      	mov	r3, r8
100013f8:	4666      	mov	r6, ip
100013fa:	0002      	movs	r2, r0
100013fc:	9400      	str	r4, [sp, #0]
100013fe:	9501      	str	r5, [sp, #4]
10001400:	8119      	strh	r1, [r3, #8]
10001402:	e00c      	b.n	1000141e <alarm_pool_irq_handler+0x172>
10001404:	007b      	lsls	r3, r7, #1
10001406:	19db      	adds	r3, r3, r7
10001408:	00db      	lsls	r3, r3, #3
1000140a:	18f3      	adds	r3, r6, r3
1000140c:	9800      	ldr	r0, [sp, #0]
1000140e:	9901      	ldr	r1, [sp, #4]
10001410:	689c      	ldr	r4, [r3, #8]
10001412:	68dd      	ldr	r5, [r3, #12]
10001414:	1b00      	subs	r0, r0, r4
10001416:	41a9      	sbcs	r1, r5
10001418:	2900      	cmp	r1, #0
1000141a:	db04      	blt.n	10001426 <alarm_pool_irq_handler+0x17a>
1000141c:	001a      	movs	r2, r3
1000141e:	2300      	movs	r3, #0
10001420:	5ed7      	ldrsh	r7, [r2, r3]
10001422:	2f00      	cmp	r7, #0
10001424:	daee      	bge.n	10001404 <alarm_pool_irq_handler+0x158>
10001426:	465b      	mov	r3, fp
10001428:	801f      	strh	r7, [r3, #0]
1000142a:	4653      	mov	r3, sl
1000142c:	8013      	strh	r3, [r2, #0]
1000142e:	4643      	mov	r3, r8
10001430:	889b      	ldrh	r3, [r3, #4]
10001432:	b21b      	sxth	r3, r3
10001434:	2b00      	cmp	r3, #0
10001436:	da00      	bge.n	1000143a <alarm_pool_irq_handler+0x18e>
10001438:	e75d      	b.n	100012f6 <alarm_pool_irq_handler+0x4a>
1000143a:	4643      	mov	r3, r8
1000143c:	691a      	ldr	r2, [r3, #16]
1000143e:	f3ef 8110 	mrs	r1, PRIMASK
10001442:	b672      	cpsid	i
10001444:	6813      	ldr	r3, [r2, #0]
10001446:	2b00      	cmp	r3, #0
10001448:	d0fc      	beq.n	10001444 <alarm_pool_irq_handler+0x198>
1000144a:	f3bf 8f5f 	dmb	sy
1000144e:	4643      	mov	r3, r8
10001450:	889b      	ldrh	r3, [r3, #4]
10001452:	4642      	mov	r2, r8
10001454:	b21b      	sxth	r3, r3
10001456:	469a      	mov	sl, r3
10001458:	2301      	movs	r3, #1
1000145a:	425b      	negs	r3, r3
1000145c:	8093      	strh	r3, [r2, #4]
1000145e:	6913      	ldr	r3, [r2, #16]
10001460:	f3bf 8f5f 	dmb	sy
10001464:	2200      	movs	r2, #0
10001466:	601a      	str	r2, [r3, #0]
10001468:	f381 8810 	msr	PRIMASK, r1
1000146c:	4653      	mov	r3, sl
1000146e:	2b00      	cmp	r3, #0
10001470:	da00      	bge.n	10001474 <alarm_pool_irq_handler+0x1c8>
10001472:	e740      	b.n	100012f6 <alarm_pool_irq_handler+0x4a>
10001474:	4643      	mov	r3, r8
10001476:	695b      	ldr	r3, [r3, #20]
10001478:	469c      	mov	ip, r3
1000147a:	2308      	movs	r3, #8
1000147c:	4443      	add	r3, r8
1000147e:	469b      	mov	fp, r3
10001480:	4653      	mov	r3, sl
10001482:	005f      	lsls	r7, r3, #1
10001484:	4643      	mov	r3, r8
10001486:	4457      	add	r7, sl
10001488:	00ff      	lsls	r7, r7, #3
1000148a:	2208      	movs	r2, #8
1000148c:	5e9a      	ldrsh	r2, [r3, r2]
1000148e:	4467      	add	r7, ip
10001490:	465e      	mov	r6, fp
10001492:	68bc      	ldr	r4, [r7, #8]
10001494:	68fd      	ldr	r5, [r7, #12]
10001496:	2a00      	cmp	r2, #0
10001498:	db19      	blt.n	100014ce <alarm_pool_irq_handler+0x222>
1000149a:	003b      	movs	r3, r7
1000149c:	9400      	str	r4, [sp, #0]
1000149e:	9501      	str	r5, [sp, #4]
100014a0:	4667      	mov	r7, ip
100014a2:	469c      	mov	ip, r3
100014a4:	e004      	b.n	100014b0 <alarm_pool_irq_handler+0x204>
100014a6:	001e      	movs	r6, r3
100014a8:	2300      	movs	r3, #0
100014aa:	5ef2      	ldrsh	r2, [r6, r3]
100014ac:	2a00      	cmp	r2, #0
100014ae:	db0b      	blt.n	100014c8 <alarm_pool_irq_handler+0x21c>
100014b0:	9800      	ldr	r0, [sp, #0]
100014b2:	9901      	ldr	r1, [sp, #4]
100014b4:	0053      	lsls	r3, r2, #1
100014b6:	189b      	adds	r3, r3, r2
100014b8:	00db      	lsls	r3, r3, #3
100014ba:	18fb      	adds	r3, r7, r3
100014bc:	689c      	ldr	r4, [r3, #8]
100014be:	68dd      	ldr	r5, [r3, #12]
100014c0:	1b00      	subs	r0, r0, r4
100014c2:	41a9      	sbcs	r1, r5
100014c4:	2900      	cmp	r1, #0
100014c6:	daee      	bge.n	100014a6 <alarm_pool_irq_handler+0x1fa>
100014c8:	4663      	mov	r3, ip
100014ca:	46bc      	mov	ip, r7
100014cc:	001f      	movs	r7, r3
100014ce:	4653      	mov	r3, sl
100014d0:	8033      	strh	r3, [r6, #0]
100014d2:	2100      	movs	r1, #0
100014d4:	5e7b      	ldrsh	r3, [r7, r1]
100014d6:	803a      	strh	r2, [r7, #0]
100014d8:	469a      	mov	sl, r3
100014da:	2b00      	cmp	r3, #0
100014dc:	dad0      	bge.n	10001480 <alarm_pool_irq_handler+0x1d4>
100014de:	4643      	mov	r3, r8
100014e0:	799b      	ldrb	r3, [r3, #6]
100014e2:	2b00      	cmp	r3, #0
100014e4:	d100      	bne.n	100014e8 <alarm_pool_irq_handler+0x23c>
100014e6:	e70b      	b.n	10001300 <alarm_pool_irq_handler+0x54>
100014e8:	2300      	movs	r3, #0
100014ea:	4642      	mov	r2, r8
100014ec:	7193      	strb	r3, [r2, #6]
100014ee:	4643      	mov	r3, r8
100014f0:	4646      	mov	r6, r8
100014f2:	2108      	movs	r1, #8
100014f4:	5e59      	ldrsh	r1, [r3, r1]
100014f6:	3608      	adds	r6, #8
100014f8:	1c4b      	adds	r3, r1, #1
100014fa:	d100      	bne.n	100014fe <alarm_pool_irq_handler+0x252>
100014fc:	e729      	b.n	10001352 <alarm_pool_irq_handler+0xa6>
100014fe:	4647      	mov	r7, r8
10001500:	468c      	mov	ip, r1
10001502:	6955      	ldr	r5, [r2, #20]
10001504:	e002      	b.n	1000150c <alarm_pool_irq_handler+0x260>
10001506:	0006      	movs	r6, r0
10001508:	1c4b      	adds	r3, r1, #1
1000150a:	d017      	beq.n	1000153c <alarm_pool_irq_handler+0x290>
1000150c:	004b      	lsls	r3, r1, #1
1000150e:	185b      	adds	r3, r3, r1
10001510:	00db      	lsls	r3, r3, #3
10001512:	18e8      	adds	r0, r5, r3
10001514:	000a      	movs	r2, r1
10001516:	5ee9      	ldrsh	r1, [r5, r3]
10001518:	8843      	ldrh	r3, [r0, #2]
1000151a:	b21b      	sxth	r3, r3
1000151c:	2b00      	cmp	r3, #0
1000151e:	daf2      	bge.n	10001506 <alarm_pool_irq_handler+0x25a>
10001520:	2301      	movs	r3, #1
10001522:	425b      	negs	r3, r3
10001524:	17dc      	asrs	r4, r3, #31
10001526:	6083      	str	r3, [r0, #8]
10001528:	60c4      	str	r4, [r0, #12]
1000152a:	4562      	cmp	r2, ip
1000152c:	d0ec      	beq.n	10001508 <alarm_pool_irq_handler+0x25c>
1000152e:	8031      	strh	r1, [r6, #0]
10001530:	893b      	ldrh	r3, [r7, #8]
10001532:	4694      	mov	ip, r2
10001534:	8003      	strh	r3, [r0, #0]
10001536:	813a      	strh	r2, [r7, #8]
10001538:	1c4b      	adds	r3, r1, #1
1000153a:	d1e7      	bne.n	1000150c <alarm_pool_irq_handler+0x260>
1000153c:	46b8      	mov	r8, r7
1000153e:	4664      	mov	r4, ip
10001540:	e6e1      	b.n	10001306 <alarm_pool_irq_handler+0x5a>
10001542:	1c6b      	adds	r3, r5, #1
10001544:	d000      	beq.n	10001548 <alarm_pool_irq_handler+0x29c>
10001546:	e6ec      	b.n	10001322 <alarm_pool_irq_handler+0x76>
10001548:	e6f9      	b.n	1000133e <alarm_pool_irq_handler+0x92>
1000154a:	465b      	mov	r3, fp
1000154c:	695c      	ldr	r4, [r3, #20]
1000154e:	0020      	movs	r0, r4
10001550:	6923      	ldr	r3, [r4, #16]
10001552:	4798      	blx	r3
10001554:	2800      	cmp	r0, #0
10001556:	d121      	bne.n	1000159c <alarm_pool_irq_handler+0x2f0>
10001558:	465b      	mov	r3, fp
1000155a:	4642      	mov	r2, r8
1000155c:	881b      	ldrh	r3, [r3, #0]
1000155e:	8113      	strh	r3, [r2, #8]
10001560:	6912      	ldr	r2, [r2, #16]
10001562:	f3ef 8310 	mrs	r3, PRIMASK
10001566:	b672      	cpsid	i
10001568:	6811      	ldr	r1, [r2, #0]
1000156a:	2900      	cmp	r1, #0
1000156c:	d0fc      	beq.n	10001568 <alarm_pool_irq_handler+0x2bc>
1000156e:	f3bf 8f5f 	dmb	sy
10001572:	4642      	mov	r2, r8
10001574:	4659      	mov	r1, fp
10001576:	8852      	ldrh	r2, [r2, #2]
10001578:	800a      	strh	r2, [r1, #0]
1000157a:	4642      	mov	r2, r8
1000157c:	4651      	mov	r1, sl
1000157e:	8051      	strh	r1, [r2, #2]
10001580:	6912      	ldr	r2, [r2, #16]
10001582:	f3bf 8f5f 	dmb	sy
10001586:	2100      	movs	r1, #0
10001588:	6011      	str	r1, [r2, #0]
1000158a:	f383 8810 	msr	PRIMASK, r3
1000158e:	e6ac      	b.n	100012ea <alarm_pool_irq_handler+0x3e>
10001590:	4806      	ldr	r0, [pc, #24]	; (100015ac <alarm_pool_irq_handler+0x300>)
10001592:	f000 fa97 	bl	10001ac4 <timer_time_us_64>
10001596:	1824      	adds	r4, r4, r0
10001598:	414d      	adcs	r5, r1
1000159a:	e714      	b.n	100013c6 <alarm_pool_irq_handler+0x11a>
1000159c:	6865      	ldr	r5, [r4, #4]
1000159e:	6824      	ldr	r4, [r4, #0]
100015a0:	e706      	b.n	100013b0 <alarm_pool_irq_handler+0x104>
100015a2:	46c0      	nop			; (mov r8, r8)
100015a4:	20001c90 	.word	0x20001c90
100015a8:	4005703c 	.word	0x4005703c
100015ac:	40054000 	.word	0x40054000
100015b0:	100012ad 	.word	0x100012ad

100015b4 <runtime_init_default_alarm_pool>:
100015b4:	b570      	push	{r4, r5, r6, lr}
100015b6:	4c2e      	ldr	r4, [pc, #184]	; (10001670 <runtime_init_default_alarm_pool+0xbc>)
100015b8:	6925      	ldr	r5, [r4, #16]
100015ba:	2d00      	cmp	r5, #0
100015bc:	d004      	beq.n	100015c8 <runtime_init_default_alarm_pool+0x14>
100015be:	210a      	movs	r1, #10
100015c0:	482c      	ldr	r0, [pc, #176]	; (10001674 <runtime_init_default_alarm_pool+0xc0>)
100015c2:	f7ff fdff 	bl	100011c4 <lock_init>
100015c6:	bd70      	pop	{r4, r5, r6, pc}
100015c8:	4e2b      	ldr	r6, [pc, #172]	; (10001678 <runtime_init_default_alarm_pool+0xc4>)
100015ca:	2103      	movs	r1, #3
100015cc:	0030      	movs	r0, r6
100015ce:	f000 fa6f 	bl	10001ab0 <timer_hardware_alarm_claim>
100015d2:	60e6      	str	r6, [r4, #12]
100015d4:	f7ff fb24 	bl	10000c20 <next_striped_spin_lock_num>
100015d8:	4b28      	ldr	r3, [pc, #160]	; (1000167c <runtime_init_default_alarm_pool+0xc8>)
100015da:	2203      	movs	r2, #3
100015dc:	469c      	mov	ip, r3
100015de:	23d0      	movs	r3, #208	; 0xd0
100015e0:	7022      	strb	r2, [r4, #0]
100015e2:	061b      	lsls	r3, r3, #24
100015e4:	681b      	ldr	r3, [r3, #0]
100015e6:	2101      	movs	r1, #1
100015e8:	7063      	strb	r3, [r4, #1]
100015ea:	4b25      	ldr	r3, [pc, #148]	; (10001680 <runtime_init_default_alarm_pool+0xcc>)
100015ec:	4460      	add	r0, ip
100015ee:	60a3      	str	r3, [r4, #8]
100015f0:	230f      	movs	r3, #15
100015f2:	0080      	lsls	r0, r0, #2
100015f4:	6120      	str	r0, [r4, #16]
100015f6:	2002      	movs	r0, #2
100015f8:	8063      	strh	r3, [r4, #2]
100015fa:	6963      	ldr	r3, [r4, #20]
100015fc:	4249      	negs	r1, r1
100015fe:	80a1      	strh	r1, [r4, #4]
10001600:	8019      	strh	r1, [r3, #0]
10001602:	3102      	adds	r1, #2
10001604:	8619      	strh	r1, [r3, #48]	; 0x30
10001606:	3147      	adds	r1, #71	; 0x47
10001608:	831d      	strh	r5, [r3, #24]
1000160a:	5258      	strh	r0, [r3, r1]
1000160c:	3118      	adds	r1, #24
1000160e:	525a      	strh	r2, [r3, r1]
10001610:	3275      	adds	r2, #117	; 0x75
10001612:	395c      	subs	r1, #92	; 0x5c
10001614:	5299      	strh	r1, [r3, r2]
10001616:	3218      	adds	r2, #24
10001618:	3101      	adds	r1, #1
1000161a:	5299      	strh	r1, [r3, r2]
1000161c:	3218      	adds	r2, #24
1000161e:	3101      	adds	r1, #1
10001620:	5299      	strh	r1, [r3, r2]
10001622:	3218      	adds	r2, #24
10001624:	3101      	adds	r1, #1
10001626:	5299      	strh	r1, [r3, r2]
10001628:	3508      	adds	r5, #8
1000162a:	3218      	adds	r2, #24
1000162c:	529d      	strh	r5, [r3, r2]
1000162e:	3102      	adds	r1, #2
10001630:	3218      	adds	r2, #24
10001632:	5299      	strh	r1, [r3, r2]
10001634:	3218      	adds	r2, #24
10001636:	3101      	adds	r1, #1
10001638:	5299      	strh	r1, [r3, r2]
1000163a:	3218      	adds	r2, #24
1000163c:	3101      	adds	r1, #1
1000163e:	5299      	strh	r1, [r3, r2]
10001640:	3218      	adds	r2, #24
10001642:	3101      	adds	r1, #1
10001644:	5299      	strh	r1, [r3, r2]
10001646:	3218      	adds	r2, #24
10001648:	3101      	adds	r1, #1
1000164a:	5299      	strh	r1, [r3, r2]
1000164c:	3218      	adds	r2, #24
1000164e:	3101      	adds	r1, #1
10001650:	5299      	strh	r1, [r3, r2]
10001652:	4b0c      	ldr	r3, [pc, #48]	; (10001684 <runtime_init_default_alarm_pool+0xd0>)
10001654:	490c      	ldr	r1, [pc, #48]	; (10001688 <runtime_init_default_alarm_pool+0xd4>)
10001656:	60dc      	str	r4, [r3, #12]
10001658:	3001      	adds	r0, #1
1000165a:	6235      	str	r5, [r6, #32]
1000165c:	f7ff fb54 	bl	10000d08 <irq_set_exclusive_handler>
10001660:	2101      	movs	r1, #1
10001662:	2003      	movs	r0, #3
10001664:	f7ff fb18 	bl	10000c98 <irq_set_enabled>
10001668:	4b08      	ldr	r3, [pc, #32]	; (1000168c <runtime_init_default_alarm_pool+0xd8>)
1000166a:	601d      	str	r5, [r3, #0]
1000166c:	e7a7      	b.n	100015be <runtime_init_default_alarm_pool+0xa>
1000166e:	46c0      	nop			; (mov r8, r8)
10001670:	2000102c 	.word	0x2000102c
10001674:	20001cb8 	.word	0x20001cb8
10001678:	40054000 	.word	0x40054000
1000167c:	34000040 	.word	0x34000040
10001680:	0010ffff 	.word	0x0010ffff
10001684:	20001c90 	.word	0x20001c90
10001688:	100012ad 	.word	0x100012ad
1000168c:	40056038 	.word	0x40056038

10001690 <alarm_pool_get_default>:
10001690:	4800      	ldr	r0, [pc, #0]	; (10001694 <alarm_pool_get_default+0x4>)
10001692:	4770      	bx	lr
10001694:	2000102c 	.word	0x2000102c

10001698 <alarm_pool_add_alarm_at>:
10001698:	b5f8      	push	{r3, r4, r5, r6, r7, lr}
1000169a:	001f      	movs	r7, r3
1000169c:	ab08      	add	r3, sp, #32
1000169e:	781b      	ldrb	r3, [r3, #0]
100016a0:	0004      	movs	r4, r0
100016a2:	0016      	movs	r6, r2
100016a4:	2b00      	cmp	r3, #0
100016a6:	d107      	bne.n	100016b8 <alarm_pool_add_alarm_at+0x20>
100016a8:	f000 fa14 	bl	10001ad4 <time_us_64>
100016ac:	0032      	movs	r2, r6
100016ae:	003b      	movs	r3, r7
100016b0:	1a12      	subs	r2, r2, r0
100016b2:	418b      	sbcs	r3, r1
100016b4:	2b00      	cmp	r3, #0
100016b6:	db4c      	blt.n	10001752 <alarm_pool_add_alarm_at+0xba>
100016b8:	6922      	ldr	r2, [r4, #16]
100016ba:	f3ef 8010 	mrs	r0, PRIMASK
100016be:	b672      	cpsid	i
100016c0:	6813      	ldr	r3, [r2, #0]
100016c2:	2b00      	cmp	r3, #0
100016c4:	d0fc      	beq.n	100016c0 <alarm_pool_add_alarm_at+0x28>
100016c6:	f3bf 8f5f 	dmb	sy
100016ca:	6962      	ldr	r2, [r4, #20]
100016cc:	2302      	movs	r3, #2
100016ce:	5ee1      	ldrsh	r1, [r4, r3]
100016d0:	4694      	mov	ip, r2
100016d2:	004b      	lsls	r3, r1, #1
100016d4:	185b      	adds	r3, r3, r1
100016d6:	00db      	lsls	r3, r3, #3
100016d8:	4463      	add	r3, ip
100016da:	2900      	cmp	r1, #0
100016dc:	db01      	blt.n	100016e2 <alarm_pool_add_alarm_at+0x4a>
100016de:	881a      	ldrh	r2, [r3, #0]
100016e0:	8062      	strh	r2, [r4, #2]
100016e2:	6922      	ldr	r2, [r4, #16]
100016e4:	f3bf 8f5f 	dmb	sy
100016e8:	2500      	movs	r5, #0
100016ea:	6015      	str	r5, [r2, #0]
100016ec:	f380 8810 	msr	PRIMASK, r0
100016f0:	2900      	cmp	r1, #0
100016f2:	db30      	blt.n	10001756 <alarm_pool_add_alarm_at+0xbe>
100016f4:	9a06      	ldr	r2, [sp, #24]
100016f6:	609e      	str	r6, [r3, #8]
100016f8:	60df      	str	r7, [r3, #12]
100016fa:	611a      	str	r2, [r3, #16]
100016fc:	9a07      	ldr	r2, [sp, #28]
100016fe:	615a      	str	r2, [r3, #20]
10001700:	885a      	ldrh	r2, [r3, #2]
10001702:	3201      	adds	r2, #1
10001704:	0452      	lsls	r2, r2, #17
10001706:	0c52      	lsrs	r2, r2, #17
10001708:	1c16      	adds	r6, r2, #0
1000170a:	2a00      	cmp	r2, #0
1000170c:	d01f      	beq.n	1000174e <alarm_pool_add_alarm_at+0xb6>
1000170e:	b2b0      	uxth	r0, r6
10001710:	040a      	lsls	r2, r1, #16
10001712:	805e      	strh	r6, [r3, #2]
10001714:	4310      	orrs	r0, r2
10001716:	6926      	ldr	r6, [r4, #16]
10001718:	f3ef 8510 	mrs	r5, PRIMASK
1000171c:	b672      	cpsid	i
1000171e:	6832      	ldr	r2, [r6, #0]
10001720:	2a00      	cmp	r2, #0
10001722:	d0fc      	beq.n	1000171e <alarm_pool_add_alarm_at+0x86>
10001724:	f3bf 8f5f 	dmb	sy
10001728:	88a2      	ldrh	r2, [r4, #4]
1000172a:	801a      	strh	r2, [r3, #0]
1000172c:	80a1      	strh	r1, [r4, #4]
1000172e:	6923      	ldr	r3, [r4, #16]
10001730:	f3bf 8f5f 	dmb	sy
10001734:	2200      	movs	r2, #0
10001736:	601a      	str	r2, [r3, #0]
10001738:	f385 8810 	msr	PRIMASK, r5
1000173c:	4907      	ldr	r1, [pc, #28]	; (1000175c <alarm_pool_add_alarm_at+0xc4>)
1000173e:	7823      	ldrb	r3, [r4, #0]
10001740:	468c      	mov	ip, r1
10001742:	3201      	adds	r2, #1
10001744:	409a      	lsls	r2, r3
10001746:	68e3      	ldr	r3, [r4, #12]
10001748:	4463      	add	r3, ip
1000174a:	601a      	str	r2, [r3, #0]
1000174c:	bdf8      	pop	{r3, r4, r5, r6, r7, pc}
1000174e:	2601      	movs	r6, #1
10001750:	e7dd      	b.n	1000170e <alarm_pool_add_alarm_at+0x76>
10001752:	2000      	movs	r0, #0
10001754:	e7fa      	b.n	1000174c <alarm_pool_add_alarm_at+0xb4>
10001756:	2001      	movs	r0, #1
10001758:	4240      	negs	r0, r0
1000175a:	e7f7      	b.n	1000174c <alarm_pool_add_alarm_at+0xb4>
1000175c:	0000203c 	.word	0x0000203c

10001760 <alarm_pool_add_alarm_at_force_in_context>:
10001760:	b570      	push	{r4, r5, r6, lr}
10001762:	46c6      	mov	lr, r8
10001764:	0001      	movs	r1, r0
10001766:	b500      	push	{lr}
10001768:	6904      	ldr	r4, [r0, #16]
1000176a:	f3ef 8c10 	mrs	ip, PRIMASK
1000176e:	b672      	cpsid	i
10001770:	6820      	ldr	r0, [r4, #0]
10001772:	2800      	cmp	r0, #0
10001774:	d0fc      	beq.n	10001770 <alarm_pool_add_alarm_at_force_in_context+0x10>
10001776:	f3bf 8f5f 	dmb	sy
1000177a:	2002      	movs	r0, #2
1000177c:	5e0d      	ldrsh	r5, [r1, r0]
1000177e:	6948      	ldr	r0, [r1, #20]
10001780:	006c      	lsls	r4, r5, #1
10001782:	4680      	mov	r8, r0
10001784:	1964      	adds	r4, r4, r5
10001786:	00e4      	lsls	r4, r4, #3
10001788:	4444      	add	r4, r8
1000178a:	2d00      	cmp	r5, #0
1000178c:	db01      	blt.n	10001792 <alarm_pool_add_alarm_at_force_in_context+0x32>
1000178e:	8820      	ldrh	r0, [r4, #0]
10001790:	8048      	strh	r0, [r1, #2]
10001792:	6908      	ldr	r0, [r1, #16]
10001794:	f3bf 8f5f 	dmb	sy
10001798:	2600      	movs	r6, #0
1000179a:	6006      	str	r6, [r0, #0]
1000179c:	f38c 8810 	msr	PRIMASK, ip
100017a0:	2d00      	cmp	r5, #0
100017a2:	db30      	blt.n	10001806 <alarm_pool_add_alarm_at_force_in_context+0xa6>
100017a4:	60e3      	str	r3, [r4, #12]
100017a6:	8863      	ldrh	r3, [r4, #2]
100017a8:	9805      	ldr	r0, [sp, #20]
100017aa:	3301      	adds	r3, #1
100017ac:	6120      	str	r0, [r4, #16]
100017ae:	045b      	lsls	r3, r3, #17
100017b0:	9806      	ldr	r0, [sp, #24]
100017b2:	0c5b      	lsrs	r3, r3, #17
100017b4:	60a2      	str	r2, [r4, #8]
100017b6:	6160      	str	r0, [r4, #20]
100017b8:	1c1a      	adds	r2, r3, #0
100017ba:	2b00      	cmp	r3, #0
100017bc:	d021      	beq.n	10001802 <alarm_pool_add_alarm_at_force_in_context+0xa2>
100017be:	b290      	uxth	r0, r2
100017c0:	042b      	lsls	r3, r5, #16
100017c2:	8062      	strh	r2, [r4, #2]
100017c4:	4318      	orrs	r0, r3
100017c6:	690a      	ldr	r2, [r1, #16]
100017c8:	f3ef 8610 	mrs	r6, PRIMASK
100017cc:	b672      	cpsid	i
100017ce:	6813      	ldr	r3, [r2, #0]
100017d0:	2b00      	cmp	r3, #0
100017d2:	d0fc      	beq.n	100017ce <alarm_pool_add_alarm_at_force_in_context+0x6e>
100017d4:	f3bf 8f5f 	dmb	sy
100017d8:	888b      	ldrh	r3, [r1, #4]
100017da:	8023      	strh	r3, [r4, #0]
100017dc:	808d      	strh	r5, [r1, #4]
100017de:	690b      	ldr	r3, [r1, #16]
100017e0:	f3bf 8f5f 	dmb	sy
100017e4:	2200      	movs	r2, #0
100017e6:	601a      	str	r2, [r3, #0]
100017e8:	f386 8810 	msr	PRIMASK, r6
100017ec:	780b      	ldrb	r3, [r1, #0]
100017ee:	3201      	adds	r2, #1
100017f0:	409a      	lsls	r2, r3
100017f2:	68cb      	ldr	r3, [r1, #12]
100017f4:	4905      	ldr	r1, [pc, #20]	; (1000180c <alarm_pool_add_alarm_at_force_in_context+0xac>)
100017f6:	468c      	mov	ip, r1
100017f8:	4463      	add	r3, ip
100017fa:	601a      	str	r2, [r3, #0]
100017fc:	bc40      	pop	{r6}
100017fe:	46b0      	mov	r8, r6
10001800:	bd70      	pop	{r4, r5, r6, pc}
10001802:	2201      	movs	r2, #1
10001804:	e7db      	b.n	100017be <alarm_pool_add_alarm_at_force_in_context+0x5e>
10001806:	2001      	movs	r0, #1
10001808:	4240      	negs	r0, r0
1000180a:	e7f7      	b.n	100017fc <alarm_pool_add_alarm_at_force_in_context+0x9c>
1000180c:	0000203c 	.word	0x0000203c

10001810 <alarm_pool_cancel_alarm>:
10001810:	b510      	push	{r4, lr}
10001812:	8943      	ldrh	r3, [r0, #10]
10001814:	140a      	asrs	r2, r1, #16
10001816:	4293      	cmp	r3, r2
10001818:	dd33      	ble.n	10001882 <alarm_pool_cancel_alarm+0x72>
1000181a:	0053      	lsls	r3, r2, #1
1000181c:	189b      	adds	r3, r3, r2
1000181e:	6942      	ldr	r2, [r0, #20]
10001820:	00db      	lsls	r3, r3, #3
10001822:	4694      	mov	ip, r2
10001824:	6904      	ldr	r4, [r0, #16]
10001826:	4463      	add	r3, ip
10001828:	f3ef 8c10 	mrs	ip, PRIMASK
1000182c:	b672      	cpsid	i
1000182e:	6822      	ldr	r2, [r4, #0]
10001830:	2a00      	cmp	r2, #0
10001832:	d0fc      	beq.n	1000182e <alarm_pool_cancel_alarm+0x1e>
10001834:	f3bf 8f5f 	dmb	sy
10001838:	885a      	ldrh	r2, [r3, #2]
1000183a:	0409      	lsls	r1, r1, #16
1000183c:	b294      	uxth	r4, r2
1000183e:	0c09      	lsrs	r1, r1, #16
10001840:	428a      	cmp	r2, r1
10001842:	d008      	beq.n	10001856 <alarm_pool_cancel_alarm+0x46>
10001844:	6903      	ldr	r3, [r0, #16]
10001846:	f3bf 8f5f 	dmb	sy
1000184a:	2200      	movs	r2, #0
1000184c:	601a      	str	r2, [r3, #0]
1000184e:	f38c 8810 	msr	PRIMASK, ip
10001852:	2000      	movs	r0, #0
10001854:	bd10      	pop	{r4, pc}
10001856:	2280      	movs	r2, #128	; 0x80
10001858:	0212      	lsls	r2, r2, #8
1000185a:	4314      	orrs	r4, r2
1000185c:	805c      	strh	r4, [r3, #2]
1000185e:	2301      	movs	r3, #1
10001860:	6902      	ldr	r2, [r0, #16]
10001862:	7183      	strb	r3, [r0, #6]
10001864:	f3bf 8f5f 	dmb	sy
10001868:	2100      	movs	r1, #0
1000186a:	6011      	str	r1, [r2, #0]
1000186c:	f38c 8810 	msr	PRIMASK, ip
10001870:	4905      	ldr	r1, [pc, #20]	; (10001888 <alarm_pool_cancel_alarm+0x78>)
10001872:	7802      	ldrb	r2, [r0, #0]
10001874:	468c      	mov	ip, r1
10001876:	4093      	lsls	r3, r2
10001878:	68c2      	ldr	r2, [r0, #12]
1000187a:	2001      	movs	r0, #1
1000187c:	4462      	add	r2, ip
1000187e:	6013      	str	r3, [r2, #0]
10001880:	e7e8      	b.n	10001854 <alarm_pool_cancel_alarm+0x44>
10001882:	2000      	movs	r0, #0
10001884:	e7e6      	b.n	10001854 <alarm_pool_cancel_alarm+0x44>
10001886:	46c0      	nop			; (mov r8, r8)
10001888:	0000203c 	.word	0x0000203c

1000188c <alarm_pool_core_num>:
1000188c:	7840      	ldrb	r0, [r0, #1]
1000188e:	4770      	bx	lr

10001890 <sleep_until>:
10001890:	b5f0      	push	{r4, r5, r6, r7, lr}
10001892:	0004      	movs	r4, r0
10001894:	000d      	movs	r5, r1
10001896:	2606      	movs	r6, #6
10001898:	4276      	negs	r6, r6
1000189a:	17f7      	asrs	r7, r6, #31
1000189c:	46c6      	mov	lr, r8
1000189e:	1936      	adds	r6, r6, r4
100018a0:	416f      	adcs	r7, r5
100018a2:	b500      	push	{lr}
100018a4:	b082      	sub	sp, #8
100018a6:	428f      	cmp	r7, r1
100018a8:	d814      	bhi.n	100018d4 <sleep_until+0x44>
100018aa:	d011      	beq.n	100018d0 <sleep_until+0x40>
100018ac:	f000 f912 	bl	10001ad4 <time_us_64>
100018b0:	0032      	movs	r2, r6
100018b2:	003b      	movs	r3, r7
100018b4:	1a12      	subs	r2, r2, r0
100018b6:	418b      	sbcs	r3, r1
100018b8:	2b00      	cmp	r3, #0
100018ba:	dc15      	bgt.n	100018e8 <sleep_until+0x58>
100018bc:	2b00      	cmp	r3, #0
100018be:	d044      	beq.n	1000194a <sleep_until+0xba>
100018c0:	0020      	movs	r0, r4
100018c2:	0029      	movs	r1, r5
100018c4:	f000 f910 	bl	10001ae8 <busy_wait_until>
100018c8:	b002      	add	sp, #8
100018ca:	bc80      	pop	{r7}
100018cc:	46b8      	mov	r8, r7
100018ce:	bdf0      	pop	{r4, r5, r6, r7, pc}
100018d0:	4286      	cmp	r6, r0
100018d2:	d9eb      	bls.n	100018ac <sleep_until+0x1c>
100018d4:	2600      	movs	r6, #0
100018d6:	2700      	movs	r7, #0
100018d8:	f000 f8fc 	bl	10001ad4 <time_us_64>
100018dc:	0032      	movs	r2, r6
100018de:	003b      	movs	r3, r7
100018e0:	1a12      	subs	r2, r2, r0
100018e2:	418b      	sbcs	r3, r1
100018e4:	2b00      	cmp	r3, #0
100018e6:	dde9      	ble.n	100018bc <sleep_until+0x2c>
100018e8:	f000 f8f4 	bl	10001ad4 <time_us_64>
100018ec:	0032      	movs	r2, r6
100018ee:	003b      	movs	r3, r7
100018f0:	1a12      	subs	r2, r2, r0
100018f2:	418b      	sbcs	r3, r1
100018f4:	2b00      	cmp	r3, #0
100018f6:	db0a      	blt.n	1000190e <sleep_until+0x7e>
100018f8:	2300      	movs	r3, #0
100018fa:	9301      	str	r3, [sp, #4]
100018fc:	4b14      	ldr	r3, [pc, #80]	; (10001950 <sleep_until+0xc0>)
100018fe:	0032      	movs	r2, r6
10001900:	9300      	str	r3, [sp, #0]
10001902:	4814      	ldr	r0, [pc, #80]	; (10001954 <sleep_until+0xc4>)
10001904:	003b      	movs	r3, r7
10001906:	f7ff ff2b 	bl	10001760 <alarm_pool_add_alarm_at_force_in_context>
1000190a:	2800      	cmp	r0, #0
1000190c:	dbd8      	blt.n	100018c0 <sleep_until+0x30>
1000190e:	46b0      	mov	r8, r6
10001910:	2600      	movs	r6, #0
10001912:	46bc      	mov	ip, r7
10001914:	4a10      	ldr	r2, [pc, #64]	; (10001958 <sleep_until+0xc8>)
10001916:	4f11      	ldr	r7, [pc, #68]	; (1000195c <sleep_until+0xcc>)
10001918:	6a7b      	ldr	r3, [r7, #36]	; 0x24
1000191a:	459c      	cmp	ip, r3
1000191c:	d804      	bhi.n	10001928 <sleep_until+0x98>
1000191e:	6ab9      	ldr	r1, [r7, #40]	; 0x28
10001920:	4588      	cmp	r8, r1
10001922:	d9cd      	bls.n	100018c0 <sleep_until+0x30>
10001924:	459c      	cmp	ip, r3
10001926:	d1cb      	bne.n	100018c0 <sleep_until+0x30>
10001928:	6811      	ldr	r1, [r2, #0]
1000192a:	f3ef 8010 	mrs	r0, PRIMASK
1000192e:	b672      	cpsid	i
10001930:	680b      	ldr	r3, [r1, #0]
10001932:	2b00      	cmp	r3, #0
10001934:	d0fc      	beq.n	10001930 <sleep_until+0xa0>
10001936:	f3bf 8f5f 	dmb	sy
1000193a:	6813      	ldr	r3, [r2, #0]
1000193c:	f3bf 8f5f 	dmb	sy
10001940:	601e      	str	r6, [r3, #0]
10001942:	f380 8810 	msr	PRIMASK, r0
10001946:	bf20      	wfe
10001948:	e7e6      	b.n	10001918 <sleep_until+0x88>
1000194a:	2a00      	cmp	r2, #0
1000194c:	d0b8      	beq.n	100018c0 <sleep_until+0x30>
1000194e:	e7cb      	b.n	100018e8 <sleep_until+0x58>
10001950:	1000127d 	.word	0x1000127d
10001954:	2000102c 	.word	0x2000102c
10001958:	20001cb8 	.word	0x20001cb8
1000195c:	40054000 	.word	0x40054000

10001960 <sleep_ms>:
10001960:	b570      	push	{r4, r5, r6, lr}
10001962:	0006      	movs	r6, r0
10001964:	f000 f8b6 	bl	10001ad4 <time_us_64>
10001968:	22fa      	movs	r2, #250	; 0xfa
1000196a:	0004      	movs	r4, r0
1000196c:	000d      	movs	r5, r1
1000196e:	2300      	movs	r3, #0
10001970:	0030      	movs	r0, r6
10001972:	2100      	movs	r1, #0
10001974:	0092      	lsls	r2, r2, #2
10001976:	f001 fa2f 	bl	10002dd8 <__wrap___aeabi_lmul>
1000197a:	1900      	adds	r0, r0, r4
1000197c:	4169      	adcs	r1, r5
1000197e:	2900      	cmp	r1, #0
10001980:	db02      	blt.n	10001988 <sleep_ms+0x28>
10001982:	f7ff ff85 	bl	10001890 <sleep_until>
10001986:	bd70      	pop	{r4, r5, r6, pc}
10001988:	2001      	movs	r0, #1
1000198a:	4901      	ldr	r1, [pc, #4]	; (10001990 <sleep_ms+0x30>)
1000198c:	4240      	negs	r0, r0
1000198e:	e7f8      	b.n	10001982 <sleep_ms+0x22>
10001990:	7fffffff 	.word	0x7fffffff

10001994 <best_effort_wfe_or_timeout>:
10001994:	b5f0      	push	{r4, r5, r6, r7, lr}
10001996:	46d6      	mov	lr, sl
10001998:	464f      	mov	r7, r9
1000199a:	4646      	mov	r6, r8
1000199c:	b5c0      	push	{r6, r7, lr}
1000199e:	0004      	movs	r4, r0
100019a0:	000d      	movs	r5, r1
100019a2:	b082      	sub	sp, #8
100019a4:	f3ef 8305 	mrs	r3, IPSR
100019a8:	2b00      	cmp	r3, #0
100019aa:	d130      	bne.n	10001a0e <best_effort_wfe_or_timeout+0x7a>
100019ac:	4b3c      	ldr	r3, [pc, #240]	; (10001aa0 <best_effort_wfe_or_timeout+0x10c>)
100019ae:	469a      	mov	sl, r3
100019b0:	681b      	ldr	r3, [r3, #0]
100019b2:	4283      	cmp	r3, r0
100019b4:	d026      	beq.n	10001a04 <best_effort_wfe_or_timeout+0x70>
100019b6:	4b3b      	ldr	r3, [pc, #236]	; (10001aa4 <best_effort_wfe_or_timeout+0x110>)
100019b8:	002f      	movs	r7, r5
100019ba:	4698      	mov	r8, r3
100019bc:	68db      	ldr	r3, [r3, #12]
100019be:	4699      	mov	r9, r3
100019c0:	4643      	mov	r3, r8
100019c2:	4648      	mov	r0, r9
100019c4:	781e      	ldrb	r6, [r3, #0]
100019c6:	f000 f87d 	bl	10001ac4 <timer_time_us_64>
100019ca:	000b      	movs	r3, r1
100019cc:	4649      	mov	r1, r9
100019ce:	3604      	adds	r6, #4
100019d0:	00b6      	lsls	r6, r6, #2
100019d2:	0002      	movs	r2, r0
100019d4:	5871      	ldr	r1, [r6, r1]
100019d6:	0026      	movs	r6, r4
100019d8:	2000      	movs	r0, #0
100019da:	1ab6      	subs	r6, r6, r2
100019dc:	419f      	sbcs	r7, r3
100019de:	1a89      	subs	r1, r1, r2
100019e0:	42b8      	cmp	r0, r7
100019e2:	dc24      	bgt.n	10001a2e <best_effort_wfe_or_timeout+0x9a>
100019e4:	d021      	beq.n	10001a2a <best_effort_wfe_or_timeout+0x96>
100019e6:	bf20      	wfe
100019e8:	4a2f      	ldr	r2, [pc, #188]	; (10001aa8 <best_effort_wfe_or_timeout+0x114>)
100019ea:	6a53      	ldr	r3, [r2, #36]	; 0x24
100019ec:	42ab      	cmp	r3, r5
100019ee:	d32a      	bcc.n	10001a46 <best_effort_wfe_or_timeout+0xb2>
100019f0:	6a92      	ldr	r2, [r2, #40]	; 0x28
100019f2:	2001      	movs	r0, #1
100019f4:	42a2      	cmp	r2, r4
100019f6:	d34a      	bcc.n	10001a8e <best_effort_wfe_or_timeout+0xfa>
100019f8:	b002      	add	sp, #8
100019fa:	bce0      	pop	{r5, r6, r7}
100019fc:	46ba      	mov	sl, r7
100019fe:	46b1      	mov	r9, r6
10001a00:	46a8      	mov	r8, r5
10001a02:	bdf0      	pop	{r4, r5, r6, r7, pc}
10001a04:	4653      	mov	r3, sl
10001a06:	685b      	ldr	r3, [r3, #4]
10001a08:	428b      	cmp	r3, r1
10001a0a:	d1d4      	bne.n	100019b6 <best_effort_wfe_or_timeout+0x22>
10001a0c:	e7eb      	b.n	100019e6 <best_effort_wfe_or_timeout+0x52>
10001a0e:	4a26      	ldr	r2, [pc, #152]	; (10001aa8 <best_effort_wfe_or_timeout+0x114>)
10001a10:	2000      	movs	r0, #0
10001a12:	6a53      	ldr	r3, [r2, #36]	; 0x24
10001a14:	428b      	cmp	r3, r1
10001a16:	d3ef      	bcc.n	100019f8 <best_effort_wfe_or_timeout+0x64>
10001a18:	6a92      	ldr	r2, [r2, #40]	; 0x28
10001a1a:	3001      	adds	r0, #1
10001a1c:	42a2      	cmp	r2, r4
10001a1e:	d2eb      	bcs.n	100019f8 <best_effort_wfe_or_timeout+0x64>
10001a20:	1a58      	subs	r0, r3, r1
10001a22:	1e42      	subs	r2, r0, #1
10001a24:	4190      	sbcs	r0, r2
10001a26:	b2c0      	uxtb	r0, r0
10001a28:	e7e6      	b.n	100019f8 <best_effort_wfe_or_timeout+0x64>
10001a2a:	42b1      	cmp	r1, r6
10001a2c:	d9db      	bls.n	100019e6 <best_effort_wfe_or_timeout+0x52>
10001a2e:	f000 f851 	bl	10001ad4 <time_us_64>
10001a32:	0022      	movs	r2, r4
10001a34:	002b      	movs	r3, r5
10001a36:	1a12      	subs	r2, r2, r0
10001a38:	418b      	sbcs	r3, r1
10001a3a:	2b00      	cmp	r3, #0
10001a3c:	da05      	bge.n	10001a4a <best_effort_wfe_or_timeout+0xb6>
10001a3e:	4a1a      	ldr	r2, [pc, #104]	; (10001aa8 <best_effort_wfe_or_timeout+0x114>)
10001a40:	6a53      	ldr	r3, [r2, #36]	; 0x24
10001a42:	42ab      	cmp	r3, r5
10001a44:	d2d4      	bcs.n	100019f0 <best_effort_wfe_or_timeout+0x5c>
10001a46:	2000      	movs	r0, #0
10001a48:	e7d6      	b.n	100019f8 <best_effort_wfe_or_timeout+0x64>
10001a4a:	2300      	movs	r3, #0
10001a4c:	9301      	str	r3, [sp, #4]
10001a4e:	4b17      	ldr	r3, [pc, #92]	; (10001aac <best_effort_wfe_or_timeout+0x118>)
10001a50:	0022      	movs	r2, r4
10001a52:	9300      	str	r3, [sp, #0]
10001a54:	4640      	mov	r0, r8
10001a56:	002b      	movs	r3, r5
10001a58:	f7ff fe82 	bl	10001760 <alarm_pool_add_alarm_at_force_in_context>
10001a5c:	1e01      	subs	r1, r0, #0
10001a5e:	ddee      	ble.n	10001a3e <best_effort_wfe_or_timeout+0xaa>
10001a60:	4653      	mov	r3, sl
10001a62:	601c      	str	r4, [r3, #0]
10001a64:	605d      	str	r5, [r3, #4]
10001a66:	4b10      	ldr	r3, [pc, #64]	; (10001aa8 <best_effort_wfe_or_timeout+0x114>)
10001a68:	002e      	movs	r6, r5
10001a6a:	6a5a      	ldr	r2, [r3, #36]	; 0x24
10001a6c:	4295      	cmp	r5, r2
10001a6e:	d815      	bhi.n	10001a9c <best_effort_wfe_or_timeout+0x108>
10001a70:	6a9b      	ldr	r3, [r3, #40]	; 0x28
10001a72:	42a3      	cmp	r3, r4
10001a74:	d310      	bcc.n	10001a98 <best_effort_wfe_or_timeout+0x104>
10001a76:	4640      	mov	r0, r8
10001a78:	f7ff feca 	bl	10001810 <alarm_pool_cancel_alarm>
10001a7c:	4a0a      	ldr	r2, [pc, #40]	; (10001aa8 <best_effort_wfe_or_timeout+0x114>)
10001a7e:	2000      	movs	r0, #0
10001a80:	6a53      	ldr	r3, [r2, #36]	; 0x24
10001a82:	429e      	cmp	r6, r3
10001a84:	d8b8      	bhi.n	100019f8 <best_effort_wfe_or_timeout+0x64>
10001a86:	6a92      	ldr	r2, [r2, #40]	; 0x28
10001a88:	3001      	adds	r0, #1
10001a8a:	42a2      	cmp	r2, r4
10001a8c:	d2b4      	bcs.n	100019f8 <best_effort_wfe_or_timeout+0x64>
10001a8e:	1ae8      	subs	r0, r5, r3
10001a90:	1e42      	subs	r2, r0, #1
10001a92:	4190      	sbcs	r0, r2
10001a94:	b2c0      	uxtb	r0, r0
10001a96:	e7af      	b.n	100019f8 <best_effort_wfe_or_timeout+0x64>
10001a98:	4295      	cmp	r5, r2
10001a9a:	d1ec      	bne.n	10001a76 <best_effort_wfe_or_timeout+0xe2>
10001a9c:	bf20      	wfe
10001a9e:	e7ea      	b.n	10001a76 <best_effort_wfe_or_timeout+0xe2>
10001aa0:	20001048 	.word	0x20001048
10001aa4:	2000102c 	.word	0x2000102c
10001aa8:	40054000 	.word	0x40054000
10001aac:	1000127d 	.word	0x1000127d

10001ab0 <timer_hardware_alarm_claim>:
10001ab0:	b510      	push	{r4, lr}
10001ab2:	4a02      	ldr	r2, [pc, #8]	; (10001abc <timer_hardware_alarm_claim+0xc>)
10001ab4:	4802      	ldr	r0, [pc, #8]	; (10001ac0 <timer_hardware_alarm_claim+0x10>)
10001ab6:	f7ff f843 	bl	10000b40 <hw_claim_or_assert>
10001aba:	bd10      	pop	{r4, pc}
10001abc:	10006dc0 	.word	0x10006dc0
10001ac0:	20001818 	.word	0x20001818

10001ac4 <timer_time_us_64>:
10001ac4:	0003      	movs	r3, r0
10001ac6:	6a41      	ldr	r1, [r0, #36]	; 0x24
10001ac8:	000a      	movs	r2, r1
10001aca:	6a98      	ldr	r0, [r3, #40]	; 0x28
10001acc:	6a59      	ldr	r1, [r3, #36]	; 0x24
10001ace:	428a      	cmp	r2, r1
10001ad0:	d1fa      	bne.n	10001ac8 <timer_time_us_64+0x4>
10001ad2:	4770      	bx	lr

10001ad4 <time_us_64>:
10001ad4:	4b03      	ldr	r3, [pc, #12]	; (10001ae4 <time_us_64+0x10>)
10001ad6:	6a59      	ldr	r1, [r3, #36]	; 0x24
10001ad8:	000a      	movs	r2, r1
10001ada:	6a98      	ldr	r0, [r3, #40]	; 0x28
10001adc:	6a59      	ldr	r1, [r3, #36]	; 0x24
10001ade:	4291      	cmp	r1, r2
10001ae0:	d1fa      	bne.n	10001ad8 <time_us_64+0x4>
10001ae2:	4770      	bx	lr
10001ae4:	40054000 	.word	0x40054000

10001ae8 <busy_wait_until>:
10001ae8:	4a06      	ldr	r2, [pc, #24]	; (10001b04 <busy_wait_until+0x1c>)
10001aea:	6a53      	ldr	r3, [r2, #36]	; 0x24
10001aec:	4299      	cmp	r1, r3
10001aee:	d8fc      	bhi.n	10001aea <busy_wait_until+0x2>
10001af0:	d107      	bne.n	10001b02 <busy_wait_until+0x1a>
10001af2:	4b04      	ldr	r3, [pc, #16]	; (10001b04 <busy_wait_until+0x1c>)
10001af4:	e002      	b.n	10001afc <busy_wait_until+0x14>
10001af6:	6a5a      	ldr	r2, [r3, #36]	; 0x24
10001af8:	4291      	cmp	r1, r2
10001afa:	d102      	bne.n	10001b02 <busy_wait_until+0x1a>
10001afc:	6a9a      	ldr	r2, [r3, #40]	; 0x28
10001afe:	4282      	cmp	r2, r0
10001b00:	d3f9      	bcc.n	10001af6 <busy_wait_until+0xe>
10001b02:	4770      	bx	lr
10001b04:	40054000 	.word	0x40054000

10001b08 <clock_configure_int_divider>:
10001b08:	b5f8      	push	{r3, r4, r5, r6, r7, lr}
10001b0a:	46de      	mov	lr, fp
10001b0c:	464e      	mov	r6, r9
10001b0e:	4657      	mov	r7, sl
10001b10:	4645      	mov	r5, r8
10001b12:	b5e0      	push	{r5, r6, r7, lr}
10001b14:	468b      	mov	fp, r1
10001b16:	0005      	movs	r5, r0
10001b18:	990a      	ldr	r1, [sp, #40]	; 0x28
10001b1a:	0018      	movs	r0, r3
10001b1c:	0016      	movs	r6, r2
10001b1e:	f000 fb39 	bl	10002194 <__wrap___aeabi_uidiv>
10001b22:	9b0a      	ldr	r3, [sp, #40]	; 0x28
10001b24:	006c      	lsls	r4, r5, #1
10001b26:	021f      	lsls	r7, r3, #8
10001b28:	4b32      	ldr	r3, [pc, #200]	; (10001bf4 <clock_configure_int_divider+0xec>)
10001b2a:	1964      	adds	r4, r4, r5
10001b2c:	469c      	mov	ip, r3
10001b2e:	00a4      	lsls	r4, r4, #2
10001b30:	4464      	add	r4, ip
10001b32:	6863      	ldr	r3, [r4, #4]
10001b34:	4681      	mov	r9, r0
10001b36:	429f      	cmp	r7, r3
10001b38:	d900      	bls.n	10001b3c <clock_configure_int_divider+0x34>
10001b3a:	6067      	str	r7, [r4, #4]
10001b3c:	1f2b      	subs	r3, r5, #4
10001b3e:	b2db      	uxtb	r3, r3
10001b40:	4698      	mov	r8, r3
10001b42:	2b01      	cmp	r3, #1
10001b44:	d930      	bls.n	10001ba8 <clock_configure_int_divider+0xa0>
10001b46:	23c0      	movs	r3, #192	; 0xc0
10001b48:	2280      	movs	r2, #128	; 0x80
10001b4a:	019b      	lsls	r3, r3, #6
10001b4c:	18e3      	adds	r3, r4, r3
10001b4e:	0112      	lsls	r2, r2, #4
10001b50:	601a      	str	r2, [r3, #0]
10001b52:	4b29      	ldr	r3, [pc, #164]	; (10001bf8 <clock_configure_int_divider+0xf0>)
10001b54:	00ad      	lsls	r5, r5, #2
10001b56:	5959      	ldr	r1, [r3, r5]
10001b58:	469a      	mov	sl, r3
10001b5a:	2900      	cmp	r1, #0
10001b5c:	d11b      	bne.n	10001b96 <clock_configure_int_divider+0x8e>
10001b5e:	6822      	ldr	r2, [r4, #0]
10001b60:	0176      	lsls	r6, r6, #5
10001b62:	4072      	eors	r2, r6
10001b64:	26e0      	movs	r6, #224	; 0xe0
10001b66:	2380      	movs	r3, #128	; 0x80
10001b68:	4016      	ands	r6, r2
10001b6a:	4642      	mov	r2, r8
10001b6c:	015b      	lsls	r3, r3, #5
10001b6e:	18e3      	adds	r3, r4, r3
10001b70:	601e      	str	r6, [r3, #0]
10001b72:	2a01      	cmp	r2, #1
10001b74:	d930      	bls.n	10001bd8 <clock_configure_int_divider+0xd0>
10001b76:	2380      	movs	r3, #128	; 0x80
10001b78:	2280      	movs	r2, #128	; 0x80
10001b7a:	019b      	lsls	r3, r3, #6
10001b7c:	18e3      	adds	r3, r4, r3
10001b7e:	0112      	lsls	r2, r2, #4
10001b80:	601a      	str	r2, [r3, #0]
10001b82:	4653      	mov	r3, sl
10001b84:	464a      	mov	r2, r9
10001b86:	6067      	str	r7, [r4, #4]
10001b88:	515a      	str	r2, [r3, r5]
10001b8a:	bcf0      	pop	{r4, r5, r6, r7}
10001b8c:	46bb      	mov	fp, r7
10001b8e:	46b2      	mov	sl, r6
10001b90:	46a9      	mov	r9, r5
10001b92:	46a0      	mov	r8, r4
10001b94:	bdf8      	pop	{r3, r4, r5, r6, r7, pc}
10001b96:	6958      	ldr	r0, [r3, #20]
10001b98:	f000 fafc 	bl	10002194 <__wrap___aeabi_uidiv>
10001b9c:	1c43      	adds	r3, r0, #1
10001b9e:	0058      	lsls	r0, r3, #1
10001ba0:	18c0      	adds	r0, r0, r3
10001ba2:	3803      	subs	r0, #3
10001ba4:	d2fd      	bcs.n	10001ba2 <clock_configure_int_divider+0x9a>
10001ba6:	e7da      	b.n	10001b5e <clock_configure_int_divider+0x56>
10001ba8:	465b      	mov	r3, fp
10001baa:	2b01      	cmp	r3, #1
10001bac:	d1cb      	bne.n	10001b46 <clock_configure_int_divider+0x3e>
10001bae:	23c0      	movs	r3, #192	; 0xc0
10001bb0:	2203      	movs	r2, #3
10001bb2:	019b      	lsls	r3, r3, #6
10001bb4:	18e3      	adds	r3, r4, r3
10001bb6:	601a      	str	r2, [r3, #0]
10001bb8:	3a02      	subs	r2, #2
10001bba:	68a3      	ldr	r3, [r4, #8]
10001bbc:	421a      	tst	r2, r3
10001bbe:	d0fc      	beq.n	10001bba <clock_configure_int_divider+0xb2>
10001bc0:	23e0      	movs	r3, #224	; 0xe0
10001bc2:	6822      	ldr	r2, [r4, #0]
10001bc4:	0176      	lsls	r6, r6, #5
10001bc6:	4056      	eors	r6, r2
10001bc8:	401e      	ands	r6, r3
10001bca:	2380      	movs	r3, #128	; 0x80
10001bcc:	4a0a      	ldr	r2, [pc, #40]	; (10001bf8 <clock_configure_int_divider+0xf0>)
10001bce:	015b      	lsls	r3, r3, #5
10001bd0:	4692      	mov	sl, r2
10001bd2:	18e3      	adds	r3, r4, r3
10001bd4:	601e      	str	r6, [r3, #0]
10001bd6:	00ad      	lsls	r5, r5, #2
10001bd8:	465a      	mov	r2, fp
10001bda:	6821      	ldr	r1, [r4, #0]
10001bdc:	4051      	eors	r1, r2
10001bde:	2203      	movs	r2, #3
10001be0:	400a      	ands	r2, r1
10001be2:	601a      	str	r2, [r3, #0]
10001be4:	2201      	movs	r2, #1
10001be6:	465b      	mov	r3, fp
10001be8:	409a      	lsls	r2, r3
10001bea:	68a3      	ldr	r3, [r4, #8]
10001bec:	421a      	tst	r2, r3
10001bee:	d0fc      	beq.n	10001bea <clock_configure_int_divider+0xe2>
10001bf0:	e7c1      	b.n	10001b76 <clock_configure_int_divider+0x6e>
10001bf2:	46c0      	nop			; (mov r8, r8)
10001bf4:	40008000 	.word	0x40008000
10001bf8:	2000181c 	.word	0x2000181c

10001bfc <clock_configure_undivided>:
10001bfc:	b5f0      	push	{r4, r5, r6, r7, lr}
10001bfe:	4646      	mov	r6, r8
10001c00:	464f      	mov	r7, r9
10001c02:	46d6      	mov	lr, sl
10001c04:	b5c0      	push	{r6, r7, lr}
10001c06:	001f      	movs	r7, r3
10001c08:	4b34      	ldr	r3, [pc, #208]	; (10001cdc <clock_configure_undivided+0xe0>)
10001c0a:	0044      	lsls	r4, r0, #1
10001c0c:	469c      	mov	ip, r3
10001c0e:	1824      	adds	r4, r4, r0
10001c10:	00a4      	lsls	r4, r4, #2
10001c12:	4464      	add	r4, ip
10001c14:	6863      	ldr	r3, [r4, #4]
10001c16:	4688      	mov	r8, r1
10001c18:	0016      	movs	r6, r2
10001c1a:	2bff      	cmp	r3, #255	; 0xff
10001c1c:	d802      	bhi.n	10001c24 <clock_configure_undivided+0x28>
10001c1e:	2380      	movs	r3, #128	; 0x80
10001c20:	005b      	lsls	r3, r3, #1
10001c22:	6063      	str	r3, [r4, #4]
10001c24:	1f03      	subs	r3, r0, #4
10001c26:	b2db      	uxtb	r3, r3
10001c28:	469a      	mov	sl, r3
10001c2a:	2b01      	cmp	r3, #1
10001c2c:	d930      	bls.n	10001c90 <clock_configure_undivided+0x94>
10001c2e:	23c0      	movs	r3, #192	; 0xc0
10001c30:	2280      	movs	r2, #128	; 0x80
10001c32:	019b      	lsls	r3, r3, #6
10001c34:	18e3      	adds	r3, r4, r3
10001c36:	0112      	lsls	r2, r2, #4
10001c38:	601a      	str	r2, [r3, #0]
10001c3a:	4b29      	ldr	r3, [pc, #164]	; (10001ce0 <clock_configure_undivided+0xe4>)
10001c3c:	0085      	lsls	r5, r0, #2
10001c3e:	5959      	ldr	r1, [r3, r5]
10001c40:	4699      	mov	r9, r3
10001c42:	2900      	cmp	r1, #0
10001c44:	d11b      	bne.n	10001c7e <clock_configure_undivided+0x82>
10001c46:	6822      	ldr	r2, [r4, #0]
10001c48:	0176      	lsls	r6, r6, #5
10001c4a:	4072      	eors	r2, r6
10001c4c:	26e0      	movs	r6, #224	; 0xe0
10001c4e:	2380      	movs	r3, #128	; 0x80
10001c50:	4016      	ands	r6, r2
10001c52:	4652      	mov	r2, sl
10001c54:	015b      	lsls	r3, r3, #5
10001c56:	18e3      	adds	r3, r4, r3
10001c58:	601e      	str	r6, [r3, #0]
10001c5a:	2a01      	cmp	r2, #1
10001c5c:	d930      	bls.n	10001cc0 <clock_configure_undivided+0xc4>
10001c5e:	2380      	movs	r3, #128	; 0x80
10001c60:	2280      	movs	r2, #128	; 0x80
10001c62:	019b      	lsls	r3, r3, #6
10001c64:	18e3      	adds	r3, r4, r3
10001c66:	0112      	lsls	r2, r2, #4
10001c68:	601a      	str	r2, [r3, #0]
10001c6a:	2380      	movs	r3, #128	; 0x80
10001c6c:	005b      	lsls	r3, r3, #1
10001c6e:	6063      	str	r3, [r4, #4]
10001c70:	464b      	mov	r3, r9
10001c72:	515f      	str	r7, [r3, r5]
10001c74:	bce0      	pop	{r5, r6, r7}
10001c76:	46ba      	mov	sl, r7
10001c78:	46b1      	mov	r9, r6
10001c7a:	46a8      	mov	r8, r5
10001c7c:	bdf0      	pop	{r4, r5, r6, r7, pc}
10001c7e:	6958      	ldr	r0, [r3, #20]
10001c80:	f000 fa88 	bl	10002194 <__wrap___aeabi_uidiv>
10001c84:	1c43      	adds	r3, r0, #1
10001c86:	0058      	lsls	r0, r3, #1
10001c88:	18c0      	adds	r0, r0, r3
10001c8a:	3803      	subs	r0, #3
10001c8c:	d2fd      	bcs.n	10001c8a <clock_configure_undivided+0x8e>
10001c8e:	e7da      	b.n	10001c46 <clock_configure_undivided+0x4a>
10001c90:	4643      	mov	r3, r8
10001c92:	2b01      	cmp	r3, #1
10001c94:	d1cb      	bne.n	10001c2e <clock_configure_undivided+0x32>
10001c96:	23c0      	movs	r3, #192	; 0xc0
10001c98:	2203      	movs	r2, #3
10001c9a:	019b      	lsls	r3, r3, #6
10001c9c:	18e3      	adds	r3, r4, r3
10001c9e:	601a      	str	r2, [r3, #0]
10001ca0:	3a02      	subs	r2, #2
10001ca2:	68a3      	ldr	r3, [r4, #8]
10001ca4:	421a      	tst	r2, r3
10001ca6:	d0fc      	beq.n	10001ca2 <clock_configure_undivided+0xa6>
10001ca8:	23e0      	movs	r3, #224	; 0xe0
10001caa:	6822      	ldr	r2, [r4, #0]
10001cac:	0176      	lsls	r6, r6, #5
10001cae:	4056      	eors	r6, r2
10001cb0:	401e      	ands	r6, r3
10001cb2:	2380      	movs	r3, #128	; 0x80
10001cb4:	4a0a      	ldr	r2, [pc, #40]	; (10001ce0 <clock_configure_undivided+0xe4>)
10001cb6:	015b      	lsls	r3, r3, #5
10001cb8:	4691      	mov	r9, r2
10001cba:	18e3      	adds	r3, r4, r3
10001cbc:	601e      	str	r6, [r3, #0]
10001cbe:	0085      	lsls	r5, r0, #2
10001cc0:	4642      	mov	r2, r8
10001cc2:	6821      	ldr	r1, [r4, #0]
10001cc4:	4051      	eors	r1, r2
10001cc6:	2203      	movs	r2, #3
10001cc8:	400a      	ands	r2, r1
10001cca:	601a      	str	r2, [r3, #0]
10001ccc:	2301      	movs	r3, #1
10001cce:	4642      	mov	r2, r8
10001cd0:	4093      	lsls	r3, r2
10001cd2:	68a2      	ldr	r2, [r4, #8]
10001cd4:	4213      	tst	r3, r2
10001cd6:	d0fc      	beq.n	10001cd2 <clock_configure_undivided+0xd6>
10001cd8:	e7c1      	b.n	10001c5e <clock_configure_undivided+0x62>
10001cda:	46c0      	nop			; (mov r8, r8)
10001cdc:	40008000 	.word	0x40008000
10001ce0:	2000181c 	.word	0x2000181c

10001ce4 <clock_get_hz>:
10001ce4:	4b01      	ldr	r3, [pc, #4]	; (10001cec <clock_get_hz+0x8>)
10001ce6:	0080      	lsls	r0, r0, #2
10001ce8:	58c0      	ldr	r0, [r0, r3]
10001cea:	4770      	bx	lr
10001cec:	2000181c 	.word	0x2000181c

10001cf0 <pll_init>:
10001cf0:	b5f8      	push	{r3, r4, r5, r6, r7, lr}
10001cf2:	0004      	movs	r4, r0
10001cf4:	4820      	ldr	r0, [pc, #128]	; (10001d78 <pll_init+0x88>)
10001cf6:	001d      	movs	r5, r3
10001cf8:	0017      	movs	r7, r2
10001cfa:	000e      	movs	r6, r1
10001cfc:	f000 fa4a 	bl	10002194 <__wrap___aeabi_uidiv>
10001d00:	0001      	movs	r1, r0
10001d02:	0038      	movs	r0, r7
10001d04:	f000 fa46 	bl	10002194 <__wrap___aeabi_uidiv>
10001d08:	9b06      	ldr	r3, [sp, #24]
10001d0a:	0429      	lsls	r1, r5, #16
10001d0c:	031b      	lsls	r3, r3, #12
10001d0e:	4319      	orrs	r1, r3
10001d10:	6823      	ldr	r3, [r4, #0]
10001d12:	2b00      	cmp	r3, #0
10001d14:	db1e      	blt.n	10001d54 <pll_init+0x64>
10001d16:	4b19      	ldr	r3, [pc, #100]	; (10001d7c <pll_init+0x8c>)
10001d18:	4d19      	ldr	r5, [pc, #100]	; (10001d80 <pll_init+0x90>)
10001d1a:	18e2      	adds	r2, r4, r3
10001d1c:	4253      	negs	r3, r2
10001d1e:	415a      	adcs	r2, r3
10001d20:	2380      	movs	r3, #128	; 0x80
10001d22:	015b      	lsls	r3, r3, #5
10001d24:	469c      	mov	ip, r3
10001d26:	0312      	lsls	r2, r2, #12
10001d28:	4b16      	ldr	r3, [pc, #88]	; (10001d84 <pll_init+0x94>)
10001d2a:	4462      	add	r2, ip
10001d2c:	601a      	str	r2, [r3, #0]
10001d2e:	4b16      	ldr	r3, [pc, #88]	; (10001d88 <pll_init+0x98>)
10001d30:	601a      	str	r2, [r3, #0]
10001d32:	0017      	movs	r7, r2
10001d34:	682b      	ldr	r3, [r5, #0]
10001d36:	439f      	bics	r7, r3
10001d38:	d1fb      	bne.n	10001d32 <pll_init+0x42>
10001d3a:	4b14      	ldr	r3, [pc, #80]	; (10001d8c <pll_init+0x9c>)
10001d3c:	6026      	str	r6, [r4, #0]
10001d3e:	18e2      	adds	r2, r4, r3
10001d40:	2321      	movs	r3, #33	; 0x21
10001d42:	60a0      	str	r0, [r4, #8]
10001d44:	6013      	str	r3, [r2, #0]
10001d46:	6823      	ldr	r3, [r4, #0]
10001d48:	2b00      	cmp	r3, #0
10001d4a:	dafc      	bge.n	10001d46 <pll_init+0x56>
10001d4c:	2308      	movs	r3, #8
10001d4e:	60e1      	str	r1, [r4, #12]
10001d50:	6013      	str	r3, [r2, #0]
10001d52:	bdf8      	pop	{r3, r4, r5, r6, r7, pc}
10001d54:	233f      	movs	r3, #63	; 0x3f
10001d56:	6822      	ldr	r2, [r4, #0]
10001d58:	4013      	ands	r3, r2
10001d5a:	42b3      	cmp	r3, r6
10001d5c:	d1db      	bne.n	10001d16 <pll_init+0x26>
10001d5e:	68a3      	ldr	r3, [r4, #8]
10001d60:	051b      	lsls	r3, r3, #20
10001d62:	0d1b      	lsrs	r3, r3, #20
10001d64:	4283      	cmp	r3, r0
10001d66:	d1d6      	bne.n	10001d16 <pll_init+0x26>
10001d68:	22ee      	movs	r2, #238	; 0xee
10001d6a:	68e3      	ldr	r3, [r4, #12]
10001d6c:	02d2      	lsls	r2, r2, #11
10001d6e:	4013      	ands	r3, r2
10001d70:	428b      	cmp	r3, r1
10001d72:	d1d0      	bne.n	10001d16 <pll_init+0x26>
10001d74:	e7ed      	b.n	10001d52 <pll_init+0x62>
10001d76:	46c0      	nop			; (mov r8, r8)
10001d78:	00b71b00 	.word	0x00b71b00
10001d7c:	bffd4000 	.word	0xbffd4000
10001d80:	4000c008 	.word	0x4000c008
10001d84:	4000e000 	.word	0x4000e000
10001d88:	4000f000 	.word	0x4000f000
10001d8c:	00003004 	.word	0x00003004

10001d90 <watchdog_reboot>:
10001d90:	b510      	push	{r4, lr}
10001d92:	0014      	movs	r4, r2
10001d94:	2280      	movs	r2, #128	; 0x80
10001d96:	4b1b      	ldr	r3, [pc, #108]	; (10001e04 <watchdog_reboot+0x74>)
10001d98:	05d2      	lsls	r2, r2, #23
10001d9a:	601a      	str	r2, [r3, #0]
10001d9c:	2800      	cmp	r0, #0
10001d9e:	d01a      	beq.n	10001dd6 <watchdog_reboot+0x46>
10001da0:	2301      	movs	r3, #1
10001da2:	4a19      	ldr	r2, [pc, #100]	; (10001e08 <watchdog_reboot+0x78>)
10001da4:	4318      	orrs	r0, r3
10001da6:	4b19      	ldr	r3, [pc, #100]	; (10001e0c <watchdog_reboot+0x7c>)
10001da8:	61da      	str	r2, [r3, #28]
10001daa:	4a19      	ldr	r2, [pc, #100]	; (10001e10 <watchdog_reboot+0x80>)
10001dac:	4042      	eors	r2, r0
10001dae:	621a      	str	r2, [r3, #32]
10001db0:	6259      	str	r1, [r3, #36]	; 0x24
10001db2:	6298      	str	r0, [r3, #40]	; 0x28
10001db4:	2280      	movs	r2, #128	; 0x80
10001db6:	4b13      	ldr	r3, [pc, #76]	; (10001e04 <watchdog_reboot+0x74>)
10001db8:	05d2      	lsls	r2, r2, #23
10001dba:	601a      	str	r2, [r3, #0]
10001dbc:	4915      	ldr	r1, [pc, #84]	; (10001e14 <watchdog_reboot+0x84>)
10001dbe:	4a16      	ldr	r2, [pc, #88]	; (10001e18 <watchdog_reboot+0x88>)
10001dc0:	6011      	str	r1, [r2, #0]
10001dc2:	22e0      	movs	r2, #224	; 0xe0
10001dc4:	04d2      	lsls	r2, r2, #19
10001dc6:	601a      	str	r2, [r3, #0]
10001dc8:	2c00      	cmp	r4, #0
10001dca:	d107      	bne.n	10001ddc <watchdog_reboot+0x4c>
10001dcc:	2280      	movs	r2, #128	; 0x80
10001dce:	4b13      	ldr	r3, [pc, #76]	; (10001e1c <watchdog_reboot+0x8c>)
10001dd0:	0612      	lsls	r2, r2, #24
10001dd2:	601a      	str	r2, [r3, #0]
10001dd4:	bd10      	pop	{r4, pc}
10001dd6:	4b0d      	ldr	r3, [pc, #52]	; (10001e0c <watchdog_reboot+0x7c>)
10001dd8:	61d8      	str	r0, [r3, #28]
10001dda:	e7eb      	b.n	10001db4 <watchdog_reboot+0x24>
10001ddc:	0163      	lsls	r3, r4, #5
10001dde:	1b1b      	subs	r3, r3, r4
10001de0:	009a      	lsls	r2, r3, #2
10001de2:	2380      	movs	r3, #128	; 0x80
10001de4:	1912      	adds	r2, r2, r4
10001de6:	0112      	lsls	r2, r2, #4
10001de8:	045b      	lsls	r3, r3, #17
10001dea:	429a      	cmp	r2, r3
10001dec:	d300      	bcc.n	10001df0 <watchdog_reboot+0x60>
10001dee:	4a0c      	ldr	r2, [pc, #48]	; (10001e20 <watchdog_reboot+0x90>)
10001df0:	4b0c      	ldr	r3, [pc, #48]	; (10001e24 <watchdog_reboot+0x94>)
10001df2:	601a      	str	r2, [r3, #0]
10001df4:	4b05      	ldr	r3, [pc, #20]	; (10001e0c <watchdog_reboot+0x7c>)
10001df6:	605a      	str	r2, [r3, #4]
10001df8:	2280      	movs	r2, #128	; 0x80
10001dfa:	4b08      	ldr	r3, [pc, #32]	; (10001e1c <watchdog_reboot+0x8c>)
10001dfc:	05d2      	lsls	r2, r2, #23
10001dfe:	601a      	str	r2, [r3, #0]
10001e00:	e7e8      	b.n	10001dd4 <watchdog_reboot+0x44>
10001e02:	46c0      	nop			; (mov r8, r8)
10001e04:	4005b000 	.word	0x4005b000
10001e08:	b007c0d3 	.word	0xb007c0d3
10001e0c:	40058000 	.word	0x40058000
10001e10:	4ff83f2d 	.word	0x4ff83f2d
10001e14:	0001fffc 	.word	0x0001fffc
10001e18:	40012008 	.word	0x40012008
10001e1c:	4005a000 	.word	0x4005a000
10001e20:	00ffffff 	.word	0x00ffffff
10001e24:	20001c80 	.word	0x20001c80

10001e28 <tick_start>:
10001e28:	2380      	movs	r3, #128	; 0x80
10001e2a:	4a02      	ldr	r2, [pc, #8]	; (10001e34 <tick_start+0xc>)
10001e2c:	009b      	lsls	r3, r3, #2
10001e2e:	430b      	orrs	r3, r1
10001e30:	62d3      	str	r3, [r2, #44]	; 0x2c
10001e32:	4770      	bx	lr
10001e34:	40058000 	.word	0x40058000

10001e38 <rom_func_lookup>:
10001e38:	2314      	movs	r3, #20
10001e3a:	b510      	push	{r4, lr}
10001e3c:	0001      	movs	r1, r0
10001e3e:	8818      	ldrh	r0, [r3, #0]
10001e40:	3304      	adds	r3, #4
10001e42:	881b      	ldrh	r3, [r3, #0]
10001e44:	4798      	blx	r3
10001e46:	bd10      	pop	{r4, pc}

10001e48 <rom_data_lookup>:
10001e48:	2316      	movs	r3, #22
10001e4a:	b510      	push	{r4, lr}
10001e4c:	0001      	movs	r1, r0
10001e4e:	8818      	ldrh	r0, [r3, #0]
10001e50:	3302      	adds	r3, #2
10001e52:	881b      	ldrh	r3, [r3, #0]
10001e54:	4798      	blx	r3
10001e56:	bd10      	pop	{r4, pc}

10001e58 <rom_funcs_lookup>:
10001e58:	b5f8      	push	{r3, r4, r5, r6, r7, lr}
10001e5a:	4647      	mov	r7, r8
10001e5c:	46ce      	mov	lr, r9
10001e5e:	b580      	push	{r7, lr}
10001e60:	1e0f      	subs	r7, r1, #0
10001e62:	d019      	beq.n	10001e98 <rom_funcs_lookup+0x40>
10001e64:	2314      	movs	r3, #20
10001e66:	4699      	mov	r9, r3
10001e68:	3304      	adds	r3, #4
10001e6a:	0004      	movs	r4, r0
10001e6c:	2500      	movs	r5, #0
10001e6e:	2601      	movs	r6, #1
10001e70:	4698      	mov	r8, r3
10001e72:	464b      	mov	r3, r9
10001e74:	8818      	ldrh	r0, [r3, #0]
10001e76:	4643      	mov	r3, r8
10001e78:	6821      	ldr	r1, [r4, #0]
10001e7a:	881b      	ldrh	r3, [r3, #0]
10001e7c:	4798      	blx	r3
10001e7e:	c401      	stmia	r4!, {r0}
10001e80:	1e43      	subs	r3, r0, #1
10001e82:	4198      	sbcs	r0, r3
10001e84:	3501      	adds	r5, #1
10001e86:	4240      	negs	r0, r0
10001e88:	4006      	ands	r6, r0
10001e8a:	42af      	cmp	r7, r5
10001e8c:	d1f1      	bne.n	10001e72 <rom_funcs_lookup+0x1a>
10001e8e:	0030      	movs	r0, r6
10001e90:	bcc0      	pop	{r6, r7}
10001e92:	46b9      	mov	r9, r7
10001e94:	46b0      	mov	r8, r6
10001e96:	bdf8      	pop	{r3, r4, r5, r6, r7, pc}
10001e98:	2601      	movs	r6, #1
10001e9a:	e7f8      	b.n	10001e8e <rom_funcs_lookup+0x36>

10001e9c <rom_reset_usb_boot_extra>:
10001e9c:	2314      	movs	r3, #20
10001e9e:	b570      	push	{r4, r5, r6, lr}
10001ea0:	0004      	movs	r4, r0
10001ea2:	8818      	ldrh	r0, [r3, #0]
10001ea4:	3304      	adds	r3, #4
10001ea6:	881b      	ldrh	r3, [r3, #0]
10001ea8:	000d      	movs	r5, r1
10001eaa:	4905      	ldr	r1, [pc, #20]	; (10001ec0 <rom_reset_usb_boot_extra+0x24>)
10001eac:	4798      	blx	r3
10001eae:	0003      	movs	r3, r0
10001eb0:	2000      	movs	r0, #0
10001eb2:	2c00      	cmp	r4, #0
10001eb4:	db01      	blt.n	10001eba <rom_reset_usb_boot_extra+0x1e>
10001eb6:	3001      	adds	r0, #1
10001eb8:	40a0      	lsls	r0, r4
10001eba:	0029      	movs	r1, r5
10001ebc:	4798      	blx	r3
10001ebe:	46c0      	nop			; (mov r8, r8)
10001ec0:	00004255 	.word	0x00004255

10001ec4 <xosc_init>:
10001ec4:	23aa      	movs	r3, #170	; 0xaa
10001ec6:	4a06      	ldr	r2, [pc, #24]	; (10001ee0 <xosc_init+0x1c>)
10001ec8:	011b      	lsls	r3, r3, #4
10001eca:	6013      	str	r3, [r2, #0]
10001ecc:	238d      	movs	r3, #141	; 0x8d
10001ece:	005b      	lsls	r3, r3, #1
10001ed0:	60d3      	str	r3, [r2, #12]
10001ed2:	4904      	ldr	r1, [pc, #16]	; (10001ee4 <xosc_init+0x20>)
10001ed4:	4b04      	ldr	r3, [pc, #16]	; (10001ee8 <xosc_init+0x24>)
10001ed6:	6019      	str	r1, [r3, #0]
10001ed8:	6853      	ldr	r3, [r2, #4]
10001eda:	2b00      	cmp	r3, #0
10001edc:	dafc      	bge.n	10001ed8 <xosc_init+0x14>
10001ede:	4770      	bx	lr
10001ee0:	40024000 	.word	0x40024000
10001ee4:	00fab000 	.word	0x00fab000
10001ee8:	40026000 	.word	0x40026000

10001eec <first_per_core_initializer>:
10001eec:	4770      	bx	lr
10001eee:	46c0      	nop			; (mov r8, r8)

10001ef0 <hard_assertion_failure>:
10001ef0:	b510      	push	{r4, lr}
10001ef2:	4801      	ldr	r0, [pc, #4]	; (10001ef8 <hard_assertion_failure+0x8>)
10001ef4:	f7fe fe0c 	bl	10000b10 <panic>
10001ef8:	10006de4 	.word	0x10006de4

10001efc <runtime_run_initializers>:
10001efc:	b570      	push	{r4, r5, r6, lr}
10001efe:	4d07      	ldr	r5, [pc, #28]	; (10001f1c <runtime_run_initializers+0x20>)
10001f00:	4e07      	ldr	r6, [pc, #28]	; (10001f20 <runtime_run_initializers+0x24>)
10001f02:	42b5      	cmp	r5, r6
10001f04:	d209      	bcs.n	10001f1a <runtime_run_initializers+0x1e>
10001f06:	2400      	movs	r4, #0
10001f08:	3e01      	subs	r6, #1
10001f0a:	1b76      	subs	r6, r6, r5
10001f0c:	08b6      	lsrs	r6, r6, #2
10001f0e:	cd08      	ldmia	r5!, {r3}
10001f10:	4798      	blx	r3
10001f12:	0023      	movs	r3, r4
10001f14:	3401      	adds	r4, #1
10001f16:	42b3      	cmp	r3, r6
10001f18:	d1f9      	bne.n	10001f0e <runtime_run_initializers+0x12>
10001f1a:	bd70      	pop	{r4, r5, r6, pc}
10001f1c:	10006d08 	.word	0x10006d08
10001f20:	10006d44 	.word	0x10006d44

10001f24 <runtime_init_early_resets>:
10001f24:	4b05      	ldr	r3, [pc, #20]	; (10001f3c <runtime_init_early_resets+0x18>)
10001f26:	4a06      	ldr	r2, [pc, #24]	; (10001f40 <runtime_init_early_resets+0x1c>)
10001f28:	4906      	ldr	r1, [pc, #24]	; (10001f44 <runtime_init_early_resets+0x20>)
10001f2a:	601a      	str	r2, [r3, #0]
10001f2c:	4a06      	ldr	r2, [pc, #24]	; (10001f48 <runtime_init_early_resets+0x24>)
10001f2e:	4b07      	ldr	r3, [pc, #28]	; (10001f4c <runtime_init_early_resets+0x28>)
10001f30:	601a      	str	r2, [r3, #0]
10001f32:	0010      	movs	r0, r2
10001f34:	680b      	ldr	r3, [r1, #0]
10001f36:	4398      	bics	r0, r3
10001f38:	d1fb      	bne.n	10001f32 <runtime_init_early_resets+0xe>
10001f3a:	4770      	bx	lr
10001f3c:	4000e000 	.word	0x4000e000
10001f40:	fefbcdbf 	.word	0xfefbcdbf
10001f44:	4000c008 	.word	0x4000c008
10001f48:	003c7ffe 	.word	0x003c7ffe
10001f4c:	4000f000 	.word	0x4000f000

10001f50 <runtime_init_usb_power_down>:
10001f50:	4b04      	ldr	r3, [pc, #16]	; (10001f64 <runtime_init_usb_power_down+0x14>)
10001f52:	6cdb      	ldr	r3, [r3, #76]	; 0x4c
10001f54:	2b00      	cmp	r3, #0
10001f56:	d103      	bne.n	10001f60 <runtime_init_usb_power_down+0x10>
10001f58:	2280      	movs	r2, #128	; 0x80
10001f5a:	4b03      	ldr	r3, [pc, #12]	; (10001f68 <runtime_init_usb_power_down+0x18>)
10001f5c:	02d2      	lsls	r2, r2, #11
10001f5e:	601a      	str	r2, [r3, #0]
10001f60:	4770      	bx	lr
10001f62:	46c0      	nop			; (mov r8, r8)
10001f64:	50110000 	.word	0x50110000
10001f68:	5011204c 	.word	0x5011204c

10001f6c <runtime_init_post_clock_resets>:
10001f6c:	4a04      	ldr	r2, [pc, #16]	; (10001f80 <runtime_init_post_clock_resets+0x14>)
10001f6e:	4b05      	ldr	r3, [pc, #20]	; (10001f84 <runtime_init_post_clock_resets+0x18>)
10001f70:	601a      	str	r2, [r3, #0]
10001f72:	4a05      	ldr	r2, [pc, #20]	; (10001f88 <runtime_init_post_clock_resets+0x1c>)
10001f74:	6813      	ldr	r3, [r2, #0]
10001f76:	01db      	lsls	r3, r3, #7
10001f78:	3380      	adds	r3, #128	; 0x80
10001f7a:	d1fb      	bne.n	10001f74 <runtime_init_post_clock_resets+0x8>
10001f7c:	4770      	bx	lr
10001f7e:	46c0      	nop			; (mov r8, r8)
10001f80:	01ffffff 	.word	0x01ffffff
10001f84:	4000f000 	.word	0x4000f000
10001f88:	4000c008 	.word	0x4000c008

10001f8c <runtime_init_rp2040_gpio_ie_disable>:
10001f8c:	2240      	movs	r2, #64	; 0x40
10001f8e:	4b03      	ldr	r3, [pc, #12]	; (10001f9c <runtime_init_rp2040_gpio_ie_disable+0x10>)
10001f90:	679a      	str	r2, [r3, #120]	; 0x78
10001f92:	675a      	str	r2, [r3, #116]	; 0x74
10001f94:	671a      	str	r2, [r3, #112]	; 0x70
10001f96:	66da      	str	r2, [r3, #108]	; 0x6c
10001f98:	4770      	bx	lr
10001f9a:	46c0      	nop			; (mov r8, r8)
10001f9c:	4001f000 	.word	0x4001f000

10001fa0 <runtime_init_spin_locks_reset>:
10001fa0:	b510      	push	{r4, lr}
10001fa2:	f7fe fe59 	bl	10000c58 <spin_locks_reset>
10001fa6:	bd10      	pop	{r4, pc}

10001fa8 <runtime_init_install_ram_vector_table>:
10001fa8:	b5f8      	push	{r3, r4, r5, r6, r7, lr}
10001faa:	4927      	ldr	r1, [pc, #156]	; (10002048 <runtime_init_install_ram_vector_table+0xa0>)
10001fac:	4b27      	ldr	r3, [pc, #156]	; (1000204c <runtime_init_install_ram_vector_table+0xa4>)
10001fae:	4d28      	ldr	r5, [pc, #160]	; (10002050 <runtime_init_install_ram_vector_table+0xa8>)
10001fb0:	1a5b      	subs	r3, r3, r1
10001fb2:	089c      	lsrs	r4, r3, #2
10001fb4:	0022      	movs	r2, r4
10001fb6:	2c30      	cmp	r4, #48	; 0x30
10001fb8:	d900      	bls.n	10001fbc <runtime_init_install_ram_vector_table+0x14>
10001fba:	2230      	movs	r2, #48	; 0x30
10001fbc:	0028      	movs	r0, r5
10001fbe:	0092      	lsls	r2, r2, #2
10001fc0:	f000 ff7a 	bl	10002eb8 <__wrap___aeabi_memcpy>
10001fc4:	2c2f      	cmp	r4, #47	; 0x2f
10001fc6:	d83c      	bhi.n	10002042 <runtime_init_install_ram_vector_table+0x9a>
10001fc8:	2030      	movs	r0, #48	; 0x30
10001fca:	212f      	movs	r1, #47	; 0x2f
10001fcc:	00a7      	lsls	r7, r4, #2
10001fce:	19eb      	adds	r3, r5, r7
10001fd0:	075b      	lsls	r3, r3, #29
10001fd2:	4a20      	ldr	r2, [pc, #128]	; (10002054 <runtime_init_install_ram_vector_table+0xac>)
10001fd4:	1b00      	subs	r0, r0, r4
10001fd6:	0fdb      	lsrs	r3, r3, #31
10001fd8:	1b09      	subs	r1, r1, r4
10001fda:	2905      	cmp	r1, #5
10001fdc:	d917      	bls.n	1000200e <runtime_init_install_ram_vector_table+0x66>
10001fde:	0026      	movs	r6, r4
10001fe0:	2b00      	cmp	r3, #0
10001fe2:	d001      	beq.n	10001fe8 <runtime_init_install_ram_vector_table+0x40>
10001fe4:	51ea      	str	r2, [r5, r7]
10001fe6:	1c66      	adds	r6, r4, #1
10001fe8:	1ac0      	subs	r0, r0, r3
10001fea:	18e3      	adds	r3, r4, r3
10001fec:	009b      	lsls	r3, r3, #2
10001fee:	0841      	lsrs	r1, r0, #1
10001ff0:	18eb      	adds	r3, r5, r3
10001ff2:	00c9      	lsls	r1, r1, #3
10001ff4:	18c9      	adds	r1, r1, r3
10001ff6:	601a      	str	r2, [r3, #0]
10001ff8:	605a      	str	r2, [r3, #4]
10001ffa:	3308      	adds	r3, #8
10001ffc:	428b      	cmp	r3, r1
10001ffe:	d1fa      	bne.n	10001ff6 <runtime_init_install_ram_vector_table+0x4e>
10002000:	2301      	movs	r3, #1
10002002:	0001      	movs	r1, r0
10002004:	4399      	bics	r1, r3
10002006:	1874      	adds	r4, r6, r1
10002008:	4288      	cmp	r0, r1
1000200a:	d01a      	beq.n	10002042 <runtime_init_install_ram_vector_table+0x9a>
1000200c:	00a7      	lsls	r7, r4, #2
1000200e:	51ea      	str	r2, [r5, r7]
10002010:	1c63      	adds	r3, r4, #1
10002012:	2c2f      	cmp	r4, #47	; 0x2f
10002014:	d015      	beq.n	10002042 <runtime_init_install_ram_vector_table+0x9a>
10002016:	009b      	lsls	r3, r3, #2
10002018:	50ea      	str	r2, [r5, r3]
1000201a:	1ca3      	adds	r3, r4, #2
1000201c:	2c2e      	cmp	r4, #46	; 0x2e
1000201e:	d010      	beq.n	10002042 <runtime_init_install_ram_vector_table+0x9a>
10002020:	009b      	lsls	r3, r3, #2
10002022:	50ea      	str	r2, [r5, r3]
10002024:	1ce3      	adds	r3, r4, #3
10002026:	2c2d      	cmp	r4, #45	; 0x2d
10002028:	d00b      	beq.n	10002042 <runtime_init_install_ram_vector_table+0x9a>
1000202a:	009b      	lsls	r3, r3, #2
1000202c:	50ea      	str	r2, [r5, r3]
1000202e:	1d23      	adds	r3, r4, #4
10002030:	2c2c      	cmp	r4, #44	; 0x2c
10002032:	d006      	beq.n	10002042 <runtime_init_install_ram_vector_table+0x9a>
10002034:	009b      	lsls	r3, r3, #2
10002036:	50ea      	str	r2, [r5, r3]
10002038:	1d63      	adds	r3, r4, #5
1000203a:	2c2b      	cmp	r4, #43	; 0x2b
1000203c:	d001      	beq.n	10002042 <runtime_init_install_ram_vector_table+0x9a>
1000203e:	009b      	lsls	r3, r3, #2
10002040:	50ea      	str	r2, [r5, r3]
10002042:	4b05      	ldr	r3, [pc, #20]	; (10002058 <runtime_init_install_ram_vector_table+0xb0>)
10002044:	609d      	str	r5, [r3, #8]
10002046:	bdf8      	pop	{r3, r4, r5, r6, r7, pc}
10002048:	10000100 	.word	0x10000100
1000204c:	100001c0 	.word	0x100001c0
10002050:	20000000 	.word	0x20000000
10002054:	100001c1 	.word	0x100001c1
10002058:	e000ed00 	.word	0xe000ed00

1000205c <runtime_init_clocks>:
1000205c:	2300      	movs	r3, #0
1000205e:	b510      	push	{r4, lr}
10002060:	4c29      	ldr	r4, [pc, #164]	; (10002108 <runtime_init_clocks+0xac>)
10002062:	b082      	sub	sp, #8
10002064:	67a3      	str	r3, [r4, #120]	; 0x78
10002066:	f7ff ff2d 	bl	10001ec4 <xosc_init>
1000206a:	2201      	movs	r2, #1
1000206c:	4b27      	ldr	r3, [pc, #156]	; (1000210c <runtime_init_clocks+0xb0>)
1000206e:	601a      	str	r2, [r3, #0]
10002070:	6c63      	ldr	r3, [r4, #68]	; 0x44
10002072:	2b01      	cmp	r3, #1
10002074:	d1fc      	bne.n	10002070 <runtime_init_clocks+0x14>
10002076:	2203      	movs	r2, #3
10002078:	4b25      	ldr	r3, [pc, #148]	; (10002110 <runtime_init_clocks+0xb4>)
1000207a:	601a      	str	r2, [r3, #0]
1000207c:	4a22      	ldr	r2, [pc, #136]	; (10002108 <runtime_init_clocks+0xac>)
1000207e:	6b93      	ldr	r3, [r2, #56]	; 0x38
10002080:	2b01      	cmp	r3, #1
10002082:	d1fc      	bne.n	1000207e <runtime_init_clocks+0x22>
10002084:	3301      	adds	r3, #1
10002086:	9300      	str	r3, [sp, #0]
10002088:	2101      	movs	r1, #1
1000208a:	4a22      	ldr	r2, [pc, #136]	; (10002114 <runtime_init_clocks+0xb8>)
1000208c:	4822      	ldr	r0, [pc, #136]	; (10002118 <runtime_init_clocks+0xbc>)
1000208e:	3304      	adds	r3, #4
10002090:	f7ff fe2e 	bl	10001cf0 <pll_init>
10002094:	2305      	movs	r3, #5
10002096:	2101      	movs	r1, #1
10002098:	9300      	str	r3, [sp, #0]
1000209a:	4a20      	ldr	r2, [pc, #128]	; (1000211c <runtime_init_clocks+0xc0>)
1000209c:	4820      	ldr	r0, [pc, #128]	; (10002120 <runtime_init_clocks+0xc4>)
1000209e:	f7ff fe27 	bl	10001cf0 <pll_init>
100020a2:	2200      	movs	r2, #0
100020a4:	2102      	movs	r1, #2
100020a6:	2004      	movs	r0, #4
100020a8:	4b1e      	ldr	r3, [pc, #120]	; (10002124 <runtime_init_clocks+0xc8>)
100020aa:	f7ff fda7 	bl	10001bfc <clock_configure_undivided>
100020ae:	2200      	movs	r2, #0
100020b0:	2101      	movs	r1, #1
100020b2:	2005      	movs	r0, #5
100020b4:	4b1c      	ldr	r3, [pc, #112]	; (10002128 <runtime_init_clocks+0xcc>)
100020b6:	f7ff fda1 	bl	10001bfc <clock_configure_undivided>
100020ba:	2200      	movs	r2, #0
100020bc:	2100      	movs	r1, #0
100020be:	2007      	movs	r0, #7
100020c0:	4b1a      	ldr	r3, [pc, #104]	; (1000212c <runtime_init_clocks+0xd0>)
100020c2:	f7ff fd9b 	bl	10001bfc <clock_configure_undivided>
100020c6:	2200      	movs	r2, #0
100020c8:	2100      	movs	r1, #0
100020ca:	2008      	movs	r0, #8
100020cc:	4b17      	ldr	r3, [pc, #92]	; (1000212c <runtime_init_clocks+0xd0>)
100020ce:	f7ff fd95 	bl	10001bfc <clock_configure_undivided>
100020d2:	2380      	movs	r3, #128	; 0x80
100020d4:	00db      	lsls	r3, r3, #3
100020d6:	9300      	str	r3, [sp, #0]
100020d8:	2200      	movs	r2, #0
100020da:	2100      	movs	r1, #0
100020dc:	2009      	movs	r0, #9
100020de:	4b13      	ldr	r3, [pc, #76]	; (1000212c <runtime_init_clocks+0xd0>)
100020e0:	f7ff fd12 	bl	10001b08 <clock_configure_int_divider>
100020e4:	2200      	movs	r2, #0
100020e6:	4b10      	ldr	r3, [pc, #64]	; (10002128 <runtime_init_clocks+0xcc>)
100020e8:	2100      	movs	r1, #0
100020ea:	2006      	movs	r0, #6
100020ec:	f7ff fd86 	bl	10001bfc <clock_configure_undivided>
100020f0:	2004      	movs	r0, #4
100020f2:	f7ff fdf7 	bl	10001ce4 <clock_get_hz>
100020f6:	490e      	ldr	r1, [pc, #56]	; (10002130 <runtime_init_clocks+0xd4>)
100020f8:	f000 f84c 	bl	10002194 <__wrap___aeabi_uidiv>
100020fc:	0001      	movs	r1, r0
100020fe:	2000      	movs	r0, #0
10002100:	f7ff fe92 	bl	10001e28 <tick_start>
10002104:	b002      	add	sp, #8
10002106:	bd10      	pop	{r4, pc}
10002108:	40008000 	.word	0x40008000
1000210c:	4000b03c 	.word	0x4000b03c
10002110:	4000b030 	.word	0x4000b030
10002114:	59682f00 	.word	0x59682f00
10002118:	40028000 	.word	0x40028000
1000211c:	47868c00 	.word	0x47868c00
10002120:	4002c000 	.word	0x4002c000
10002124:	00b71b00 	.word	0x00b71b00
10002128:	07735940 	.word	0x07735940
1000212c:	02dc6c00 	.word	0x02dc6c00
10002130:	000f4240 	.word	0x000f4240

10002134 <__aeabi_bits_init>:
10002134:	4801      	ldr	r0, [pc, #4]	; (1000213c <__aeabi_bits_init+0x8>)
10002136:	2104      	movs	r1, #4
10002138:	4b01      	ldr	r3, [pc, #4]	; (10002140 <__aeabi_bits_init+0xc>)
1000213a:	4718      	bx	r3
1000213c:	20001050 	.word	0x20001050
10002140:	10001e59 	.word	0x10001e59

10002144 <__wrap___aeabi_idiv>:
10002144:	4a12      	ldr	r2, [pc, #72]	; (10002190 <divmod_s32s32_savestate+0x18>)
10002146:	6f93      	ldr	r3, [r2, #120]	; 0x78
10002148:	089b      	lsrs	r3, r3, #2
1000214a:	d215      	bcs.n	10002178 <divmod_s32s32_savestate>

1000214c <divmod_s32s32_core>:
1000214c:	6690      	str	r0, [r2, #104]	; 0x68
1000214e:	66d1      	str	r1, [r2, #108]	; 0x6c
10002150:	2900      	cmp	r1, #0
10002152:	d005      	beq.n	10002160 <divmod_s32s32_core+0x14>
10002154:	e7ff      	b.n	10002156 <divmod_s32s32_core+0xa>
10002156:	e7ff      	b.n	10002158 <divmod_s32s32_core+0xc>
10002158:	e7ff      	b.n	1000215a <divmod_s32s32_core+0xe>
1000215a:	6f51      	ldr	r1, [r2, #116]	; 0x74
1000215c:	6f10      	ldr	r0, [r2, #112]	; 0x70
1000215e:	4770      	bx	lr
10002160:	b504      	push	{r2, lr}
10002162:	2180      	movs	r1, #128	; 0x80
10002164:	0609      	lsls	r1, r1, #24
10002166:	17c2      	asrs	r2, r0, #31
10002168:	4051      	eors	r1, r2
1000216a:	2800      	cmp	r0, #0
1000216c:	d000      	beq.n	10002170 <divmod_s32s32_core+0x24>
1000216e:	43c8      	mvns	r0, r1
10002170:	f004 fd6a 	bl	10006c48 <____aeabi_idiv0_veneer>
10002174:	2100      	movs	r1, #0
10002176:	bd04      	pop	{r2, pc}

10002178 <divmod_s32s32_savestate>:
10002178:	b5f0      	push	{r4, r5, r6, r7, lr}
1000217a:	6e14      	ldr	r4, [r2, #96]	; 0x60
1000217c:	6e55      	ldr	r5, [r2, #100]	; 0x64
1000217e:	6f57      	ldr	r7, [r2, #116]	; 0x74
10002180:	6f16      	ldr	r6, [r2, #112]	; 0x70
10002182:	f7ff ffe3 	bl	1000214c <divmod_s32s32_core>
10002186:	6614      	str	r4, [r2, #96]	; 0x60
10002188:	6655      	str	r5, [r2, #100]	; 0x64
1000218a:	6757      	str	r7, [r2, #116]	; 0x74
1000218c:	6716      	str	r6, [r2, #112]	; 0x70
1000218e:	bdf0      	pop	{r4, r5, r6, r7, pc}
10002190:	d0000000 	.word	0xd0000000

10002194 <__wrap___aeabi_uidiv>:
10002194:	4a11      	ldr	r2, [pc, #68]	; (100021dc <divmod_u32u32_savestate+0x18>)
10002196:	6f93      	ldr	r3, [r2, #120]	; 0x78
10002198:	089b      	lsrs	r3, r3, #2
1000219a:	d213      	bcs.n	100021c4 <divmod_u32u32_savestate>

1000219c <divmod_u32u32_core>:
1000219c:	6610      	str	r0, [r2, #96]	; 0x60
1000219e:	6651      	str	r1, [r2, #100]	; 0x64
100021a0:	2900      	cmp	r1, #0
100021a2:	d005      	beq.n	100021b0 <divmod_u32u32_core+0x14>
100021a4:	e7ff      	b.n	100021a6 <divmod_u32u32_core+0xa>
100021a6:	e7ff      	b.n	100021a8 <divmod_u32u32_core+0xc>
100021a8:	e7ff      	b.n	100021aa <divmod_u32u32_core+0xe>
100021aa:	6f51      	ldr	r1, [r2, #116]	; 0x74
100021ac:	6f10      	ldr	r0, [r2, #112]	; 0x70
100021ae:	4770      	bx	lr
100021b0:	b504      	push	{r2, lr}
100021b2:	2800      	cmp	r0, #0
100021b4:	d001      	beq.n	100021ba <divmod_u32u32_core+0x1e>
100021b6:	2000      	movs	r0, #0
100021b8:	43c0      	mvns	r0, r0
100021ba:	f004 fd45 	bl	10006c48 <____aeabi_idiv0_veneer>
100021be:	2100      	movs	r1, #0
100021c0:	bd04      	pop	{r2, pc}
100021c2:	46c0      	nop			; (mov r8, r8)

100021c4 <divmod_u32u32_savestate>:
100021c4:	b5f0      	push	{r4, r5, r6, r7, lr}
100021c6:	6e14      	ldr	r4, [r2, #96]	; 0x60
100021c8:	6e55      	ldr	r5, [r2, #100]	; 0x64
100021ca:	6f57      	ldr	r7, [r2, #116]	; 0x74
100021cc:	6f16      	ldr	r6, [r2, #112]	; 0x70
100021ce:	f7ff ffe5 	bl	1000219c <divmod_u32u32_core>
100021d2:	6614      	str	r4, [r2, #96]	; 0x60
100021d4:	6655      	str	r5, [r2, #100]	; 0x64
100021d6:	6757      	str	r7, [r2, #116]	; 0x74
100021d8:	6716      	str	r6, [r2, #112]	; 0x70
100021da:	bdf0      	pop	{r4, r5, r6, r7, pc}
100021dc:	d0000000 	.word	0xd0000000

100021e0 <__wrap___aeabi_ldivmod>:
100021e0:	4694      	mov	ip, r2
100021e2:	4a4a      	ldr	r2, [pc, #296]	; (1000230c <udiv0+0x1a>)
100021e4:	6f92      	ldr	r2, [r2, #120]	; 0x78
100021e6:	0892      	lsrs	r2, r2, #2
100021e8:	4662      	mov	r2, ip
100021ea:	d201      	bcs.n	100021f0 <divmod_s64s64_savestate>
100021ec:	e028      	b.n	10002240 <divmod_s64s64_unsafe>
100021ee:	46c0      	nop			; (mov r8, r8)

100021f0 <divmod_s64s64_savestate>:
100021f0:	b5f0      	push	{r4, r5, r6, r7, lr}
100021f2:	4e46      	ldr	r6, [pc, #280]	; (1000230c <udiv0+0x1a>)
100021f4:	6e34      	ldr	r4, [r6, #96]	; 0x60
100021f6:	6e75      	ldr	r5, [r6, #100]	; 0x64
100021f8:	6f77      	ldr	r7, [r6, #116]	; 0x74
100021fa:	6f36      	ldr	r6, [r6, #112]	; 0x70
100021fc:	f000 f820 	bl	10002240 <divmod_s64s64_unsafe>
10002200:	4694      	mov	ip, r2
10002202:	4a42      	ldr	r2, [pc, #264]	; (1000230c <udiv0+0x1a>)
10002204:	6614      	str	r4, [r2, #96]	; 0x60
10002206:	6655      	str	r5, [r2, #100]	; 0x64
10002208:	6757      	str	r7, [r2, #116]	; 0x74
1000220a:	6716      	str	r6, [r2, #112]	; 0x70
1000220c:	4662      	mov	r2, ip
1000220e:	bdf0      	pop	{r4, r5, r6, r7, pc}

10002210 <__wrap___aeabi_uldivmod>:
10002210:	4694      	mov	ip, r2
10002212:	4a3e      	ldr	r2, [pc, #248]	; (1000230c <udiv0+0x1a>)
10002214:	6f92      	ldr	r2, [r2, #120]	; 0x78
10002216:	0892      	lsrs	r2, r2, #2
10002218:	4662      	mov	r2, ip
1000221a:	d201      	bcs.n	10002220 <divmod_u64u64_savestate>
1000221c:	e054      	b.n	100022c8 <divmod_u64u64_unsafe>
1000221e:	46c0      	nop			; (mov r8, r8)

10002220 <divmod_u64u64_savestate>:
10002220:	b5f0      	push	{r4, r5, r6, r7, lr}
10002222:	4e3a      	ldr	r6, [pc, #232]	; (1000230c <udiv0+0x1a>)
10002224:	6e34      	ldr	r4, [r6, #96]	; 0x60
10002226:	6e75      	ldr	r5, [r6, #100]	; 0x64
10002228:	6f77      	ldr	r7, [r6, #116]	; 0x74
1000222a:	6f36      	ldr	r6, [r6, #112]	; 0x70
1000222c:	f000 f84c 	bl	100022c8 <divmod_u64u64_unsafe>
10002230:	4694      	mov	ip, r2
10002232:	4a36      	ldr	r2, [pc, #216]	; (1000230c <udiv0+0x1a>)
10002234:	6614      	str	r4, [r2, #96]	; 0x60
10002236:	6655      	str	r5, [r2, #100]	; 0x64
10002238:	6757      	str	r7, [r2, #116]	; 0x74
1000223a:	6716      	str	r6, [r2, #112]	; 0x70
1000223c:	4662      	mov	r2, ip
1000223e:	bdf0      	pop	{r4, r5, r6, r7, pc}

10002240 <divmod_s64s64_unsafe>:
10002240:	2b00      	cmp	r3, #0
10002242:	db24      	blt.n	1000228e <l46_1+0x26>
10002244:	d011      	beq.n	1000226a <l46_1+0x2>
10002246:	2900      	cmp	r1, #0
10002248:	da3e      	bge.n	100022c8 <divmod_u64u64_unsafe>
1000224a:	b500      	push	{lr}
1000224c:	43c9      	mvns	r1, r1
1000224e:	4240      	negs	r0, r0
10002250:	d100      	bne.n	10002254 <l44_1>
10002252:	3101      	adds	r1, #1

10002254 <l44_1>:
10002254:	f000 f838 	bl	100022c8 <divmod_u64u64_unsafe>
10002258:	43c9      	mvns	r1, r1
1000225a:	4240      	negs	r0, r0
1000225c:	d100      	bne.n	10002260 <l45_1>
1000225e:	3101      	adds	r1, #1

10002260 <l45_1>:
10002260:	43db      	mvns	r3, r3
10002262:	4252      	negs	r2, r2
10002264:	d100      	bne.n	10002268 <l46_1>
10002266:	3301      	adds	r3, #1

10002268 <l46_1>:
10002268:	bd00      	pop	{pc}
1000226a:	2a00      	cmp	r2, #0
1000226c:	d1eb      	bne.n	10002246 <divmod_s64s64_unsafe+0x6>
1000226e:	2800      	cmp	r0, #0
10002270:	d101      	bne.n	10002276 <l46_1+0xe>
10002272:	2900      	cmp	r1, #0
10002274:	d005      	beq.n	10002282 <l46_1+0x1a>
10002276:	2000      	movs	r0, #0
10002278:	0fc9      	lsrs	r1, r1, #31
1000227a:	07c9      	lsls	r1, r1, #31
1000227c:	d101      	bne.n	10002282 <l46_1+0x1a>
1000227e:	43c0      	mvns	r0, r0
10002280:	0841      	lsrs	r1, r0, #1
10002282:	b500      	push	{lr}
10002284:	f004 fd28 	bl	10006cd8 <____aeabi_ldiv0_veneer>
10002288:	2200      	movs	r2, #0
1000228a:	2300      	movs	r3, #0
1000228c:	bd00      	pop	{pc}
1000228e:	b500      	push	{lr}
10002290:	2900      	cmp	r1, #0
10002292:	db0a      	blt.n	100022aa <l48_1+0x2>
10002294:	43db      	mvns	r3, r3
10002296:	4252      	negs	r2, r2
10002298:	d100      	bne.n	1000229c <l47_1>
1000229a:	3301      	adds	r3, #1

1000229c <l47_1>:
1000229c:	f000 f814 	bl	100022c8 <divmod_u64u64_unsafe>
100022a0:	43c9      	mvns	r1, r1
100022a2:	4240      	negs	r0, r0
100022a4:	d100      	bne.n	100022a8 <l48_1>
100022a6:	3101      	adds	r1, #1

100022a8 <l48_1>:
100022a8:	bd00      	pop	{pc}
100022aa:	43c9      	mvns	r1, r1
100022ac:	4240      	negs	r0, r0
100022ae:	d100      	bne.n	100022b2 <l49_1>
100022b0:	3101      	adds	r1, #1

100022b2 <l49_1>:
100022b2:	43db      	mvns	r3, r3
100022b4:	4252      	negs	r2, r2
100022b6:	d100      	bne.n	100022ba <l50_1>
100022b8:	3301      	adds	r3, #1

100022ba <l50_1>:
100022ba:	f000 f805 	bl	100022c8 <divmod_u64u64_unsafe>
100022be:	43db      	mvns	r3, r3
100022c0:	4252      	negs	r2, r2
100022c2:	d100      	bne.n	100022c6 <l51_1>
100022c4:	3301      	adds	r3, #1

100022c6 <l51_1>:
100022c6:	bd00      	pop	{pc}

100022c8 <divmod_u64u64_unsafe>:
100022c8:	2900      	cmp	r1, #0
100022ca:	d123      	bne.n	10002314 <y64>
100022cc:	2b00      	cmp	r3, #0
100022ce:	d118      	bne.n	10002302 <udiv0+0x10>
100022d0:	2a00      	cmp	r2, #0
100022d2:	d00c      	beq.n	100022ee <divmod_u64u64_unsafe+0x26>
100022d4:	46bc      	mov	ip, r7
100022d6:	4f0d      	ldr	r7, [pc, #52]	; (1000230c <udiv0+0x1a>)
100022d8:	6638      	str	r0, [r7, #96]	; 0x60
100022da:	667a      	str	r2, [r7, #100]	; 0x64
100022dc:	2100      	movs	r1, #0
100022de:	2300      	movs	r3, #0
100022e0:	e7ff      	b.n	100022e2 <divmod_u64u64_unsafe+0x1a>
100022e2:	e7ff      	b.n	100022e4 <divmod_u64u64_unsafe+0x1c>
100022e4:	e7ff      	b.n	100022e6 <divmod_u64u64_unsafe+0x1e>
100022e6:	6f7a      	ldr	r2, [r7, #116]	; 0x74
100022e8:	6f38      	ldr	r0, [r7, #112]	; 0x70
100022ea:	4667      	mov	r7, ip
100022ec:	4770      	bx	lr
100022ee:	2800      	cmp	r0, #0
100022f0:	d001      	beq.n	100022f6 <udiv0+0x4>

100022f2 <udiv0>:
100022f2:	4807      	ldr	r0, [pc, #28]	; (10002310 <udiv0+0x1e>)
100022f4:	0001      	movs	r1, r0
100022f6:	b500      	push	{lr}
100022f8:	f004 fcee 	bl	10006cd8 <____aeabi_ldiv0_veneer>
100022fc:	2200      	movs	r2, #0
100022fe:	2300      	movs	r3, #0
10002300:	bd00      	pop	{pc}
10002302:	0002      	movs	r2, r0
10002304:	000b      	movs	r3, r1
10002306:	2000      	movs	r0, #0
10002308:	2100      	movs	r1, #0
1000230a:	4770      	bx	lr
1000230c:	d0000000 	.word	0xd0000000
10002310:	ffffffff 	.word	0xffffffff

10002314 <y64>:
10002314:	2b00      	cmp	r3, #0
10002316:	d000      	beq.n	1000231a <y64+0x6>
10002318:	e0bf      	b.n	1000249a <y64_x48>
1000231a:	0c13      	lsrs	r3, r2, #16
1000231c:	d128      	bne.n	10002370 <y64_x32>
1000231e:	2a00      	cmp	r2, #0
10002320:	d0e7      	beq.n	100022f2 <udiv0>
10002322:	b480      	push	{r7}
10002324:	4f11      	ldr	r7, [pc, #68]	; (1000236c <y64+0x58>)
10002326:	6639      	str	r1, [r7, #96]	; 0x60
10002328:	667a      	str	r2, [r7, #100]	; 0x64
1000232a:	e7ff      	b.n	1000232c <y64+0x18>
1000232c:	e7ff      	b.n	1000232e <y64+0x1a>
1000232e:	b430      	push	{r4, r5}
10002330:	0c04      	lsrs	r4, r0, #16
10002332:	6f7b      	ldr	r3, [r7, #116]	; 0x74
10002334:	6f39      	ldr	r1, [r7, #112]	; 0x70
10002336:	041b      	lsls	r3, r3, #16
10002338:	4323      	orrs	r3, r4
1000233a:	663b      	str	r3, [r7, #96]	; 0x60
1000233c:	667a      	str	r2, [r7, #100]	; 0x64
1000233e:	e7ff      	b.n	10002340 <y64+0x2c>
10002340:	e7ff      	b.n	10002342 <y64+0x2e>
10002342:	e7ff      	b.n	10002344 <y64+0x30>
10002344:	46c0      	nop			; (mov r8, r8)
10002346:	b284      	uxth	r4, r0
10002348:	6f7b      	ldr	r3, [r7, #116]	; 0x74
1000234a:	6f3d      	ldr	r5, [r7, #112]	; 0x70
1000234c:	041b      	lsls	r3, r3, #16
1000234e:	4323      	orrs	r3, r4
10002350:	663b      	str	r3, [r7, #96]	; 0x60
10002352:	667a      	str	r2, [r7, #100]	; 0x64
10002354:	e7ff      	b.n	10002356 <y64+0x42>
10002356:	e7ff      	b.n	10002358 <y64+0x44>
10002358:	46c0      	nop			; (mov r8, r8)
1000235a:	2300      	movs	r3, #0
1000235c:	042c      	lsls	r4, r5, #16
1000235e:	0c2d      	lsrs	r5, r5, #16
10002360:	6f7a      	ldr	r2, [r7, #116]	; 0x74
10002362:	6f38      	ldr	r0, [r7, #112]	; 0x70
10002364:	1900      	adds	r0, r0, r4
10002366:	4169      	adcs	r1, r5
10002368:	bcb0      	pop	{r4, r5, r7}
1000236a:	4770      	bx	lr
1000236c:	d0000000 	.word	0xd0000000

10002370 <y64_x32>:
10002370:	b5f0      	push	{r4, r5, r6, r7, lr}
10002372:	4694      	mov	ip, r2
10002374:	2500      	movs	r5, #0
10002376:	0e14      	lsrs	r4, r2, #24
10002378:	d101      	bne.n	1000237e <y64_x32+0xe>
1000237a:	0212      	lsls	r2, r2, #8
1000237c:	3508      	adds	r5, #8
1000237e:	0f14      	lsrs	r4, r2, #28
10002380:	d101      	bne.n	10002386 <y64_x32+0x16>
10002382:	0112      	lsls	r2, r2, #4
10002384:	3504      	adds	r5, #4
10002386:	0f94      	lsrs	r4, r2, #30
10002388:	d101      	bne.n	1000238e <y64_x32+0x1e>
1000238a:	0092      	lsls	r2, r2, #2
1000238c:	3502      	adds	r5, #2
1000238e:	0fd4      	lsrs	r4, r2, #31
10002390:	d101      	bne.n	10002396 <y64_x32+0x26>
10002392:	0052      	lsls	r2, r2, #1
10002394:	3501      	adds	r5, #1
10002396:	0bd4      	lsrs	r4, r2, #15
10002398:	3401      	adds	r4, #1
1000239a:	4f25      	ldr	r7, [pc, #148]	; (10002430 <y64_x32+0xc0>)
1000239c:	667c      	str	r4, [r7, #100]	; 0x64
1000239e:	4c25      	ldr	r4, [pc, #148]	; (10002434 <y64_x32+0xc4>)
100023a0:	663c      	str	r4, [r7, #96]	; 0x60
100023a2:	0c0e      	lsrs	r6, r1, #16
100023a4:	b293      	uxth	r3, r2
100023a6:	e7ff      	b.n	100023a8 <y64_x32+0x38>
100023a8:	e7ff      	b.n	100023aa <y64_x32+0x3a>
100023aa:	e7ff      	b.n	100023ac <y64_x32+0x3c>
100023ac:	6f3c      	ldr	r4, [r7, #112]	; 0x70
100023ae:	4366      	muls	r6, r4
100023b0:	0c36      	lsrs	r6, r6, #16
100023b2:	0377      	lsls	r7, r6, #13
100023b4:	46be      	mov	lr, r7
100023b6:	4373      	muls	r3, r6
100023b8:	0bdf      	lsrs	r7, r3, #15
100023ba:	045b      	lsls	r3, r3, #17
100023bc:	1ac0      	subs	r0, r0, r3
100023be:	41b9      	sbcs	r1, r7
100023c0:	0c13      	lsrs	r3, r2, #16
100023c2:	4373      	muls	r3, r6
100023c4:	18db      	adds	r3, r3, r3
100023c6:	1ac9      	subs	r1, r1, r3
100023c8:	08ce      	lsrs	r6, r1, #3
100023ca:	4366      	muls	r6, r4
100023cc:	0c36      	lsrs	r6, r6, #16
100023ce:	44b6      	add	lr, r6
100023d0:	b293      	uxth	r3, r2
100023d2:	4373      	muls	r3, r6
100023d4:	0f1f      	lsrs	r7, r3, #28
100023d6:	011b      	lsls	r3, r3, #4
100023d8:	1ac0      	subs	r0, r0, r3
100023da:	41b9      	sbcs	r1, r7
100023dc:	0c13      	lsrs	r3, r2, #16
100023de:	4373      	muls	r3, r6
100023e0:	0b1f      	lsrs	r7, r3, #12
100023e2:	051b      	lsls	r3, r3, #20
100023e4:	1ac0      	subs	r0, r0, r3
100023e6:	41b9      	sbcs	r1, r7
100023e8:	0d86      	lsrs	r6, r0, #22
100023ea:	028f      	lsls	r7, r1, #10
100023ec:	433e      	orrs	r6, r7
100023ee:	4366      	muls	r6, r4
100023f0:	0c36      	lsrs	r6, r6, #16
100023f2:	2d09      	cmp	r5, #9
100023f4:	db24      	blt.n	10002440 <last0>
100023f6:	0a52      	lsrs	r2, r2, #9
100023f8:	4372      	muls	r2, r6
100023fa:	1a80      	subs	r0, r0, r2
100023fc:	0377      	lsls	r7, r6, #13
100023fe:	0a46      	lsrs	r6, r0, #9
10002400:	4366      	muls	r6, r4
10002402:	0c36      	lsrs	r6, r6, #16
10002404:	2316      	movs	r3, #22
10002406:	1b5b      	subs	r3, r3, r5
10002408:	40de      	lsrs	r6, r3
1000240a:	40df      	lsrs	r7, r3
1000240c:	19bf      	adds	r7, r7, r6
1000240e:	4664      	mov	r4, ip
10002410:	4366      	muls	r6, r4
10002412:	1b82      	subs	r2, r0, r6
10002414:	4670      	mov	r0, lr
10002416:	3504      	adds	r5, #4
10002418:	3306      	adds	r3, #6
1000241a:	0001      	movs	r1, r0
1000241c:	40d9      	lsrs	r1, r3
1000241e:	40a8      	lsls	r0, r5
10002420:	19c0      	adds	r0, r0, r7
10002422:	d300      	bcc.n	10002426 <y64_x32+0xb6>
10002424:	3101      	adds	r1, #1
10002426:	42a2      	cmp	r2, r4
10002428:	d206      	bcs.n	10002438 <y64_x32+0xc8>
1000242a:	2300      	movs	r3, #0
1000242c:	bdf0      	pop	{r4, r5, r6, r7, pc}
1000242e:	0000      	.short	0x0000
10002430:	d0000000 	.word	0xd0000000
10002434:	ffffffff 	.word	0xffffffff
10002438:	1b12      	subs	r2, r2, r4
1000243a:	3001      	adds	r0, #1
1000243c:	d3f3      	bcc.n	10002426 <y64_x32+0xb6>
1000243e:	e7f1      	b.n	10002424 <y64_x32+0xb4>

10002440 <last0>:
10002440:	2709      	movs	r7, #9
10002442:	1b7f      	subs	r7, r7, r5
10002444:	40fe      	lsrs	r6, r7
10002446:	4664      	mov	r4, ip
10002448:	b2a2      	uxth	r2, r4
1000244a:	4372      	muls	r2, r6
1000244c:	1a80      	subs	r0, r0, r2
1000244e:	d200      	bcs.n	10002452 <last0+0x12>
10002450:	3901      	subs	r1, #1
10002452:	0c22      	lsrs	r2, r4, #16
10002454:	4372      	muls	r2, r6
10002456:	0c13      	lsrs	r3, r2, #16
10002458:	0412      	lsls	r2, r2, #16
1000245a:	1a82      	subs	r2, r0, r2
1000245c:	4199      	sbcs	r1, r3
1000245e:	000b      	movs	r3, r1
10002460:	4670      	mov	r0, lr
10002462:	3504      	adds	r5, #4
10002464:	3713      	adds	r7, #19
10002466:	0001      	movs	r1, r0
10002468:	40f9      	lsrs	r1, r7
1000246a:	40a8      	lsls	r0, r5
1000246c:	1980      	adds	r0, r0, r6
1000246e:	d300      	bcc.n	10002472 <last0+0x32>
10002470:	3101      	adds	r1, #1
10002472:	2b00      	cmp	r3, #0
10002474:	d102      	bne.n	1000247c <last0+0x3c>
10002476:	42a2      	cmp	r2, r4
10002478:	d20a      	bcs.n	10002490 <last0+0x50>
1000247a:	bdf0      	pop	{r4, r5, r6, r7, pc}
1000247c:	3001      	adds	r0, #1
1000247e:	d300      	bcc.n	10002482 <last0+0x42>
10002480:	3101      	adds	r1, #1
10002482:	1b12      	subs	r2, r2, r4
10002484:	d2fa      	bcs.n	1000247c <last0+0x3c>
10002486:	3b01      	subs	r3, #1
10002488:	d1f8      	bne.n	1000247c <last0+0x3c>
1000248a:	42a2      	cmp	r2, r4
1000248c:	d200      	bcs.n	10002490 <last0+0x50>
1000248e:	bdf0      	pop	{r4, r5, r6, r7, pc}
10002490:	3001      	adds	r0, #1
10002492:	d300      	bcc.n	10002496 <last0+0x56>
10002494:	3101      	adds	r1, #1
10002496:	1b12      	subs	r2, r2, r4
10002498:	e7f7      	b.n	1000248a <last0+0x4a>

1000249a <y64_x48>:
1000249a:	b5f0      	push	{r4, r5, r6, r7, lr}
1000249c:	0c1c      	lsrs	r4, r3, #16
1000249e:	d000      	beq.n	100024a2 <y64_x48+0x8>
100024a0:	e080      	b.n	100025a4 <y64_x64>
100024a2:	b40c      	push	{r2, r3}
100024a4:	2500      	movs	r5, #0
100024a6:	0a1c      	lsrs	r4, r3, #8
100024a8:	d104      	bne.n	100024b4 <y64_x48+0x1a>
100024aa:	021b      	lsls	r3, r3, #8
100024ac:	0e16      	lsrs	r6, r2, #24
100024ae:	4333      	orrs	r3, r6
100024b0:	0212      	lsls	r2, r2, #8
100024b2:	3508      	adds	r5, #8
100024b4:	0b1c      	lsrs	r4, r3, #12
100024b6:	d104      	bne.n	100024c2 <y64_x48+0x28>
100024b8:	011b      	lsls	r3, r3, #4
100024ba:	0f16      	lsrs	r6, r2, #28
100024bc:	4333      	orrs	r3, r6
100024be:	0112      	lsls	r2, r2, #4
100024c0:	3504      	adds	r5, #4
100024c2:	0b9c      	lsrs	r4, r3, #14
100024c4:	d104      	bne.n	100024d0 <y64_x48+0x36>
100024c6:	009b      	lsls	r3, r3, #2
100024c8:	0f96      	lsrs	r6, r2, #30
100024ca:	4333      	orrs	r3, r6
100024cc:	0092      	lsls	r2, r2, #2
100024ce:	3502      	adds	r5, #2
100024d0:	0bdc      	lsrs	r4, r3, #15
100024d2:	d102      	bne.n	100024da <y64_x48+0x40>
100024d4:	1892      	adds	r2, r2, r2
100024d6:	415b      	adcs	r3, r3
100024d8:	3501      	adds	r5, #1
100024da:	001c      	movs	r4, r3
100024dc:	1897      	adds	r7, r2, r2
100024de:	4164      	adcs	r4, r4
100024e0:	3401      	adds	r4, #1
100024e2:	4f46      	ldr	r7, [pc, #280]	; (100025fc <y64_x64+0x58>)
100024e4:	667c      	str	r4, [r7, #100]	; 0x64
100024e6:	4c46      	ldr	r4, [pc, #280]	; (10002600 <y64_x64+0x5c>)
100024e8:	663c      	str	r4, [r7, #96]	; 0x60
100024ea:	0c0e      	lsrs	r6, r1, #16
100024ec:	e7ff      	b.n	100024ee <y64_x48+0x54>
100024ee:	e7ff      	b.n	100024f0 <y64_x48+0x56>
100024f0:	e7ff      	b.n	100024f2 <y64_x48+0x58>
100024f2:	46c0      	nop			; (mov r8, r8)
100024f4:	6f3c      	ldr	r4, [r7, #112]	; 0x70
100024f6:	4366      	muls	r6, r4
100024f8:	0c36      	lsrs	r6, r6, #16
100024fa:	0377      	lsls	r7, r6, #13
100024fc:	46be      	mov	lr, r7
100024fe:	b297      	uxth	r7, r2
10002500:	4377      	muls	r7, r6
10002502:	1bc0      	subs	r0, r0, r7
10002504:	d200      	bcs.n	10002508 <y64_x48+0x6e>
10002506:	3901      	subs	r1, #1
10002508:	1bc0      	subs	r0, r0, r7
1000250a:	d200      	bcs.n	1000250e <y64_x48+0x74>
1000250c:	3901      	subs	r1, #1
1000250e:	b29f      	uxth	r7, r3
10002510:	4377      	muls	r7, r6
10002512:	1bc9      	subs	r1, r1, r7
10002514:	1bc9      	subs	r1, r1, r7
10002516:	0c17      	lsrs	r7, r2, #16
10002518:	4377      	muls	r7, r6
1000251a:	047e      	lsls	r6, r7, #17
1000251c:	0bff      	lsrs	r7, r7, #15
1000251e:	1b80      	subs	r0, r0, r6
10002520:	41b9      	sbcs	r1, r7
10002522:	08ce      	lsrs	r6, r1, #3
10002524:	4366      	muls	r6, r4
10002526:	0c36      	lsrs	r6, r6, #16
10002528:	2d0c      	cmp	r5, #12
1000252a:	db33      	blt.n	10002594 <last1>
1000252c:	44b6      	add	lr, r6
1000252e:	0b12      	lsrs	r2, r2, #12
10002530:	051f      	lsls	r7, r3, #20
10002532:	433a      	orrs	r2, r7
10002534:	0b1b      	lsrs	r3, r3, #12
10002536:	b297      	uxth	r7, r2
10002538:	4377      	muls	r7, r6
1000253a:	1bc0      	subs	r0, r0, r7
1000253c:	d200      	bcs.n	10002540 <y64_x48+0xa6>
1000253e:	3901      	subs	r1, #1
10002540:	b29f      	uxth	r7, r3
10002542:	4377      	muls	r7, r6
10002544:	1bc9      	subs	r1, r1, r7
10002546:	0c17      	lsrs	r7, r2, #16
10002548:	4377      	muls	r7, r6
1000254a:	043e      	lsls	r6, r7, #16
1000254c:	0c3f      	lsrs	r7, r7, #16
1000254e:	1b80      	subs	r0, r0, r6
10002550:	41b9      	sbcs	r1, r7
10002552:	0d86      	lsrs	r6, r0, #22
10002554:	028f      	lsls	r7, r1, #10
10002556:	433e      	orrs	r6, r7
10002558:	4366      	muls	r6, r4
1000255a:	2729      	movs	r7, #41	; 0x29
1000255c:	1b7f      	subs	r7, r7, r5
1000255e:	40fe      	lsrs	r6, r7
10002560:	3d0c      	subs	r5, #12
10002562:	4677      	mov	r7, lr
10002564:	40af      	lsls	r7, r5
10002566:	19bf      	adds	r7, r7, r6
10002568:	bc30      	pop	{r4, r5}
1000256a:	b2a2      	uxth	r2, r4
1000256c:	b2ab      	uxth	r3, r5
1000256e:	4372      	muls	r2, r6
10002570:	4373      	muls	r3, r6
10002572:	1a80      	subs	r0, r0, r2
10002574:	4199      	sbcs	r1, r3
10002576:	0c22      	lsrs	r2, r4, #16
10002578:	4372      	muls	r2, r6
1000257a:	0c13      	lsrs	r3, r2, #16
1000257c:	0412      	lsls	r2, r2, #16
1000257e:	1a80      	subs	r0, r0, r2
10002580:	4199      	sbcs	r1, r3
10002582:	0002      	movs	r2, r0
10002584:	000b      	movs	r3, r1
10002586:	3701      	adds	r7, #1
10002588:	1b00      	subs	r0, r0, r4
1000258a:	41a9      	sbcs	r1, r5
1000258c:	d2f9      	bcs.n	10002582 <y64_x48+0xe8>
1000258e:	1e78      	subs	r0, r7, #1
10002590:	2100      	movs	r1, #0
10002592:	bdf0      	pop	{r4, r5, r6, r7, pc}

10002594 <last1>:
10002594:	270c      	movs	r7, #12
10002596:	1b7f      	subs	r7, r7, r5
10002598:	40fe      	lsrs	r6, r7
1000259a:	4677      	mov	r7, lr
1000259c:	0b7f      	lsrs	r7, r7, #13
1000259e:	40af      	lsls	r7, r5
100025a0:	19ff      	adds	r7, r7, r7
100025a2:	e7e0      	b.n	10002566 <y64_x48+0xcc>

100025a4 <y64_x64>:
100025a4:	2400      	movs	r4, #0
100025a6:	1c5d      	adds	r5, r3, #1
100025a8:	d007      	beq.n	100025ba <y64_x64+0x16>
100025aa:	4f14      	ldr	r7, [pc, #80]	; (100025fc <y64_x64+0x58>)
100025ac:	667d      	str	r5, [r7, #100]	; 0x64
100025ae:	6639      	str	r1, [r7, #96]	; 0x60
100025b0:	e7ff      	b.n	100025b2 <y64_x64+0xe>
100025b2:	e7ff      	b.n	100025b4 <y64_x64+0x10>
100025b4:	e7ff      	b.n	100025b6 <y64_x64+0x12>
100025b6:	e7ff      	b.n	100025b8 <y64_x64+0x14>
100025b8:	6f3c      	ldr	r4, [r7, #112]	; 0x70
100025ba:	b295      	uxth	r5, r2
100025bc:	b29e      	uxth	r6, r3
100025be:	4365      	muls	r5, r4
100025c0:	4366      	muls	r6, r4
100025c2:	1b40      	subs	r0, r0, r5
100025c4:	41b1      	sbcs	r1, r6
100025c6:	0c15      	lsrs	r5, r2, #16
100025c8:	0c1e      	lsrs	r6, r3, #16
100025ca:	4365      	muls	r5, r4
100025cc:	4366      	muls	r6, r4
100025ce:	0436      	lsls	r6, r6, #16
100025d0:	0c2f      	lsrs	r7, r5, #16
100025d2:	433e      	orrs	r6, r7
100025d4:	042d      	lsls	r5, r5, #16
100025d6:	1b40      	subs	r0, r0, r5
100025d8:	41b1      	sbcs	r1, r6
100025da:	4299      	cmp	r1, r3
100025dc:	d204      	bcs.n	100025e8 <y64_x64+0x44>
100025de:	0002      	movs	r2, r0
100025e0:	000b      	movs	r3, r1
100025e2:	0020      	movs	r0, r4
100025e4:	2100      	movs	r1, #0
100025e6:	bdf0      	pop	{r4, r5, r6, r7, pc}
100025e8:	d101      	bne.n	100025ee <y64_x64+0x4a>
100025ea:	4290      	cmp	r0, r2
100025ec:	d3f7      	bcc.n	100025de <y64_x64+0x3a>
100025ee:	1a80      	subs	r0, r0, r2
100025f0:	4199      	sbcs	r1, r3
100025f2:	3401      	adds	r4, #1
100025f4:	4299      	cmp	r1, r3
100025f6:	d3f2      	bcc.n	100025de <y64_x64+0x3a>
100025f8:	e7f6      	b.n	100025e8 <y64_x64+0x44>
100025fa:	0000      	.short	0x0000
100025fc:	d0000000 	.word	0xd0000000
10002600:	ffffffff 	.word	0xffffffff

10002604 <__wrap___aeabi_drsub>:
10002604:	4048      	eors	r0, r1
10002606:	4041      	eors	r1, r0
10002608:	4048      	eors	r0, r1

1000260a <__wrap___aeabi_dsub>:
1000260a:	b418      	push	{r3, r4}
1000260c:	4b1b      	ldr	r3, [pc, #108]	; (1000267c <__wrap___aeabi_dmul+0x12>)
1000260e:	685b      	ldr	r3, [r3, #4]
10002610:	46fc      	mov	ip, pc
10002612:	9301      	str	r3, [sp, #4]
10002614:	bd08      	pop	{r3, pc}
10002616:	df04      	.short	0xdf04
10002618:	100028ab 	.word	0x100028ab

1000261c <__wrap___aeabi_dadd>:
1000261c:	b418      	push	{r3, r4}
1000261e:	4b17      	ldr	r3, [pc, #92]	; (1000267c <__wrap___aeabi_dmul+0x12>)
10002620:	681b      	ldr	r3, [r3, #0]
10002622:	46fc      	mov	ip, pc
10002624:	9301      	str	r3, [sp, #4]
10002626:	bd08      	pop	{r3, pc}
10002628:	28b5df00 	.word	0x28b5df00
1000262c:	1000      	.short	0x1000

1000262e <__wrap___aeabi_ddiv>:
1000262e:	4694      	mov	ip, r2
10002630:	4a13      	ldr	r2, [pc, #76]	; (10002680 <__wrap___aeabi_dmul+0x16>)
10002632:	6f92      	ldr	r2, [r2, #120]	; 0x78
10002634:	0892      	lsrs	r2, r2, #2
10002636:	d209      	bcs.n	1000264c <ddiv_save_state>
10002638:	4662      	mov	r2, ip

1000263a <ddiv_shim_call>:
1000263a:	b418      	push	{r3, r4}
1000263c:	4b0f      	ldr	r3, [pc, #60]	; (1000267c <__wrap___aeabi_dmul+0x12>)
1000263e:	68db      	ldr	r3, [r3, #12]
10002640:	46fc      	mov	ip, pc
10002642:	9301      	str	r3, [sp, #4]
10002644:	bd08      	pop	{r3, pc}
10002646:	df0c      	.short	0xdf0c
10002648:	10002b6d 	.word	0x10002b6d

1000264c <ddiv_save_state>:
1000264c:	4a0c      	ldr	r2, [pc, #48]	; (10002680 <__wrap___aeabi_dmul+0x16>)
1000264e:	b5f0      	push	{r4, r5, r6, r7, lr}
10002650:	6e14      	ldr	r4, [r2, #96]	; 0x60
10002652:	6e55      	ldr	r5, [r2, #100]	; 0x64
10002654:	6f57      	ldr	r7, [r2, #116]	; 0x74
10002656:	6f16      	ldr	r6, [r2, #112]	; 0x70
10002658:	4662      	mov	r2, ip
1000265a:	f7ff ffee 	bl	1000263a <ddiv_shim_call>
1000265e:	4a08      	ldr	r2, [pc, #32]	; (10002680 <__wrap___aeabi_dmul+0x16>)
10002660:	6614      	str	r4, [r2, #96]	; 0x60
10002662:	6655      	str	r5, [r2, #100]	; 0x64
10002664:	6757      	str	r7, [r2, #116]	; 0x74
10002666:	6716      	str	r6, [r2, #112]	; 0x70
10002668:	bdf0      	pop	{r4, r5, r6, r7, pc}

1000266a <__wrap___aeabi_dmul>:
1000266a:	b418      	push	{r3, r4}
1000266c:	4b03      	ldr	r3, [pc, #12]	; (1000267c <__wrap___aeabi_dmul+0x12>)
1000266e:	689b      	ldr	r3, [r3, #8]
10002670:	46fc      	mov	ip, pc
10002672:	9301      	str	r3, [sp, #4]
10002674:	bd08      	pop	{r3, pc}
10002676:	df08      	.short	0xdf08
10002678:	10002a11 	.word	0x10002a11
1000267c:	20001238 	.word	0x20001238
10002680:	d0000000 	.word	0xd0000000

10002684 <__wrap___aeabi_cdrcmple>:
10002684:	b5ff      	push	{r0, r1, r2, r3, r4, r5, r6, r7, lr}
10002686:	4050      	eors	r0, r2
10002688:	4042      	eors	r2, r0
1000268a:	4050      	eors	r0, r2
1000268c:	4059      	eors	r1, r3
1000268e:	404b      	eors	r3, r1
10002690:	4059      	eors	r1, r3
10002692:	e000      	b.n	10002696 <__aeabi_dfcmple_guts>

10002694 <__wrap___aeabi_cdcmpeq>:
10002694:	b5ff      	push	{r0, r1, r2, r3, r4, r5, r6, r7, lr}

10002696 <__aeabi_dfcmple_guts>:
10002696:	4f15      	ldr	r7, [pc, #84]	; (100026ec <__aeabi_dfcmple_guts+0x56>)
10002698:	004c      	lsls	r4, r1, #1
1000269a:	0d64      	lsrs	r4, r4, #21
1000269c:	d003      	beq.n	100026a6 <__aeabi_dfcmple_guts+0x10>
1000269e:	42bc      	cmp	r4, r7
100026a0:	d104      	bne.n	100026ac <__aeabi_dfcmple_guts+0x16>
100026a2:	030c      	lsls	r4, r1, #12
100026a4:	d814      	bhi.n	100026d0 <__aeabi_dfcmple_guts+0x3a>
100026a6:	2000      	movs	r0, #0
100026a8:	0d09      	lsrs	r1, r1, #20
100026aa:	0509      	lsls	r1, r1, #20
100026ac:	005c      	lsls	r4, r3, #1
100026ae:	0d64      	lsrs	r4, r4, #21
100026b0:	d003      	beq.n	100026ba <__aeabi_dfcmple_guts+0x24>
100026b2:	42bc      	cmp	r4, r7
100026b4:	d104      	bne.n	100026c0 <__aeabi_dfcmple_guts+0x2a>
100026b6:	031c      	lsls	r4, r3, #12
100026b8:	d80a      	bhi.n	100026d0 <__aeabi_dfcmple_guts+0x3a>
100026ba:	2200      	movs	r2, #0
100026bc:	0d1b      	lsrs	r3, r3, #20
100026be:	051b      	lsls	r3, r3, #20
100026c0:	2601      	movs	r6, #1
100026c2:	404b      	eors	r3, r1
100026c4:	d409      	bmi.n	100026da <__aeabi_dfcmple_guts+0x44>
100026c6:	404b      	eors	r3, r1
100026c8:	d503      	bpl.n	100026d2 <__aeabi_dfcmple_guts+0x3c>
100026ca:	428b      	cmp	r3, r1
100026cc:	d100      	bne.n	100026d0 <__aeabi_dfcmple_guts+0x3a>
100026ce:	4282      	cmp	r2, r0
100026d0:	bdff      	pop	{r0, r1, r2, r3, r4, r5, r6, r7, pc}
100026d2:	4299      	cmp	r1, r3
100026d4:	d1fc      	bne.n	100026d0 <__aeabi_dfcmple_guts+0x3a>
100026d6:	4290      	cmp	r0, r2
100026d8:	bdff      	pop	{r0, r1, r2, r3, r4, r5, r6, r7, pc}
100026da:	430b      	orrs	r3, r1
100026dc:	18db      	adds	r3, r3, r3
100026de:	4303      	orrs	r3, r0
100026e0:	4313      	orrs	r3, r2
100026e2:	d0f5      	beq.n	100026d0 <__aeabi_dfcmple_guts+0x3a>
100026e4:	43c9      	mvns	r1, r1
100026e6:	1849      	adds	r1, r1, r1
100026e8:	bdff      	pop	{r0, r1, r2, r3, r4, r5, r6, r7, pc}
100026ea:	0000      	.short	0x0000
100026ec:	000007ff 	.word	0x000007ff

100026f0 <__wrap___aeabi_dcmplt>:
100026f0:	b500      	push	{lr}
100026f2:	f7ff ffcf 	bl	10002694 <__wrap___aeabi_cdcmpeq>
100026f6:	4180      	sbcs	r0, r0
100026f8:	bd00      	pop	{pc}
100026fa:	46c0      	nop			; (mov r8, r8)

100026fc <__wrap___aeabi_dcmple>:
100026fc:	b500      	push	{lr}
100026fe:	f7ff ffc9 	bl	10002694 <__wrap___aeabi_cdcmpeq>
10002702:	d901      	bls.n	10002708 <__wrap___aeabi_dcmple+0xc>
10002704:	2000      	movs	r0, #0
10002706:	bd00      	pop	{pc}
10002708:	2001      	movs	r0, #1
1000270a:	bd00      	pop	{pc}

1000270c <__wrap___aeabi_dcmpge>:
1000270c:	b500      	push	{lr}
1000270e:	f7ff ffb9 	bl	10002684 <__wrap___aeabi_cdrcmple>
10002712:	d901      	bls.n	10002718 <__wrap___aeabi_dcmpge+0xc>
10002714:	2000      	movs	r0, #0
10002716:	bd00      	pop	{pc}
10002718:	2001      	movs	r0, #1
1000271a:	bd00      	pop	{pc}

1000271c <__wrap___aeabi_dcmpgt>:
1000271c:	b500      	push	{lr}
1000271e:	f7ff ffb1 	bl	10002684 <__wrap___aeabi_cdrcmple>
10002722:	4180      	sbcs	r0, r0
10002724:	bd00      	pop	{pc}

10002726 <__wrap___aeabi_dcmpun>:
10002726:	2001      	movs	r0, #1
10002728:	0540      	lsls	r0, r0, #21
1000272a:	004a      	lsls	r2, r1, #1
1000272c:	1812      	adds	r2, r2, r0
1000272e:	d804      	bhi.n	1000273a <__wrap___aeabi_dcmpun+0x14>
10002730:	005a      	lsls	r2, r3, #1
10002732:	1812      	adds	r2, r2, r0
10002734:	d801      	bhi.n	1000273a <__wrap___aeabi_dcmpun+0x14>
10002736:	2000      	movs	r0, #0
10002738:	4770      	bx	lr
1000273a:	2001      	movs	r0, #1
1000273c:	4770      	bx	lr
	...

10002740 <__wrap___aeabi_ui2d>:
10002740:	2100      	movs	r1, #0
10002742:	2800      	cmp	r0, #0
10002744:	d105      	bne.n	10002752 <__wrap___aeabi_i2d+0xa>
10002746:	4770      	bx	lr

10002748 <__wrap___aeabi_i2d>:
10002748:	17c1      	asrs	r1, r0, #31
1000274a:	4048      	eors	r0, r1
1000274c:	1a40      	subs	r0, r0, r1
1000274e:	d0fa      	beq.n	10002746 <__wrap___aeabi_ui2d+0x6>
10002750:	07c9      	lsls	r1, r1, #31
10002752:	b513      	push	{r0, r1, r4, lr}
10002754:	4b06      	ldr	r3, [pc, #24]	; (10002770 <__wrap___aeabi_i2d+0x28>)
10002756:	681b      	ldr	r3, [r3, #0]
10002758:	4798      	blx	r3
1000275a:	bc0c      	pop	{r2, r3}
1000275c:	1c44      	adds	r4, r0, #1
1000275e:	40a2      	lsls	r2, r4
10002760:	0510      	lsls	r0, r2, #20
10002762:	0b12      	lsrs	r2, r2, #12
10002764:	4903      	ldr	r1, [pc, #12]	; (10002774 <__wrap___aeabi_i2d+0x2c>)
10002766:	1b09      	subs	r1, r1, r4
10002768:	0509      	lsls	r1, r1, #20
1000276a:	4319      	orrs	r1, r3
1000276c:	4311      	orrs	r1, r2
1000276e:	bd10      	pop	{r4, pc}
10002770:	20001cb4 	.word	0x20001cb4
10002774:	0000041f 	.word	0x0000041f

10002778 <__wrap___aeabi_d2iz>:
10002778:	b510      	push	{r4, lr}
1000277a:	004c      	lsls	r4, r1, #1
1000277c:	0d62      	lsrs	r2, r4, #21
1000277e:	2380      	movs	r3, #128	; 0x80
10002780:	18d2      	adds	r2, r2, r3
10002782:	00db      	lsls	r3, r3, #3
10002784:	1ad2      	subs	r2, r2, r3
10002786:	055b      	lsls	r3, r3, #21
10002788:	2a7e      	cmp	r2, #126	; 0x7e
1000278a:	dd10      	ble.n	100027ae <__wrap___aeabi_d2iz+0x36>
1000278c:	3a9e      	subs	r2, #158	; 0x9e
1000278e:	da13      	bge.n	100027b8 <__wrap___aeabi_d2iz+0x40>
10002790:	17cc      	asrs	r4, r1, #31
10002792:	0309      	lsls	r1, r1, #12
10002794:	0849      	lsrs	r1, r1, #1
10002796:	4319      	orrs	r1, r3
10002798:	4252      	negs	r2, r2
1000279a:	40d1      	lsrs	r1, r2
1000279c:	0064      	lsls	r4, r4, #1
1000279e:	3401      	adds	r4, #1
100027a0:	3215      	adds	r2, #21
100027a2:	2a20      	cmp	r2, #32
100027a4:	da05      	bge.n	100027b2 <__wrap___aeabi_d2iz+0x3a>
100027a6:	40d0      	lsrs	r0, r2
100027a8:	4308      	orrs	r0, r1
100027aa:	4360      	muls	r0, r4
100027ac:	bd10      	pop	{r4, pc}
100027ae:	2000      	movs	r0, #0
100027b0:	bd10      	pop	{r4, pc}
100027b2:	4608      	mov	r0, r1
100027b4:	4360      	muls	r0, r4
100027b6:	bd10      	pop	{r4, pc}
100027b8:	0fc8      	lsrs	r0, r1, #31
100027ba:	18c0      	adds	r0, r0, r3
100027bc:	3801      	subs	r0, #1
100027be:	bd10      	pop	{r4, pc}

100027c0 <__wrap___aeabi_d2uiz>:
100027c0:	b418      	push	{r3, r4}
100027c2:	4b04      	ldr	r3, [pc, #16]	; (100027d4 <__wrap___aeabi_d2uiz+0x14>)
100027c4:	6a5b      	ldr	r3, [r3, #36]	; 0x24
100027c6:	46fc      	mov	ip, pc
100027c8:	9301      	str	r3, [sp, #4]
100027ca:	bd08      	pop	{r3, pc}
100027cc:	2d1ddf24 	.word	0x2d1ddf24
100027d0:	00001000 	.word	0x00001000
100027d4:	20001238 	.word	0x20001238

100027d8 <__aeabi_double_init>:
100027d8:	2313      	movs	r3, #19
100027da:	b570      	push	{r4, r5, r6, lr}
100027dc:	781d      	ldrb	r5, [r3, #0]
100027de:	2d01      	cmp	r5, #1
100027e0:	d019      	beq.n	10002816 <__aeabi_double_init+0x3e>
100027e2:	dd14      	ble.n	1000280e <__aeabi_double_init+0x36>
100027e4:	481e      	ldr	r0, [pc, #120]	; (10002860 <__aeabi_double_init+0x88>)
100027e6:	f7ff fb2f 	bl	10001e48 <rom_data_lookup>
100027ea:	0006      	movs	r6, r0
100027ec:	481d      	ldr	r0, [pc, #116]	; (10002864 <__aeabi_double_init+0x8c>)
100027ee:	f7ff fb2b 	bl	10001e48 <rom_data_lookup>
100027f2:	4c1d      	ldr	r4, [pc, #116]	; (10002868 <__aeabi_double_init+0x90>)
100027f4:	2280      	movs	r2, #128	; 0x80
100027f6:	0031      	movs	r1, r6
100027f8:	0020      	movs	r0, r4
100027fa:	f000 fb5d 	bl	10002eb8 <__wrap___aeabi_memcpy>
100027fe:	2d02      	cmp	r5, #2
10002800:	d006      	beq.n	10002810 <__aeabi_double_init+0x38>
10002802:	481a      	ldr	r0, [pc, #104]	; (1000286c <__aeabi_double_init+0x94>)
10002804:	f7ff fb18 	bl	10001e38 <rom_func_lookup>
10002808:	4b19      	ldr	r3, [pc, #100]	; (10002870 <__aeabi_double_init+0x98>)
1000280a:	6018      	str	r0, [r3, #0]
1000280c:	bd70      	pop	{r4, r5, r6, pc}
1000280e:	4c16      	ldr	r4, [pc, #88]	; (10002868 <__aeabi_double_init+0x90>)
10002810:	4b18      	ldr	r3, [pc, #96]	; (10002874 <__aeabi_double_init+0x9c>)
10002812:	64a3      	str	r3, [r4, #72]	; 0x48
10002814:	e7f5      	b.n	10002802 <__aeabi_double_init+0x2a>
10002816:	4b17      	ldr	r3, [pc, #92]	; (10002874 <__aeabi_double_init+0x9c>)
10002818:	4c13      	ldr	r4, [pc, #76]	; (10002868 <__aeabi_double_init+0x90>)
1000281a:	6023      	str	r3, [r4, #0]
1000281c:	6063      	str	r3, [r4, #4]
1000281e:	60a3      	str	r3, [r4, #8]
10002820:	60e3      	str	r3, [r4, #12]
10002822:	6123      	str	r3, [r4, #16]
10002824:	6163      	str	r3, [r4, #20]
10002826:	61a3      	str	r3, [r4, #24]
10002828:	61e3      	str	r3, [r4, #28]
1000282a:	6223      	str	r3, [r4, #32]
1000282c:	6263      	str	r3, [r4, #36]	; 0x24
1000282e:	62a3      	str	r3, [r4, #40]	; 0x28
10002830:	62e3      	str	r3, [r4, #44]	; 0x2c
10002832:	6323      	str	r3, [r4, #48]	; 0x30
10002834:	6363      	str	r3, [r4, #52]	; 0x34
10002836:	63a3      	str	r3, [r4, #56]	; 0x38
10002838:	63e3      	str	r3, [r4, #60]	; 0x3c
1000283a:	6423      	str	r3, [r4, #64]	; 0x40
1000283c:	6463      	str	r3, [r4, #68]	; 0x44
1000283e:	64a3      	str	r3, [r4, #72]	; 0x48
10002840:	64e3      	str	r3, [r4, #76]	; 0x4c
10002842:	6523      	str	r3, [r4, #80]	; 0x50
10002844:	6563      	str	r3, [r4, #84]	; 0x54
10002846:	65a3      	str	r3, [r4, #88]	; 0x58
10002848:	65e3      	str	r3, [r4, #92]	; 0x5c
1000284a:	6623      	str	r3, [r4, #96]	; 0x60
1000284c:	6663      	str	r3, [r4, #100]	; 0x64
1000284e:	66a3      	str	r3, [r4, #104]	; 0x68
10002850:	66e3      	str	r3, [r4, #108]	; 0x6c
10002852:	6723      	str	r3, [r4, #112]	; 0x70
10002854:	6763      	str	r3, [r4, #116]	; 0x74
10002856:	67a3      	str	r3, [r4, #120]	; 0x78
10002858:	67e3      	str	r3, [r4, #124]	; 0x7c
1000285a:	64a3      	str	r3, [r4, #72]	; 0x48
1000285c:	e7d1      	b.n	10002802 <__aeabi_double_init+0x2a>
1000285e:	46c0      	nop			; (mov r8, r8)
10002860:	00004453 	.word	0x00004453
10002864:	00004653 	.word	0x00004653
10002868:	20001238 	.word	0x20001238
1000286c:	0000334c 	.word	0x0000334c
10002870:	20001cb4 	.word	0x20001cb4
10002874:	10002879 	.word	0x10002879

10002878 <double_table_shim_on_use_helper>:
10002878:	b507      	push	{r0, r1, r2, lr}
1000287a:	4660      	mov	r0, ip
1000287c:	8801      	ldrh	r1, [r0, #0]
1000287e:	0a0a      	lsrs	r2, r1, #8
10002880:	3002      	adds	r0, #2
10002882:	2adf      	cmp	r2, #223	; 0xdf
10002884:	d1fa      	bne.n	1000287c <double_table_shim_on_use_helper+0x4>
10002886:	b2c9      	uxtb	r1, r1
10002888:	0882      	lsrs	r2, r0, #2
1000288a:	d304      	bcc.n	10002896 <double_table_shim_on_use_helper+0x1e>
1000288c:	8802      	ldrh	r2, [r0, #0]
1000288e:	8840      	ldrh	r0, [r0, #2]
10002890:	0400      	lsls	r0, r0, #16
10002892:	4310      	orrs	r0, r2
10002894:	e000      	b.n	10002898 <double_table_shim_on_use_helper+0x20>
10002896:	6800      	ldr	r0, [r0, #0]
10002898:	4a01      	ldr	r2, [pc, #4]	; (100028a0 <double_table_shim_on_use_helper+0x28>)
1000289a:	5050      	str	r0, [r2, r1]
1000289c:	9003      	str	r0, [sp, #12]
1000289e:	bd07      	pop	{r0, r1, r2, pc}
100028a0:	20001238 	.word	0x20001238

100028a4 <drsub_shim>:
100028a4:	b40f      	push	{r0, r1, r2, r3}
100028a6:	bc03      	pop	{r0, r1}
100028a8:	bc0c      	pop	{r2, r3}

100028aa <dsub_shim>:
100028aa:	b5f0      	push	{r4, r5, r6, r7, lr}
100028ac:	2401      	movs	r4, #1
100028ae:	07e4      	lsls	r4, r4, #31
100028b0:	4063      	eors	r3, r4
100028b2:	e000      	b.n	100028b6 <da_entry>

100028b4 <dadd_shim>:
100028b4:	b5f0      	push	{r4, r5, r6, r7, lr}

100028b6 <da_entry>:
100028b6:	0d0c      	lsrs	r4, r1, #20
100028b8:	0fcf      	lsrs	r7, r1, #31
100028ba:	1e66      	subs	r6, r4, #1
100028bc:	0536      	lsls	r6, r6, #20
100028be:	1b89      	subs	r1, r1, r6
100028c0:	0564      	lsls	r4, r4, #21
100028c2:	d303      	bcc.n	100028cc <l8_1>
100028c4:	43c9      	mvns	r1, r1
100028c6:	4240      	negs	r0, r0
100028c8:	d300      	bcc.n	100028cc <l8_1>
100028ca:	3101      	adds	r1, #1

100028cc <l8_1>:
100028cc:	0d64      	lsrs	r4, r4, #21
100028ce:	d003      	beq.n	100028d8 <l8_2>
100028d0:	1c66      	adds	r6, r4, #1
100028d2:	0af6      	lsrs	r6, r6, #11
100028d4:	d007      	beq.n	100028e6 <l8_3>
100028d6:	1be4      	subs	r4, r4, r7

100028d8 <l8_2>:
100028d8:	2000      	movs	r0, #0
100028da:	007f      	lsls	r7, r7, #1
100028dc:	1c79      	adds	r1, r7, #1
100028de:	0789      	lsls	r1, r1, #30
100028e0:	1289      	asrs	r1, r1, #10
100028e2:	3c80      	subs	r4, #128	; 0x80
100028e4:	0324      	lsls	r4, r4, #12

100028e6 <l8_3>:
100028e6:	0d1d      	lsrs	r5, r3, #20
100028e8:	0fdf      	lsrs	r7, r3, #31
100028ea:	1e6e      	subs	r6, r5, #1
100028ec:	0536      	lsls	r6, r6, #20
100028ee:	1b9b      	subs	r3, r3, r6
100028f0:	056d      	lsls	r5, r5, #21
100028f2:	d303      	bcc.n	100028fc <l9_1>
100028f4:	43db      	mvns	r3, r3
100028f6:	4252      	negs	r2, r2
100028f8:	d300      	bcc.n	100028fc <l9_1>
100028fa:	3301      	adds	r3, #1

100028fc <l9_1>:
100028fc:	0d6d      	lsrs	r5, r5, #21
100028fe:	d003      	beq.n	10002908 <l9_2>
10002900:	1c6e      	adds	r6, r5, #1
10002902:	0af6      	lsrs	r6, r6, #11
10002904:	d007      	beq.n	10002916 <l9_3>
10002906:	1bed      	subs	r5, r5, r7

10002908 <l9_2>:
10002908:	2200      	movs	r2, #0
1000290a:	007f      	lsls	r7, r7, #1
1000290c:	1c7b      	adds	r3, r7, #1
1000290e:	079b      	lsls	r3, r3, #30
10002910:	129b      	asrs	r3, r3, #10
10002912:	3d80      	subs	r5, #128	; 0x80
10002914:	032d      	lsls	r5, r5, #12

10002916 <l9_3>:
10002916:	1b2f      	subs	r7, r5, r4
10002918:	1b66      	subs	r6, r4, r5
1000291a:	d458      	bmi.n	100029ce <da_ygtx>
1000291c:	46a4      	mov	ip, r4
1000291e:	2e20      	cmp	r6, #32
10002920:	da46      	bge.n	100029b0 <da_xrgty>
10002922:	3720      	adds	r7, #32
10002924:	0014      	movs	r4, r2
10002926:	40bc      	lsls	r4, r7

10002928 <da_xgty0>:
10002928:	001d      	movs	r5, r3
1000292a:	40bd      	lsls	r5, r7
1000292c:	40f2      	lsrs	r2, r6
1000292e:	4133      	asrs	r3, r6
10002930:	432a      	orrs	r2, r5

10002932 <da_add>:
10002932:	1880      	adds	r0, r0, r2
10002934:	4159      	adcs	r1, r3

10002936 <da_pack>:
10002936:	0fcb      	lsrs	r3, r1, #31
10002938:	d005      	beq.n	10002946 <da_pack+0x10>
1000293a:	43c9      	mvns	r1, r1
1000293c:	43c0      	mvns	r0, r0
1000293e:	2200      	movs	r2, #0
10002940:	4264      	negs	r4, r4
10002942:	4150      	adcs	r0, r2
10002944:	4151      	adcs	r1, r2
10002946:	4662      	mov	r2, ip
10002948:	0d4d      	lsrs	r5, r1, #21
1000294a:	d128      	bne.n	1000299e <da_0>
1000294c:	0d0d      	lsrs	r5, r1, #20
1000294e:	d107      	bne.n	10002960 <da_1>
10002950:	2800      	cmp	r0, #0
10002952:	d01f      	beq.n	10002994 <da_5>

10002954 <da_2>:
10002954:	1924      	adds	r4, r4, r4
10002956:	4140      	adcs	r0, r0
10002958:	4149      	adcs	r1, r1
1000295a:	3a01      	subs	r2, #1
1000295c:	0d0d      	lsrs	r5, r1, #20
1000295e:	d0f9      	beq.n	10002954 <da_2>

10002960 <da_1>:
10002960:	0064      	lsls	r4, r4, #1
10002962:	d306      	bcc.n	10002972 <da_3>

10002964 <da_4>:
10002964:	3001      	adds	r0, #1
10002966:	d300      	bcc.n	1000296a <da_4+0x6>
10002968:	3101      	adds	r1, #1
1000296a:	2c00      	cmp	r4, #0
1000296c:	d101      	bne.n	10002972 <da_3>
1000296e:	0840      	lsrs	r0, r0, #1
10002970:	0040      	lsls	r0, r0, #1

10002972 <da_3>:
10002972:	3a01      	subs	r2, #1
10002974:	d40b      	bmi.n	1000298e <da_6>
10002976:	1c94      	adds	r4, r2, #2
10002978:	0ae4      	lsrs	r4, r4, #11
1000297a:	d104      	bne.n	10002986 <da_7>
1000297c:	0512      	lsls	r2, r2, #20
1000297e:	4411      	add	r1, r2
10002980:	07db      	lsls	r3, r3, #31
10002982:	4419      	add	r1, r3
10002984:	bdf0      	pop	{r4, r5, r6, r7, pc}

10002986 <da_7>:
10002986:	07d9      	lsls	r1, r3, #31
10002988:	4b20      	ldr	r3, [pc, #128]	; (10002a0c <da_xmgty+0x4>)
1000298a:	4319      	orrs	r1, r3
1000298c:	e000      	b.n	10002990 <da_6+0x2>

1000298e <da_6>:
1000298e:	07d9      	lsls	r1, r3, #31
10002990:	2000      	movs	r0, #0
10002992:	bdf0      	pop	{r4, r5, r6, r7, pc}

10002994 <da_5>:
10002994:	2900      	cmp	r1, #0
10002996:	d1dd      	bne.n	10002954 <da_2>
10002998:	2c00      	cmp	r4, #0
1000299a:	d1db      	bne.n	10002954 <da_2>
1000299c:	bdf0      	pop	{r4, r5, r6, r7, pc}

1000299e <da_0>:
1000299e:	3201      	adds	r2, #1
100029a0:	07c6      	lsls	r6, r0, #31
100029a2:	0840      	lsrs	r0, r0, #1
100029a4:	07cd      	lsls	r5, r1, #31
100029a6:	4328      	orrs	r0, r5
100029a8:	0849      	lsrs	r1, r1, #1
100029aa:	2e00      	cmp	r6, #0
100029ac:	d0e1      	beq.n	10002972 <da_3>
100029ae:	e7d9      	b.n	10002964 <da_4>

100029b0 <da_xrgty>:
100029b0:	2e3c      	cmp	r6, #60	; 0x3c
100029b2:	da29      	bge.n	10002a08 <da_xmgty>
100029b4:	3e20      	subs	r6, #32
100029b6:	3740      	adds	r7, #64	; 0x40
100029b8:	0014      	movs	r4, r2
100029ba:	40bc      	lsls	r4, r7
100029bc:	d000      	beq.n	100029c0 <da_xrgty+0x10>
100029be:	2401      	movs	r4, #1
100029c0:	40f2      	lsrs	r2, r6
100029c2:	4314      	orrs	r4, r2
100029c4:	001a      	movs	r2, r3
100029c6:	40bb      	lsls	r3, r7
100029c8:	431c      	orrs	r4, r3
100029ca:	17d3      	asrs	r3, r2, #31
100029cc:	e7ac      	b.n	10002928 <da_xgty0>

100029ce <da_ygtx>:
100029ce:	46ac      	mov	ip, r5
100029d0:	2f20      	cmp	r7, #32
100029d2:	da08      	bge.n	100029e6 <da_yrgtx>
100029d4:	3620      	adds	r6, #32
100029d6:	0004      	movs	r4, r0
100029d8:	40b4      	lsls	r4, r6

100029da <da_ygtx0>:
100029da:	000d      	movs	r5, r1
100029dc:	40b5      	lsls	r5, r6
100029de:	40f8      	lsrs	r0, r7
100029e0:	4139      	asrs	r1, r7
100029e2:	4328      	orrs	r0, r5
100029e4:	e7a5      	b.n	10002932 <da_add>

100029e6 <da_yrgtx>:
100029e6:	2f3c      	cmp	r7, #60	; 0x3c
100029e8:	da0c      	bge.n	10002a04 <da_ymgtx>
100029ea:	3f20      	subs	r7, #32
100029ec:	3640      	adds	r6, #64	; 0x40
100029ee:	0004      	movs	r4, r0
100029f0:	40b4      	lsls	r4, r6
100029f2:	d000      	beq.n	100029f6 <da_yrgtx+0x10>
100029f4:	2401      	movs	r4, #1
100029f6:	40f8      	lsrs	r0, r7
100029f8:	4304      	orrs	r4, r0
100029fa:	0008      	movs	r0, r1
100029fc:	40b1      	lsls	r1, r6
100029fe:	430c      	orrs	r4, r1
10002a00:	17c1      	asrs	r1, r0, #31
10002a02:	e7ea      	b.n	100029da <da_ygtx0>

10002a04 <da_ymgtx>:
10002a04:	0010      	movs	r0, r2
10002a06:	0019      	movs	r1, r3

10002a08 <da_xmgty>:
10002a08:	2400      	movs	r4, #0
10002a0a:	e794      	b.n	10002936 <da_pack>
10002a0c:	7ff00000 	.word	0x7ff00000

10002a10 <dmul_shim>:
10002a10:	b5f0      	push	{r4, r5, r6, r7, lr}
10002a12:	0d0c      	lsrs	r4, r1, #20
10002a14:	1e66      	subs	r6, r4, #1
10002a16:	0536      	lsls	r6, r6, #20
10002a18:	1b89      	subs	r1, r1, r6
10002a1a:	0ae6      	lsrs	r6, r4, #11
10002a1c:	0564      	lsls	r4, r4, #21
10002a1e:	0d64      	lsrs	r4, r4, #21
10002a20:	d002      	beq.n	10002a28 <l12_1>
10002a22:	1c65      	adds	r5, r4, #1
10002a24:	0aed      	lsrs	r5, r5, #11
10002a26:	d004      	beq.n	10002a32 <l12_2>

10002a28 <l12_1>:
10002a28:	2000      	movs	r0, #0
10002a2a:	2101      	movs	r1, #1
10002a2c:	0509      	lsls	r1, r1, #20
10002a2e:	3c80      	subs	r4, #128	; 0x80
10002a30:	0324      	lsls	r4, r4, #12

10002a32 <l12_2>:
10002a32:	46a4      	mov	ip, r4
10002a34:	0d1c      	lsrs	r4, r3, #20
10002a36:	1e67      	subs	r7, r4, #1
10002a38:	053f      	lsls	r7, r7, #20
10002a3a:	1bdb      	subs	r3, r3, r7
10002a3c:	0ae7      	lsrs	r7, r4, #11
10002a3e:	0564      	lsls	r4, r4, #21
10002a40:	0d64      	lsrs	r4, r4, #21
10002a42:	d002      	beq.n	10002a4a <l13_1>
10002a44:	1c65      	adds	r5, r4, #1
10002a46:	0aed      	lsrs	r5, r5, #11
10002a48:	d004      	beq.n	10002a54 <l13_2>

10002a4a <l13_1>:
10002a4a:	2200      	movs	r2, #0
10002a4c:	2301      	movs	r3, #1
10002a4e:	051b      	lsls	r3, r3, #20
10002a50:	3c80      	subs	r4, #128	; 0x80
10002a52:	0324      	lsls	r4, r4, #12

10002a54 <l13_2>:
10002a54:	4077      	eors	r7, r6
10002a56:	4464      	add	r4, ip
10002a58:	b497      	push	{r0, r1, r2, r4, r7}
10002a5a:	b284      	uxth	r4, r0
10002a5c:	b296      	uxth	r6, r2
10002a5e:	4374      	muls	r4, r6
10002a60:	0c07      	lsrs	r7, r0, #16
10002a62:	437e      	muls	r6, r7
10002a64:	0c15      	lsrs	r5, r2, #16
10002a66:	436f      	muls	r7, r5
10002a68:	b280      	uxth	r0, r0
10002a6a:	4368      	muls	r0, r5
10002a6c:	1836      	adds	r6, r6, r0
10002a6e:	d302      	bcc.n	10002a76 <l14_1>
10002a70:	2001      	movs	r0, #1
10002a72:	0400      	lsls	r0, r0, #16
10002a74:	183f      	adds	r7, r7, r0

10002a76 <l14_1>:
10002a76:	0430      	lsls	r0, r6, #16
10002a78:	0c35      	lsrs	r5, r6, #16
10002a7a:	1900      	adds	r0, r0, r4
10002a7c:	417d      	adcs	r5, r7
10002a7e:	4684      	mov	ip, r0
10002a80:	b288      	uxth	r0, r1
10002a82:	b29a      	uxth	r2, r3
10002a84:	4350      	muls	r0, r2
10002a86:	0c0c      	lsrs	r4, r1, #16
10002a88:	4362      	muls	r2, r4
10002a8a:	0c1f      	lsrs	r7, r3, #16
10002a8c:	437c      	muls	r4, r7
10002a8e:	b28e      	uxth	r6, r1
10002a90:	437e      	muls	r6, r7
10002a92:	1992      	adds	r2, r2, r6
10002a94:	d302      	bcc.n	10002a9c <l15_1>
10002a96:	2601      	movs	r6, #1
10002a98:	0436      	lsls	r6, r6, #16
10002a9a:	19a4      	adds	r4, r4, r6

10002a9c <l15_1>:
10002a9c:	0416      	lsls	r6, r2, #16
10002a9e:	0c17      	lsrs	r7, r2, #16
10002aa0:	1836      	adds	r6, r6, r0
10002aa2:	4167      	adcs	r7, r4
10002aa4:	bc01      	pop	{r0}
10002aa6:	b281      	uxth	r1, r0
10002aa8:	b29a      	uxth	r2, r3
10002aaa:	4351      	muls	r1, r2
10002aac:	0c04      	lsrs	r4, r0, #16
10002aae:	4362      	muls	r2, r4
10002ab0:	0c1b      	lsrs	r3, r3, #16
10002ab2:	435c      	muls	r4, r3
10002ab4:	b280      	uxth	r0, r0
10002ab6:	4358      	muls	r0, r3
10002ab8:	1812      	adds	r2, r2, r0
10002aba:	d302      	bcc.n	10002ac2 <l16_1>
10002abc:	2001      	movs	r0, #1
10002abe:	0400      	lsls	r0, r0, #16
10002ac0:	1824      	adds	r4, r4, r0

10002ac2 <l16_1>:
10002ac2:	0410      	lsls	r0, r2, #16
10002ac4:	0c13      	lsrs	r3, r2, #16
10002ac6:	1840      	adds	r0, r0, r1
10002ac8:	4163      	adcs	r3, r4
10002aca:	182d      	adds	r5, r5, r0
10002acc:	415e      	adcs	r6, r3
10002ace:	2000      	movs	r0, #0
10002ad0:	4147      	adcs	r7, r0
10002ad2:	bc06      	pop	{r1, r2}
10002ad4:	b288      	uxth	r0, r1
10002ad6:	b293      	uxth	r3, r2
10002ad8:	4358      	muls	r0, r3
10002ada:	0c0c      	lsrs	r4, r1, #16
10002adc:	4363      	muls	r3, r4
10002ade:	0c12      	lsrs	r2, r2, #16
10002ae0:	4354      	muls	r4, r2
10002ae2:	b289      	uxth	r1, r1
10002ae4:	4351      	muls	r1, r2
10002ae6:	185b      	adds	r3, r3, r1
10002ae8:	d302      	bcc.n	10002af0 <l17_1>
10002aea:	2101      	movs	r1, #1
10002aec:	0409      	lsls	r1, r1, #16
10002aee:	1864      	adds	r4, r4, r1

10002af0 <l17_1>:
10002af0:	0419      	lsls	r1, r3, #16
10002af2:	0c1a      	lsrs	r2, r3, #16
10002af4:	1809      	adds	r1, r1, r0
10002af6:	4162      	adcs	r2, r4
10002af8:	186d      	adds	r5, r5, r1
10002afa:	4156      	adcs	r6, r2
10002afc:	2000      	movs	r0, #0
10002afe:	4147      	adcs	r7, r0
10002b00:	bc18      	pop	{r3, r4}
10002b02:	02f9      	lsls	r1, r7, #11
10002b04:	0d72      	lsrs	r2, r6, #21
10002b06:	4311      	orrs	r1, r2
10002b08:	02f0      	lsls	r0, r6, #11
10002b0a:	0d6a      	lsrs	r2, r5, #21
10002b0c:	4310      	orrs	r0, r2
10002b0e:	02ed      	lsls	r5, r5, #11
10002b10:	0d0a      	lsrs	r2, r1, #20
10002b12:	d103      	bne.n	10002b1c <l17_1+0x2c>
10002b14:	196d      	adds	r5, r5, r5
10002b16:	4140      	adcs	r0, r0
10002b18:	4149      	adcs	r1, r1
10002b1a:	3b01      	subs	r3, #1
10002b1c:	4e12      	ldr	r6, [pc, #72]	; (10002b68 <dm_1+0xa>)
10002b1e:	1b9b      	subs	r3, r3, r6
10002b20:	0076      	lsls	r6, r6, #1
10002b22:	42b3      	cmp	r3, r6
10002b24:	d20e      	bcs.n	10002b44 <dm_0>
10002b26:	006d      	lsls	r5, r5, #1
10002b28:	d307      	bcc.n	10002b3a <l17_1+0x4a>
10002b2a:	3001      	adds	r0, #1
10002b2c:	2600      	movs	r6, #0
10002b2e:	4171      	adcs	r1, r6
10002b30:	4666      	mov	r6, ip
10002b32:	4335      	orrs	r5, r6
10002b34:	d101      	bne.n	10002b3a <l17_1+0x4a>
10002b36:	0840      	lsrs	r0, r0, #1
10002b38:	0040      	lsls	r0, r0, #1
10002b3a:	051b      	lsls	r3, r3, #20
10002b3c:	18c9      	adds	r1, r1, r3

10002b3e <dm_2>:
10002b3e:	07e4      	lsls	r4, r4, #31
10002b40:	4421      	add	r1, r4
10002b42:	bdf0      	pop	{r4, r5, r6, r7, pc}

10002b44 <dm_0>:
10002b44:	da0b      	bge.n	10002b5e <dm_1>
10002b46:	3301      	adds	r3, #1
10002b48:	d106      	bne.n	10002b58 <dm_0+0x14>
10002b4a:	3001      	adds	r0, #1
10002b4c:	d104      	bne.n	10002b58 <dm_0+0x14>
10002b4e:	3101      	adds	r1, #1
10002b50:	0d4f      	lsrs	r7, r1, #21
10002b52:	d001      	beq.n	10002b58 <dm_0+0x14>
10002b54:	0849      	lsrs	r1, r1, #1
10002b56:	e7f2      	b.n	10002b3e <dm_2>
10002b58:	07e1      	lsls	r1, r4, #31
10002b5a:	2000      	movs	r0, #0
10002b5c:	bdf0      	pop	{r4, r5, r6, r7, pc}

10002b5e <dm_1>:
10002b5e:	3601      	adds	r6, #1
10002b60:	0531      	lsls	r1, r6, #20
10002b62:	2000      	movs	r0, #0
10002b64:	e7eb      	b.n	10002b3e <dm_2>
10002b66:	0000      	.short	0x0000
10002b68:	000003ff 	.word	0x000003ff

10002b6c <ddiv_shim>:
10002b6c:	b5f0      	push	{r4, r5, r6, r7, lr}

10002b6e <ddiv0>:
10002b6e:	0d1c      	lsrs	r4, r3, #20
10002b70:	1e67      	subs	r7, r4, #1
10002b72:	053f      	lsls	r7, r7, #20
10002b74:	1bdb      	subs	r3, r3, r7
10002b76:	0ae7      	lsrs	r7, r4, #11
10002b78:	0564      	lsls	r4, r4, #21
10002b7a:	0d64      	lsrs	r4, r4, #21
10002b7c:	d002      	beq.n	10002b84 <l20_1>
10002b7e:	1c66      	adds	r6, r4, #1
10002b80:	0af6      	lsrs	r6, r6, #11
10002b82:	d004      	beq.n	10002b8e <l20_2>

10002b84 <l20_1>:
10002b84:	2200      	movs	r2, #0
10002b86:	2301      	movs	r3, #1
10002b88:	051b      	lsls	r3, r3, #20
10002b8a:	3c80      	subs	r4, #128	; 0x80
10002b8c:	0324      	lsls	r4, r4, #12

10002b8e <l20_2>:
10002b8e:	25d0      	movs	r5, #208	; 0xd0
10002b90:	062d      	lsls	r5, r5, #24
10002b92:	2600      	movs	r6, #0
10002b94:	43f6      	mvns	r6, r6
10002b96:	662e      	str	r6, [r5, #96]	; 0x60
10002b98:	091e      	lsrs	r6, r3, #4
10002b9a:	666e      	str	r6, [r5, #100]	; 0x64
10002b9c:	0fce      	lsrs	r6, r1, #31
10002b9e:	19f6      	adds	r6, r6, r7
10002ba0:	46b4      	mov	ip, r6
10002ba2:	0049      	lsls	r1, r1, #1
10002ba4:	0d4f      	lsrs	r7, r1, #21
10002ba6:	d002      	beq.n	10002bae <l20_2+0x20>
10002ba8:	1c7e      	adds	r6, r7, #1
10002baa:	0af6      	lsrs	r6, r6, #11
10002bac:	d003      	beq.n	10002bb6 <l20_2+0x28>
10002bae:	2000      	movs	r0, #0
10002bb0:	2100      	movs	r1, #0
10002bb2:	3f40      	subs	r7, #64	; 0x40
10002bb4:	033f      	lsls	r7, r7, #12
10002bb6:	1b3e      	subs	r6, r7, r4
10002bb8:	00b6      	lsls	r6, r6, #2
10002bba:	44b4      	add	ip, r6
10002bbc:	3f01      	subs	r7, #1
10002bbe:	057f      	lsls	r7, r7, #21
10002bc0:	1bc9      	subs	r1, r1, r7
10002bc2:	0849      	lsrs	r1, r1, #1
10002bc4:	6f2e      	ldr	r6, [r5, #112]	; 0x70
10002bc6:	3601      	adds	r6, #1
10002bc8:	0876      	lsrs	r6, r6, #1
10002bca:	029c      	lsls	r4, r3, #10
10002bcc:	0d95      	lsrs	r5, r2, #22
10002bce:	4325      	orrs	r5, r4
10002bd0:	4375      	muls	r5, r6
10002bd2:	13ed      	asrs	r5, r5, #15
10002bd4:	4375      	muls	r5, r6
10002bd6:	13ad      	asrs	r5, r5, #14
10002bd8:	3501      	adds	r5, #1
10002bda:	106d      	asrs	r5, r5, #1
10002bdc:	03f6      	lsls	r6, r6, #15
10002bde:	1b76      	subs	r6, r6, r5
10002be0:	b40c      	push	{r2, r3}
10002be2:	02cc      	lsls	r4, r1, #11
10002be4:	0d45      	lsrs	r5, r0, #21
10002be6:	432c      	orrs	r4, r5
10002be8:	b2a2      	uxth	r2, r4
10002bea:	b2b3      	uxth	r3, r6
10002bec:	435a      	muls	r2, r3
10002bee:	0c27      	lsrs	r7, r4, #16
10002bf0:	437b      	muls	r3, r7
10002bf2:	0c35      	lsrs	r5, r6, #16
10002bf4:	436f      	muls	r7, r5
10002bf6:	b2a4      	uxth	r4, r4
10002bf8:	436c      	muls	r4, r5
10002bfa:	191b      	adds	r3, r3, r4
10002bfc:	d302      	bcc.n	10002c04 <l21_1>
10002bfe:	2401      	movs	r4, #1
10002c00:	0424      	lsls	r4, r4, #16
10002c02:	193f      	adds	r7, r7, r4

10002c04 <l21_1>:
10002c04:	041c      	lsls	r4, r3, #16
10002c06:	0c1d      	lsrs	r5, r3, #16
10002c08:	18a4      	adds	r4, r4, r2
10002c0a:	417d      	adcs	r5, r7
10002c0c:	1924      	adds	r4, r4, r4
10002c0e:	416d      	adcs	r5, r5
10002c10:	9a00      	ldr	r2, [sp, #0]
10002c12:	b291      	uxth	r1, r2
10002c14:	b2ac      	uxth	r4, r5
10002c16:	4361      	muls	r1, r4
10002c18:	0c17      	lsrs	r7, r2, #16
10002c1a:	437c      	muls	r4, r7
10002c1c:	0c2b      	lsrs	r3, r5, #16
10002c1e:	435f      	muls	r7, r3
10002c20:	b292      	uxth	r2, r2
10002c22:	435a      	muls	r2, r3
10002c24:	18a4      	adds	r4, r4, r2
10002c26:	d302      	bcc.n	10002c2e <l22_1>
10002c28:	2201      	movs	r2, #1
10002c2a:	0412      	lsls	r2, r2, #16
10002c2c:	18bf      	adds	r7, r7, r2

10002c2e <l22_1>:
10002c2e:	0422      	lsls	r2, r4, #16
10002c30:	0c23      	lsrs	r3, r4, #16
10002c32:	1852      	adds	r2, r2, r1
10002c34:	417b      	adcs	r3, r7
10002c36:	9c01      	ldr	r4, [sp, #4]
10002c38:	436c      	muls	r4, r5
10002c3a:	191b      	adds	r3, r3, r4
10002c3c:	0e52      	lsrs	r2, r2, #25
10002c3e:	01d9      	lsls	r1, r3, #7
10002c40:	430a      	orrs	r2, r1
10002c42:	0144      	lsls	r4, r0, #5
10002c44:	1aa0      	subs	r0, r4, r2
10002c46:	b281      	uxth	r1, r0
10002c48:	b2b2      	uxth	r2, r6
10002c4a:	4351      	muls	r1, r2
10002c4c:	1403      	asrs	r3, r0, #16
10002c4e:	435a      	muls	r2, r3
10002c50:	0c36      	lsrs	r6, r6, #16
10002c52:	4373      	muls	r3, r6
10002c54:	b287      	uxth	r7, r0
10002c56:	4377      	muls	r7, r6
10002c58:	17d6      	asrs	r6, r2, #31
10002c5a:	19d2      	adds	r2, r2, r7
10002c5c:	2700      	movs	r7, #0
10002c5e:	417e      	adcs	r6, r7
10002c60:	0436      	lsls	r6, r6, #16
10002c62:	199b      	adds	r3, r3, r6
10002c64:	0417      	lsls	r7, r2, #16
10002c66:	0c16      	lsrs	r6, r2, #16
10002c68:	187f      	adds	r7, r7, r1
10002c6a:	415e      	adcs	r6, r3
10002c6c:	1673      	asrs	r3, r6, #25
10002c6e:	18ed      	adds	r5, r5, r3
10002c70:	01f3      	lsls	r3, r6, #7
10002c72:	2600      	movs	r6, #0
10002c74:	3380      	adds	r3, #128	; 0x80
10002c76:	4175      	adcs	r5, r6
10002c78:	0fa9      	lsrs	r1, r5, #30
10002c7a:	d106      	bne.n	10002c8a <dd_0>
10002c7c:	0064      	lsls	r4, r4, #1
10002c7e:	0a69      	lsrs	r1, r5, #9
10002c80:	05e8      	lsls	r0, r5, #23
10002c82:	0a5b      	lsrs	r3, r3, #9
10002c84:	4318      	orrs	r0, r3
10002c86:	d209      	bcs.n	10002c9c <dd_1>
10002c88:	e02f      	b.n	10002cea <dd_2>

10002c8a <dd_0>:
10002c8a:	2204      	movs	r2, #4
10002c8c:	4494      	add	ip, r2
10002c8e:	3380      	adds	r3, #128	; 0x80
10002c90:	4175      	adcs	r5, r6
10002c92:	0aa9      	lsrs	r1, r5, #10
10002c94:	05a8      	lsls	r0, r5, #22
10002c96:	0a9b      	lsrs	r3, r3, #10
10002c98:	4318      	orrs	r0, r3
10002c9a:	d326      	bcc.n	10002cea <dd_2>

10002c9c <dd_1>:
10002c9c:	4140      	adcs	r0, r0
10002c9e:	4149      	adcs	r1, r1
10002ca0:	0424      	lsls	r4, r4, #16
10002ca2:	9a00      	ldr	r2, [sp, #0]
10002ca4:	9b01      	ldr	r3, [sp, #4]
10002ca6:	000d      	movs	r5, r1
10002ca8:	4355      	muls	r5, r2
10002caa:	1b64      	subs	r4, r4, r5
10002cac:	4343      	muls	r3, r0
10002cae:	1ae4      	subs	r4, r4, r3
10002cb0:	b295      	uxth	r5, r2
10002cb2:	b286      	uxth	r6, r0
10002cb4:	4375      	muls	r5, r6
10002cb6:	0c17      	lsrs	r7, r2, #16
10002cb8:	437e      	muls	r6, r7
10002cba:	0c03      	lsrs	r3, r0, #16
10002cbc:	435f      	muls	r7, r3
10002cbe:	b292      	uxth	r2, r2
10002cc0:	435a      	muls	r2, r3
10002cc2:	18b6      	adds	r6, r6, r2
10002cc4:	d302      	bcc.n	10002ccc <l24_1>
10002cc6:	2201      	movs	r2, #1
10002cc8:	0412      	lsls	r2, r2, #16
10002cca:	18bf      	adds	r7, r7, r2

10002ccc <l24_1>:
10002ccc:	0432      	lsls	r2, r6, #16
10002cce:	0c33      	lsrs	r3, r6, #16
10002cd0:	1952      	adds	r2, r2, r5
10002cd2:	417b      	adcs	r3, r7
10002cd4:	4252      	negs	r2, r2
10002cd6:	419c      	sbcs	r4, r3
10002cd8:	2c00      	cmp	r4, #0
10002cda:	d402      	bmi.n	10002ce2 <l24_1+0x16>
10002cdc:	2200      	movs	r2, #0
10002cde:	3001      	adds	r0, #1
10002ce0:	4151      	adcs	r1, r2
10002ce2:	0840      	lsrs	r0, r0, #1
10002ce4:	07ca      	lsls	r2, r1, #31
10002ce6:	4310      	orrs	r0, r2
10002ce8:	0849      	lsrs	r1, r1, #1

10002cea <dd_2>:
10002cea:	b002      	add	sp, #8
10002cec:	4662      	mov	r2, ip
10002cee:	07d7      	lsls	r7, r2, #31
10002cf0:	1092      	asrs	r2, r2, #2
10002cf2:	4b08      	ldr	r3, [pc, #32]	; (10002d14 <dd_4+0x6>)
10002cf4:	18d2      	adds	r2, r2, r3
10002cf6:	4b08      	ldr	r3, [pc, #32]	; (10002d18 <dd_4+0xa>)
10002cf8:	429a      	cmp	r2, r3
10002cfa:	d203      	bcs.n	10002d04 <dd_3>
10002cfc:	0512      	lsls	r2, r2, #20
10002cfe:	1889      	adds	r1, r1, r2

10002d00 <dd_5>:
10002d00:	19c9      	adds	r1, r1, r7
10002d02:	bdf0      	pop	{r4, r5, r6, r7, pc}

10002d04 <dd_3>:
10002d04:	2000      	movs	r0, #0
10002d06:	2a00      	cmp	r2, #0
10002d08:	dc01      	bgt.n	10002d0e <dd_4>
10002d0a:	0039      	movs	r1, r7
10002d0c:	bdf0      	pop	{r4, r5, r6, r7, pc}

10002d0e <dd_4>:
10002d0e:	3301      	adds	r3, #1
10002d10:	0519      	lsls	r1, r3, #20
10002d12:	e7f5      	b.n	10002d00 <dd_5>
10002d14:	000003fd 	.word	0x000003fd
10002d18:	000007fe 	.word	0x000007fe

10002d1c <double2uint_shim>:
10002d1c:	2200      	movs	r2, #0

10002d1e <double2ufix_shim>:
10002d1e:	b500      	push	{lr}
10002d20:	3220      	adds	r2, #32
10002d22:	f000 f804 	bl	10002d2e <double2ufix64_shim>
10002d26:	0008      	movs	r0, r1
10002d28:	bd00      	pop	{pc}
	...

10002d2c <double2uint64_shim>:
10002d2c:	2200      	movs	r2, #0

10002d2e <double2ufix64_shim>:
10002d2e:	150b      	asrs	r3, r1, #20
10002d30:	d40a      	bmi.n	10002d48 <ret_dzero>

10002d32 <d2fix>:
10002d32:	b510      	push	{r4, lr}
10002d34:	4694      	mov	ip, r2
10002d36:	f000 f831 	bl	10002d9c <dunpacks>
10002d3a:	1414      	asrs	r4, r2, #16
10002d3c:	3401      	adds	r4, #1
10002d3e:	da00      	bge.n	10002d42 <d2fix+0x10>
10002d40:	2100      	movs	r1, #0
10002d42:	17cb      	asrs	r3, r1, #31
10002d44:	4c14      	ldr	r4, [pc, #80]	; (10002d98 <d2fix_a+0x4a>)
10002d46:	4720      	bx	r4

10002d48 <ret_dzero>:
10002d48:	2000      	movs	r0, #0
10002d4a:	2100      	movs	r1, #0
10002d4c:	4770      	bx	lr

10002d4e <d2fix_a>:
10002d4e:	4462      	add	r2, ip
10002d50:	3a34      	subs	r2, #52	; 0x34
10002d52:	d40c      	bmi.n	10002d6e <d2fix_a+0x20>
10002d54:	2a0c      	cmp	r2, #12
10002d56:	da07      	bge.n	10002d68 <d2fix_a+0x1a>
10002d58:	0004      	movs	r4, r0
10002d5a:	4091      	lsls	r1, r2
10002d5c:	4090      	lsls	r0, r2
10002d5e:	4252      	negs	r2, r2
10002d60:	3220      	adds	r2, #32
10002d62:	40d4      	lsrs	r4, r2
10002d64:	4321      	orrs	r1, r4
10002d66:	bd10      	pop	{r4, pc}
10002d68:	43d8      	mvns	r0, r3
10002d6a:	43d9      	mvns	r1, r3
10002d6c:	bd10      	pop	{r4, pc}
10002d6e:	3220      	adds	r2, #32
10002d70:	d407      	bmi.n	10002d82 <d2fix_a+0x34>
10002d72:	460c      	mov	r4, r1
10002d74:	4094      	lsls	r4, r2
10002d76:	4252      	negs	r2, r2
10002d78:	3220      	adds	r2, #32
10002d7a:	4111      	asrs	r1, r2
10002d7c:	40d0      	lsrs	r0, r2
10002d7e:	4320      	orrs	r0, r4
10002d80:	bd10      	pop	{r4, pc}
10002d82:	0008      	movs	r0, r1
10002d84:	17c9      	asrs	r1, r1, #31
10002d86:	3220      	adds	r2, #32
10002d88:	d403      	bmi.n	10002d92 <d2fix_a+0x44>
10002d8a:	4252      	negs	r2, r2
10002d8c:	3220      	adds	r2, #32
10002d8e:	4110      	asrs	r0, r2
10002d90:	bd10      	pop	{r4, pc}
10002d92:	0018      	movs	r0, r3
10002d94:	0019      	movs	r1, r3
10002d96:	bd10      	pop	{r4, pc}
10002d98:	10002d4f 	.word	0x10002d4f

10002d9c <dunpacks>:
10002d9c:	0d0a      	lsrs	r2, r1, #20
10002d9e:	0fcc      	lsrs	r4, r1, #31
10002da0:	1e53      	subs	r3, r2, #1
10002da2:	051b      	lsls	r3, r3, #20
10002da4:	1ac9      	subs	r1, r1, r3
10002da6:	0552      	lsls	r2, r2, #21
10002da8:	d303      	bcc.n	10002db2 <l60_1>
10002daa:	43c9      	mvns	r1, r1
10002dac:	4240      	negs	r0, r0
10002dae:	d300      	bcc.n	10002db2 <l60_1>
10002db0:	3101      	adds	r1, #1

10002db2 <l60_1>:
10002db2:	0d52      	lsrs	r2, r2, #21
10002db4:	d003      	beq.n	10002dbe <l60_2>
10002db6:	1c53      	adds	r3, r2, #1
10002db8:	0adb      	lsrs	r3, r3, #11
10002dba:	d007      	beq.n	10002dcc <l60_3>
10002dbc:	1b12      	subs	r2, r2, r4

10002dbe <l60_2>:
10002dbe:	2000      	movs	r0, #0
10002dc0:	0064      	lsls	r4, r4, #1
10002dc2:	1c61      	adds	r1, r4, #1
10002dc4:	0789      	lsls	r1, r1, #30
10002dc6:	1289      	asrs	r1, r1, #10
10002dc8:	3a80      	subs	r2, #128	; 0x80
10002dca:	0312      	lsls	r2, r2, #12

10002dcc <l60_3>:
10002dcc:	4b01      	ldr	r3, [pc, #4]	; (10002dd4 <l60_3+0x8>)
10002dce:	1ad2      	subs	r2, r2, r3
10002dd0:	4770      	bx	lr
10002dd2:	0000      	.short	0x0000
10002dd4:	000003ff 	.word	0x000003ff

10002dd8 <__wrap___aeabi_lmul>:
10002dd8:	4351      	muls	r1, r2
10002dda:	4343      	muls	r3, r0
10002ddc:	18c9      	adds	r1, r1, r3
10002dde:	468c      	mov	ip, r1
10002de0:	0c11      	lsrs	r1, r2, #16
10002de2:	b283      	uxth	r3, r0
10002de4:	434b      	muls	r3, r1
10002de6:	b410      	push	{r4}
10002de8:	0c04      	lsrs	r4, r0, #16
10002dea:	4361      	muls	r1, r4
10002dec:	b292      	uxth	r2, r2
10002dee:	b280      	uxth	r0, r0
10002df0:	4350      	muls	r0, r2
10002df2:	4362      	muls	r2, r4
10002df4:	041c      	lsls	r4, r3, #16
10002df6:	0c1b      	lsrs	r3, r3, #16
10002df8:	1900      	adds	r0, r0, r4
10002dfa:	bc10      	pop	{r4}
10002dfc:	4159      	adcs	r1, r3
10002dfe:	0413      	lsls	r3, r2, #16
10002e00:	0c12      	lsrs	r2, r2, #16
10002e02:	18c0      	adds	r0, r0, r3
10002e04:	4151      	adcs	r1, r2
10002e06:	4461      	add	r1, ip
10002e08:	4770      	bx	lr
	...

10002e0c <__aeabi_float_init>:
10002e0c:	2313      	movs	r3, #19
10002e0e:	b510      	push	{r4, lr}
10002e10:	4812      	ldr	r0, [pc, #72]	; (10002e5c <__aeabi_float_init+0x50>)
10002e12:	781c      	ldrb	r4, [r3, #0]
10002e14:	f7ff f818 	bl	10001e48 <rom_data_lookup>
10002e18:	0001      	movs	r1, r0
10002e1a:	2c01      	cmp	r4, #1
10002e1c:	d00a      	beq.n	10002e34 <__aeabi_float_init+0x28>
10002e1e:	dd03      	ble.n	10002e28 <__aeabi_float_init+0x1c>
10002e20:	2280      	movs	r2, #128	; 0x80
10002e22:	480f      	ldr	r0, [pc, #60]	; (10002e60 <__aeabi_float_init+0x54>)
10002e24:	f000 f848 	bl	10002eb8 <__wrap___aeabi_memcpy>
10002e28:	480e      	ldr	r0, [pc, #56]	; (10002e64 <__aeabi_float_init+0x58>)
10002e2a:	f7ff f805 	bl	10001e38 <rom_func_lookup>
10002e2e:	4b0e      	ldr	r3, [pc, #56]	; (10002e68 <__aeabi_float_init+0x5c>)
10002e30:	6018      	str	r0, [r3, #0]
10002e32:	bd10      	pop	{r4, pc}
10002e34:	4c0a      	ldr	r4, [pc, #40]	; (10002e60 <__aeabi_float_init+0x54>)
10002e36:	2254      	movs	r2, #84	; 0x54
10002e38:	0020      	movs	r0, r4
10002e3a:	f000 f83d 	bl	10002eb8 <__wrap___aeabi_memcpy>
10002e3e:	4b0b      	ldr	r3, [pc, #44]	; (10002e6c <__aeabi_float_init+0x60>)
10002e40:	6563      	str	r3, [r4, #84]	; 0x54
10002e42:	65a3      	str	r3, [r4, #88]	; 0x58
10002e44:	65e3      	str	r3, [r4, #92]	; 0x5c
10002e46:	6623      	str	r3, [r4, #96]	; 0x60
10002e48:	6663      	str	r3, [r4, #100]	; 0x64
10002e4a:	66a3      	str	r3, [r4, #104]	; 0x68
10002e4c:	66e3      	str	r3, [r4, #108]	; 0x6c
10002e4e:	6723      	str	r3, [r4, #112]	; 0x70
10002e50:	6763      	str	r3, [r4, #116]	; 0x74
10002e52:	67a3      	str	r3, [r4, #120]	; 0x78
10002e54:	67e3      	str	r3, [r4, #124]	; 0x7c
10002e56:	6223      	str	r3, [r4, #32]
10002e58:	61e3      	str	r3, [r4, #28]
10002e5a:	e7e5      	b.n	10002e28 <__aeabi_float_init+0x1c>
10002e5c:	00004653 	.word	0x00004653
10002e60:	20001338 	.word	0x20001338
10002e64:	0000334c 	.word	0x0000334c
10002e68:	20001cb4 	.word	0x20001cb4
10002e6c:	10002e71 	.word	0x10002e71

10002e70 <float_table_shim_on_use_helper>:
10002e70:	b507      	push	{r0, r1, r2, lr}
10002e72:	4660      	mov	r0, ip
10002e74:	8801      	ldrh	r1, [r0, #0]
10002e76:	0a0a      	lsrs	r2, r1, #8
10002e78:	3002      	adds	r0, #2
10002e7a:	2adf      	cmp	r2, #223	; 0xdf
10002e7c:	d1fa      	bne.n	10002e74 <float_table_shim_on_use_helper+0x4>
10002e7e:	b2c9      	uxtb	r1, r1
10002e80:	0882      	lsrs	r2, r0, #2
10002e82:	d304      	bcc.n	10002e8e <float_table_shim_on_use_helper+0x1e>
10002e84:	8802      	ldrh	r2, [r0, #0]
10002e86:	8840      	ldrh	r0, [r0, #2]
10002e88:	0400      	lsls	r0, r0, #16
10002e8a:	4310      	orrs	r0, r2
10002e8c:	e000      	b.n	10002e90 <float_table_shim_on_use_helper+0x20>
10002e8e:	6800      	ldr	r0, [r0, #0]
10002e90:	4a01      	ldr	r2, [pc, #4]	; (10002e98 <float_table_shim_on_use_helper+0x28>)
10002e92:	5050      	str	r0, [r2, r1]
10002e94:	9003      	str	r0, [sp, #12]
10002e96:	bd07      	pop	{r0, r1, r2, pc}
10002e98:	20001338 	.word	0x20001338

10002e9c <__aeabi_mem_init>:
10002e9c:	4801      	ldr	r0, [pc, #4]	; (10002ea4 <__aeabi_mem_init+0x8>)
10002e9e:	2104      	movs	r1, #4
10002ea0:	4b01      	ldr	r3, [pc, #4]	; (10002ea8 <__aeabi_mem_init+0xc>)
10002ea2:	4718      	bx	r3
10002ea4:	20001060 	.word	0x20001060
10002ea8:	10001e59 	.word	0x10001e59

10002eac <__wrap_memset>:
10002eac:	4b01      	ldr	r3, [pc, #4]	; (10002eb4 <__wrap_memset+0x8>)
10002eae:	681b      	ldr	r3, [r3, #0]
10002eb0:	4718      	bx	r3
10002eb2:	0000      	.short	0x0000
10002eb4:	20001060 	.word	0x20001060

10002eb8 <__wrap___aeabi_memcpy>:
10002eb8:	4b01      	ldr	r3, [pc, #4]	; (10002ec0 <__wrap___aeabi_memcpy+0x8>)
10002eba:	685b      	ldr	r3, [r3, #4]
10002ebc:	4718      	bx	r3
10002ebe:	0000      	.short	0x0000
10002ec0:	20001060 	.word	0x20001060

10002ec4 <_out_null>:
10002ec4:	4770      	bx	lr
10002ec6:	46c0      	nop			; (mov r8, r8)

10002ec8 <_out_rev>:
10002ec8:	b5f8      	push	{r3, r4, r5, r6, r7, lr}
10002eca:	4657      	mov	r7, sl
10002ecc:	464e      	mov	r6, r9
10002ece:	4645      	mov	r5, r8
10002ed0:	46de      	mov	lr, fp
10002ed2:	b5e0      	push	{r5, r6, r7, lr}
10002ed4:	4699      	mov	r9, r3
10002ed6:	9b0a      	ldr	r3, [sp, #40]	; 0x28
10002ed8:	0007      	movs	r7, r0
10002eda:	469a      	mov	sl, r3
10002edc:	9b0d      	ldr	r3, [sp, #52]	; 0x34
10002ede:	4688      	mov	r8, r1
10002ee0:	4693      	mov	fp, r2
10002ee2:	0015      	movs	r5, r2
10002ee4:	9e0b      	ldr	r6, [sp, #44]	; 0x2c
10002ee6:	079b      	lsls	r3, r3, #30
10002ee8:	d110      	bne.n	10002f0c <_out_rev+0x44>
10002eea:	9b0c      	ldr	r3, [sp, #48]	; 0x30
10002eec:	429e      	cmp	r6, r3
10002eee:	d20d      	bcs.n	10002f0c <_out_rev+0x44>
10002ef0:	1b9d      	subs	r5, r3, r6
10002ef2:	0014      	movs	r4, r2
10002ef4:	000e      	movs	r6, r1
10002ef6:	445d      	add	r5, fp
10002ef8:	0022      	movs	r2, r4
10002efa:	464b      	mov	r3, r9
10002efc:	3401      	adds	r4, #1
10002efe:	0031      	movs	r1, r6
10002f00:	2020      	movs	r0, #32
10002f02:	47b8      	blx	r7
10002f04:	42a5      	cmp	r5, r4
10002f06:	d1f7      	bne.n	10002ef8 <_out_rev+0x30>
10002f08:	46b0      	mov	r8, r6
10002f0a:	9e0b      	ldr	r6, [sp, #44]	; 0x2c
10002f0c:	2e00      	cmp	r6, #0
10002f0e:	d027      	beq.n	10002f60 <_out_rev+0x98>
10002f10:	4644      	mov	r4, r8
10002f12:	1975      	adds	r5, r6, r5
10002f14:	4653      	mov	r3, sl
10002f16:	1baa      	subs	r2, r5, r6
10002f18:	3e01      	subs	r6, #1
10002f1a:	5d98      	ldrb	r0, [r3, r6]
10002f1c:	0021      	movs	r1, r4
10002f1e:	464b      	mov	r3, r9
10002f20:	47b8      	blx	r7
10002f22:	2e00      	cmp	r6, #0
10002f24:	d1f6      	bne.n	10002f14 <_out_rev+0x4c>
10002f26:	0023      	movs	r3, r4
10002f28:	002c      	movs	r4, r5
10002f2a:	4698      	mov	r8, r3
10002f2c:	9b0d      	ldr	r3, [sp, #52]	; 0x34
10002f2e:	079b      	lsls	r3, r3, #30
10002f30:	d50f      	bpl.n	10002f52 <_out_rev+0x8a>
10002f32:	465b      	mov	r3, fp
10002f34:	1ae5      	subs	r5, r4, r3
10002f36:	9b0c      	ldr	r3, [sp, #48]	; 0x30
10002f38:	42ab      	cmp	r3, r5
10002f3a:	d90a      	bls.n	10002f52 <_out_rev+0x8a>
10002f3c:	4646      	mov	r6, r8
10002f3e:	4698      	mov	r8, r3
10002f40:	0022      	movs	r2, r4
10002f42:	464b      	mov	r3, r9
10002f44:	0031      	movs	r1, r6
10002f46:	2020      	movs	r0, #32
10002f48:	3501      	adds	r5, #1
10002f4a:	47b8      	blx	r7
10002f4c:	3401      	adds	r4, #1
10002f4e:	45a8      	cmp	r8, r5
10002f50:	d8f6      	bhi.n	10002f40 <_out_rev+0x78>
10002f52:	0020      	movs	r0, r4
10002f54:	bcf0      	pop	{r4, r5, r6, r7}
10002f56:	46bb      	mov	fp, r7
10002f58:	46b2      	mov	sl, r6
10002f5a:	46a9      	mov	r9, r5
10002f5c:	46a0      	mov	r8, r4
10002f5e:	bdf8      	pop	{r3, r4, r5, r6, r7, pc}
10002f60:	002c      	movs	r4, r5
10002f62:	e7e3      	b.n	10002f2c <_out_rev+0x64>

10002f64 <_ntoa_format>:
10002f64:	b5f0      	push	{r4, r5, r6, r7, lr}
10002f66:	464f      	mov	r7, r9
10002f68:	4646      	mov	r6, r8
10002f6a:	46d6      	mov	lr, sl
10002f6c:	b5c0      	push	{r6, r7, lr}
10002f6e:	b084      	sub	sp, #16
10002f70:	4698      	mov	r8, r3
10002f72:	ab0e      	add	r3, sp, #56	; 0x38
10002f74:	781b      	ldrb	r3, [r3, #0]
10002f76:	9f12      	ldr	r7, [sp, #72]	; 0x48
10002f78:	4699      	mov	r9, r3
10002f7a:	4694      	mov	ip, r2
10002f7c:	9c0d      	ldr	r4, [sp, #52]	; 0x34
10002f7e:	9b10      	ldr	r3, [sp, #64]	; 0x40
10002f80:	9e11      	ldr	r6, [sp, #68]	; 0x44
10002f82:	07ba      	lsls	r2, r7, #30
10002f84:	d425      	bmi.n	10002fd2 <_ntoa_format+0x6e>
10002f86:	2e00      	cmp	r6, #0
10002f88:	d14b      	bne.n	10003022 <_ntoa_format+0xbe>
10002f8a:	429c      	cmp	r4, r3
10002f8c:	d300      	bcc.n	10002f90 <_ntoa_format+0x2c>
10002f8e:	e0bf      	b.n	10003110 <_ntoa_format+0x1ac>
10002f90:	2201      	movs	r2, #1
10002f92:	403a      	ands	r2, r7
10002f94:	4692      	mov	sl, r2
10002f96:	2c1f      	cmp	r4, #31
10002f98:	d900      	bls.n	10002f9c <_ntoa_format+0x38>
10002f9a:	e0b8      	b.n	1000310e <_ntoa_format+0x1aa>
10002f9c:	9a0c      	ldr	r2, [sp, #48]	; 0x30
10002f9e:	1e55      	subs	r5, r2, #1
10002fa0:	2230      	movs	r2, #48	; 0x30
10002fa2:	e001      	b.n	10002fa8 <_ntoa_format+0x44>
10002fa4:	2c20      	cmp	r4, #32
10002fa6:	d003      	beq.n	10002fb0 <_ntoa_format+0x4c>
10002fa8:	3401      	adds	r4, #1
10002faa:	552a      	strb	r2, [r5, r4]
10002fac:	42a3      	cmp	r3, r4
10002fae:	d8f9      	bhi.n	10002fa4 <_ntoa_format+0x40>
10002fb0:	4652      	mov	r2, sl
10002fb2:	2a00      	cmp	r2, #0
10002fb4:	d00d      	beq.n	10002fd2 <_ntoa_format+0x6e>
10002fb6:	42a6      	cmp	r6, r4
10002fb8:	d90b      	bls.n	10002fd2 <_ntoa_format+0x6e>
10002fba:	2c20      	cmp	r4, #32
10002fbc:	d044      	beq.n	10003048 <_ntoa_format+0xe4>
10002fbe:	9a0c      	ldr	r2, [sp, #48]	; 0x30
10002fc0:	1e55      	subs	r5, r2, #1
10002fc2:	2230      	movs	r2, #48	; 0x30
10002fc4:	e001      	b.n	10002fca <_ntoa_format+0x66>
10002fc6:	2c20      	cmp	r4, #32
10002fc8:	d03e      	beq.n	10003048 <_ntoa_format+0xe4>
10002fca:	3401      	adds	r4, #1
10002fcc:	552a      	strb	r2, [r5, r4]
10002fce:	42b4      	cmp	r4, r6
10002fd0:	d1f9      	bne.n	10002fc6 <_ntoa_format+0x62>
10002fd2:	06fa      	lsls	r2, r7, #27
10002fd4:	d54d      	bpl.n	10003072 <_ntoa_format+0x10e>
10002fd6:	057a      	lsls	r2, r7, #21
10002fd8:	d43f      	bmi.n	1000305a <_ntoa_format+0xf6>
10002fda:	2c00      	cmp	r4, #0
10002fdc:	d139      	bne.n	10003052 <_ntoa_format+0xee>
10002fde:	9b0f      	ldr	r3, [sp, #60]	; 0x3c
10002fe0:	2b10      	cmp	r3, #16
10002fe2:	d100      	bne.n	10002fe6 <_ntoa_format+0x82>
10002fe4:	e079      	b.n	100030da <_ntoa_format+0x176>
10002fe6:	9b0f      	ldr	r3, [sp, #60]	; 0x3c
10002fe8:	2b02      	cmp	r3, #2
10002fea:	d100      	bne.n	10002fee <_ntoa_format+0x8a>
10002fec:	e08a      	b.n	10003104 <_ntoa_format+0x1a0>
10002fee:	2330      	movs	r3, #48	; 0x30
10002ff0:	9a0c      	ldr	r2, [sp, #48]	; 0x30
10002ff2:	2401      	movs	r4, #1
10002ff4:	7013      	strb	r3, [r2, #0]
10002ff6:	464b      	mov	r3, r9
10002ff8:	2b00      	cmp	r3, #0
10002ffa:	d03f      	beq.n	1000307c <_ntoa_format+0x118>
10002ffc:	232d      	movs	r3, #45	; 0x2d
10002ffe:	9a0c      	ldr	r2, [sp, #48]	; 0x30
10003000:	5513      	strb	r3, [r2, r4]
10003002:	3401      	adds	r4, #1
10003004:	9b0c      	ldr	r3, [sp, #48]	; 0x30
10003006:	4662      	mov	r2, ip
10003008:	9300      	str	r3, [sp, #0]
1000300a:	9703      	str	r7, [sp, #12]
1000300c:	4643      	mov	r3, r8
1000300e:	9602      	str	r6, [sp, #8]
10003010:	9401      	str	r4, [sp, #4]
10003012:	f7ff ff59 	bl	10002ec8 <_out_rev>
10003016:	b004      	add	sp, #16
10003018:	bce0      	pop	{r5, r6, r7}
1000301a:	46ba      	mov	sl, r7
1000301c:	46b1      	mov	r9, r6
1000301e:	46a8      	mov	r8, r5
10003020:	bdf0      	pop	{r4, r5, r6, r7, pc}
10003022:	2201      	movs	r2, #1
10003024:	0015      	movs	r5, r2
10003026:	403d      	ands	r5, r7
10003028:	46aa      	mov	sl, r5
1000302a:	423a      	tst	r2, r7
1000302c:	d02f      	beq.n	1000308e <_ntoa_format+0x12a>
1000302e:	464a      	mov	r2, r9
10003030:	2a00      	cmp	r2, #0
10003032:	d102      	bne.n	1000303a <_ntoa_format+0xd6>
10003034:	320c      	adds	r2, #12
10003036:	423a      	tst	r2, r7
10003038:	d000      	beq.n	1000303c <_ntoa_format+0xd8>
1000303a:	3e01      	subs	r6, #1
1000303c:	429c      	cmp	r4, r3
1000303e:	d2ba      	bcs.n	10002fb6 <_ntoa_format+0x52>
10003040:	2c1f      	cmp	r4, #31
10003042:	d9ab      	bls.n	10002f9c <_ntoa_format+0x38>
10003044:	2e20      	cmp	r6, #32
10003046:	d927      	bls.n	10003098 <_ntoa_format+0x134>
10003048:	2420      	movs	r4, #32
1000304a:	06fa      	lsls	r2, r7, #27
1000304c:	d5da      	bpl.n	10003004 <_ntoa_format+0xa0>
1000304e:	057a      	lsls	r2, r7, #21
10003050:	d403      	bmi.n	1000305a <_ntoa_format+0xf6>
10003052:	42a3      	cmp	r3, r4
10003054:	d02d      	beq.n	100030b2 <_ntoa_format+0x14e>
10003056:	42a6      	cmp	r6, r4
10003058:	d02b      	beq.n	100030b2 <_ntoa_format+0x14e>
1000305a:	9b0f      	ldr	r3, [sp, #60]	; 0x3c
1000305c:	2b10      	cmp	r3, #16
1000305e:	d032      	beq.n	100030c6 <_ntoa_format+0x162>
10003060:	2b02      	cmp	r3, #2
10003062:	d020      	beq.n	100030a6 <_ntoa_format+0x142>
10003064:	2c20      	cmp	r4, #32
10003066:	d0cd      	beq.n	10003004 <_ntoa_format+0xa0>
10003068:	2230      	movs	r2, #48	; 0x30
1000306a:	9b0c      	ldr	r3, [sp, #48]	; 0x30
1000306c:	191b      	adds	r3, r3, r4
1000306e:	701a      	strb	r2, [r3, #0]
10003070:	3401      	adds	r4, #1
10003072:	2c20      	cmp	r4, #32
10003074:	d0c6      	beq.n	10003004 <_ntoa_format+0xa0>
10003076:	464b      	mov	r3, r9
10003078:	2b00      	cmp	r3, #0
1000307a:	d1bf      	bne.n	10002ffc <_ntoa_format+0x98>
1000307c:	077b      	lsls	r3, r7, #29
1000307e:	d40d      	bmi.n	1000309c <_ntoa_format+0x138>
10003080:	073b      	lsls	r3, r7, #28
10003082:	d5bf      	bpl.n	10003004 <_ntoa_format+0xa0>
10003084:	2320      	movs	r3, #32
10003086:	9a0c      	ldr	r2, [sp, #48]	; 0x30
10003088:	5513      	strb	r3, [r2, r4]
1000308a:	3401      	adds	r4, #1
1000308c:	e7ba      	b.n	10003004 <_ntoa_format+0xa0>
1000308e:	429c      	cmp	r4, r3
10003090:	d29f      	bcs.n	10002fd2 <_ntoa_format+0x6e>
10003092:	2c1f      	cmp	r4, #31
10003094:	d800      	bhi.n	10003098 <_ntoa_format+0x134>
10003096:	e781      	b.n	10002f9c <_ntoa_format+0x38>
10003098:	2420      	movs	r4, #32
1000309a:	e79a      	b.n	10002fd2 <_ntoa_format+0x6e>
1000309c:	232b      	movs	r3, #43	; 0x2b
1000309e:	9a0c      	ldr	r2, [sp, #48]	; 0x30
100030a0:	5513      	strb	r3, [r2, r4]
100030a2:	3401      	adds	r4, #1
100030a4:	e7ae      	b.n	10003004 <_ntoa_format+0xa0>
100030a6:	2c20      	cmp	r4, #32
100030a8:	d0ac      	beq.n	10003004 <_ntoa_format+0xa0>
100030aa:	9b0c      	ldr	r3, [sp, #48]	; 0x30
100030ac:	191b      	adds	r3, r3, r4
100030ae:	3401      	adds	r4, #1
100030b0:	e03a      	b.n	10003128 <_ntoa_format+0x1c4>
100030b2:	1e63      	subs	r3, r4, #1
100030b4:	2c01      	cmp	r4, #1
100030b6:	d092      	beq.n	10002fde <_ntoa_format+0x7a>
100030b8:	9a0f      	ldr	r2, [sp, #60]	; 0x3c
100030ba:	2a10      	cmp	r2, #16
100030bc:	d02a      	beq.n	10003114 <_ntoa_format+0x1b0>
100030be:	2a02      	cmp	r2, #2
100030c0:	d02f      	beq.n	10003122 <_ntoa_format+0x1be>
100030c2:	001c      	movs	r4, r3
100030c4:	e7d0      	b.n	10003068 <_ntoa_format+0x104>
100030c6:	06bb      	lsls	r3, r7, #26
100030c8:	d40e      	bmi.n	100030e8 <_ntoa_format+0x184>
100030ca:	2c20      	cmp	r4, #32
100030cc:	d09a      	beq.n	10003004 <_ntoa_format+0xa0>
100030ce:	9b0c      	ldr	r3, [sp, #48]	; 0x30
100030d0:	191a      	adds	r2, r3, r4
100030d2:	3401      	adds	r4, #1
100030d4:	2378      	movs	r3, #120	; 0x78
100030d6:	7013      	strb	r3, [r2, #0]
100030d8:	e7c4      	b.n	10003064 <_ntoa_format+0x100>
100030da:	06bb      	lsls	r3, r7, #26
100030dc:	d40d      	bmi.n	100030fa <_ntoa_format+0x196>
100030de:	2378      	movs	r3, #120	; 0x78
100030e0:	9a0c      	ldr	r2, [sp, #48]	; 0x30
100030e2:	2401      	movs	r4, #1
100030e4:	7013      	strb	r3, [r2, #0]
100030e6:	e7bf      	b.n	10003068 <_ntoa_format+0x104>
100030e8:	2c20      	cmp	r4, #32
100030ea:	d100      	bne.n	100030ee <_ntoa_format+0x18a>
100030ec:	e78a      	b.n	10003004 <_ntoa_format+0xa0>
100030ee:	2258      	movs	r2, #88	; 0x58
100030f0:	9b0c      	ldr	r3, [sp, #48]	; 0x30
100030f2:	191b      	adds	r3, r3, r4
100030f4:	701a      	strb	r2, [r3, #0]
100030f6:	3401      	adds	r4, #1
100030f8:	e7b4      	b.n	10003064 <_ntoa_format+0x100>
100030fa:	2358      	movs	r3, #88	; 0x58
100030fc:	9a0c      	ldr	r2, [sp, #48]	; 0x30
100030fe:	2401      	movs	r4, #1
10003100:	7013      	strb	r3, [r2, #0]
10003102:	e7b1      	b.n	10003068 <_ntoa_format+0x104>
10003104:	9a0c      	ldr	r2, [sp, #48]	; 0x30
10003106:	3360      	adds	r3, #96	; 0x60
10003108:	2401      	movs	r4, #1
1000310a:	7013      	strb	r3, [r2, #0]
1000310c:	e7ac      	b.n	10003068 <_ntoa_format+0x104>
1000310e:	2420      	movs	r4, #32
10003110:	2600      	movs	r6, #0
10003112:	e75e      	b.n	10002fd2 <_ntoa_format+0x6e>
10003114:	3c02      	subs	r4, #2
10003116:	06ba      	lsls	r2, r7, #26
10003118:	d4e9      	bmi.n	100030ee <_ntoa_format+0x18a>
1000311a:	9a0c      	ldr	r2, [sp, #48]	; 0x30
1000311c:	1912      	adds	r2, r2, r4
1000311e:	001c      	movs	r4, r3
10003120:	e7d8      	b.n	100030d4 <_ntoa_format+0x170>
10003122:	9a0c      	ldr	r2, [sp, #48]	; 0x30
10003124:	4692      	mov	sl, r2
10003126:	4453      	add	r3, sl
10003128:	2262      	movs	r2, #98	; 0x62
1000312a:	701a      	strb	r2, [r3, #0]
1000312c:	e79a      	b.n	10003064 <_ntoa_format+0x100>
1000312e:	46c0      	nop			; (mov r8, r8)

10003130 <_out_char>:
10003130:	b510      	push	{r4, lr}
10003132:	2800      	cmp	r0, #0
10003134:	d100      	bne.n	10003138 <_out_char+0x8>
10003136:	bd10      	pop	{r4, pc}
10003138:	f001 faee 	bl	10004718 <__wrap_putchar>
1000313c:	e7fb      	b.n	10003136 <_out_char+0x6>
1000313e:	46c0      	nop			; (mov r8, r8)

10003140 <_out_fct>:
10003140:	000b      	movs	r3, r1
10003142:	b510      	push	{r4, lr}
10003144:	2800      	cmp	r0, #0
10003146:	d002      	beq.n	1000314e <_out_fct+0xe>
10003148:	6849      	ldr	r1, [r1, #4]
1000314a:	681b      	ldr	r3, [r3, #0]
1000314c:	4798      	blx	r3
1000314e:	bd10      	pop	{r4, pc}

10003150 <_etoa>:
10003150:	b5f0      	push	{r4, r5, r6, r7, lr}
10003152:	46de      	mov	lr, fp
10003154:	4657      	mov	r7, sl
10003156:	464e      	mov	r6, r9
10003158:	4645      	mov	r5, r8
1000315a:	b5e0      	push	{r5, r6, r7, lr}
1000315c:	b09b      	sub	sp, #108	; 0x6c
1000315e:	469b      	mov	fp, r3
10003160:	9b24      	ldr	r3, [sp, #144]	; 0x90
10003162:	4689      	mov	r9, r1
10003164:	4698      	mov	r8, r3
10003166:	9b25      	ldr	r3, [sp, #148]	; 0x94
10003168:	900b      	str	r0, [sp, #44]	; 0x2c
1000316a:	920c      	str	r2, [sp, #48]	; 0x30
1000316c:	4640      	mov	r0, r8
1000316e:	4642      	mov	r2, r8
10003170:	0019      	movs	r1, r3
10003172:	469a      	mov	sl, r3
10003174:	f7ff fad7 	bl	10002726 <__wrap___aeabi_dcmpun>
10003178:	2800      	cmp	r0, #0
1000317a:	d000      	beq.n	1000317e <_etoa+0x2e>
1000317c:	e0d8      	b.n	10003330 <_etoa+0x1e0>
1000317e:	2201      	movs	r2, #1
10003180:	4640      	mov	r0, r8
10003182:	4651      	mov	r1, sl
10003184:	4b77      	ldr	r3, [pc, #476]	; (10003364 <_etoa+0x214>)
10003186:	4252      	negs	r2, r2
10003188:	f7ff fac8 	bl	1000271c <__wrap___aeabi_dcmpgt>
1000318c:	2800      	cmp	r0, #0
1000318e:	d000      	beq.n	10003192 <_etoa+0x42>
10003190:	e0ce      	b.n	10003330 <_etoa+0x1e0>
10003192:	2201      	movs	r2, #1
10003194:	4640      	mov	r0, r8
10003196:	4651      	mov	r1, sl
10003198:	4b73      	ldr	r3, [pc, #460]	; (10003368 <_etoa+0x218>)
1000319a:	4252      	negs	r2, r2
1000319c:	f7ff faa8 	bl	100026f0 <__wrap___aeabi_dcmplt>
100031a0:	2800      	cmp	r0, #0
100031a2:	d000      	beq.n	100031a6 <_etoa+0x56>
100031a4:	e0c4      	b.n	10003330 <_etoa+0x1e0>
100031a6:	2200      	movs	r2, #0
100031a8:	2300      	movs	r3, #0
100031aa:	4640      	mov	r0, r8
100031ac:	4651      	mov	r1, sl
100031ae:	f7ff fa9f 	bl	100026f0 <__wrap___aeabi_dcmplt>
100031b2:	2800      	cmp	r0, #0
100031b4:	d000      	beq.n	100031b8 <_etoa+0x68>
100031b6:	e1b9      	b.n	1000352c <_etoa+0x3dc>
100031b8:	4642      	mov	r2, r8
100031ba:	4653      	mov	r3, sl
100031bc:	920a      	str	r2, [sp, #40]	; 0x28
100031be:	9309      	str	r3, [sp, #36]	; 0x24
100031c0:	2380      	movs	r3, #128	; 0x80
100031c2:	9a28      	ldr	r2, [sp, #160]	; 0xa0
100031c4:	00db      	lsls	r3, r3, #3
100031c6:	401a      	ands	r2, r3
100031c8:	920e      	str	r2, [sp, #56]	; 0x38
100031ca:	9a28      	ldr	r2, [sp, #160]	; 0xa0
100031cc:	421a      	tst	r2, r3
100031ce:	d101      	bne.n	100031d4 <_etoa+0x84>
100031d0:	2306      	movs	r3, #6
100031d2:	9326      	str	r3, [sp, #152]	; 0x98
100031d4:	9a0a      	ldr	r2, [sp, #40]	; 0x28
100031d6:	9b09      	ldr	r3, [sp, #36]	; 0x24
100031d8:	0016      	movs	r6, r2
100031da:	4313      	orrs	r3, r2
100031dc:	d000      	beq.n	100031e0 <_etoa+0x90>
100031de:	e0c7      	b.n	10003370 <_etoa+0x220>
100031e0:	9b28      	ldr	r3, [sp, #160]	; 0xa0
100031e2:	2500      	movs	r5, #0
100031e4:	2600      	movs	r6, #0
100031e6:	051b      	lsls	r3, r3, #20
100031e8:	d400      	bmi.n	100031ec <_etoa+0x9c>
100031ea:	e19b      	b.n	10003524 <_etoa+0x3d4>
100031ec:	2300      	movs	r3, #0
100031ee:	930d      	str	r3, [sp, #52]	; 0x34
100031f0:	9a26      	ldr	r2, [sp, #152]	; 0x98
100031f2:	9b0d      	ldr	r3, [sp, #52]	; 0x34
100031f4:	429a      	cmp	r2, r3
100031f6:	dc00      	bgt.n	100031fa <_etoa+0xaa>
100031f8:	e19f      	b.n	1000353a <_etoa+0x3ea>
100031fa:	1ad0      	subs	r0, r2, r3
100031fc:	1e43      	subs	r3, r0, #1
100031fe:	9326      	str	r3, [sp, #152]	; 0x98
10003200:	2380      	movs	r3, #128	; 0x80
10003202:	9a28      	ldr	r2, [sp, #160]	; 0xa0
10003204:	00db      	lsls	r3, r3, #3
10003206:	431a      	orrs	r2, r3
10003208:	2300      	movs	r3, #0
1000320a:	2700      	movs	r7, #0
1000320c:	9228      	str	r2, [sp, #160]	; 0xa0
1000320e:	930d      	str	r3, [sp, #52]	; 0x34
10003210:	9b27      	ldr	r3, [sp, #156]	; 0x9c
10003212:	2400      	movs	r4, #0
10003214:	42bb      	cmp	r3, r7
10003216:	d900      	bls.n	1000321a <_etoa+0xca>
10003218:	1bdc      	subs	r4, r3, r7
1000321a:	2302      	movs	r3, #2
1000321c:	9a28      	ldr	r2, [sp, #160]	; 0xa0
1000321e:	401a      	ands	r2, r3
10003220:	920e      	str	r2, [sp, #56]	; 0x38
10003222:	9a28      	ldr	r2, [sp, #160]	; 0xa0
10003224:	4213      	tst	r3, r2
10003226:	d003      	beq.n	10003230 <_etoa+0xe0>
10003228:	427b      	negs	r3, r7
1000322a:	417b      	adcs	r3, r7
1000322c:	425b      	negs	r3, r3
1000322e:	401c      	ands	r4, r3
10003230:	9b0d      	ldr	r3, [sp, #52]	; 0x34
10003232:	2b00      	cmp	r3, #0
10003234:	d007      	beq.n	10003246 <_etoa+0xf6>
10003236:	980a      	ldr	r0, [sp, #40]	; 0x28
10003238:	9909      	ldr	r1, [sp, #36]	; 0x24
1000323a:	002a      	movs	r2, r5
1000323c:	0033      	movs	r3, r6
1000323e:	f7ff f9f6 	bl	1000262e <__wrap___aeabi_ddiv>
10003242:	900a      	str	r0, [sp, #40]	; 0x28
10003244:	9109      	str	r1, [sp, #36]	; 0x24
10003246:	2200      	movs	r2, #0
10003248:	2300      	movs	r3, #0
1000324a:	4640      	mov	r0, r8
1000324c:	4651      	mov	r1, sl
1000324e:	f7ff fa4f 	bl	100026f0 <__wrap___aeabi_dcmplt>
10003252:	2800      	cmp	r0, #0
10003254:	d005      	beq.n	10003262 <_etoa+0x112>
10003256:	2080      	movs	r0, #128	; 0x80
10003258:	0600      	lsls	r0, r0, #24
1000325a:	4684      	mov	ip, r0
1000325c:	9909      	ldr	r1, [sp, #36]	; 0x24
1000325e:	4461      	add	r1, ip
10003260:	9109      	str	r1, [sp, #36]	; 0x24
10003262:	9a28      	ldr	r2, [sp, #160]	; 0xa0
10003264:	4b41      	ldr	r3, [pc, #260]	; (1000336c <_etoa+0x21c>)
10003266:	9d0b      	ldr	r5, [sp, #44]	; 0x2c
10003268:	4013      	ands	r3, r2
1000326a:	9304      	str	r3, [sp, #16]
1000326c:	9b26      	ldr	r3, [sp, #152]	; 0x98
1000326e:	9a0a      	ldr	r2, [sp, #40]	; 0x28
10003270:	9302      	str	r3, [sp, #8]
10003272:	9b09      	ldr	r3, [sp, #36]	; 0x24
10003274:	9403      	str	r4, [sp, #12]
10003276:	9200      	str	r2, [sp, #0]
10003278:	9301      	str	r3, [sp, #4]
1000327a:	4649      	mov	r1, r9
1000327c:	465b      	mov	r3, fp
1000327e:	0028      	movs	r0, r5
10003280:	9a0c      	ldr	r2, [sp, #48]	; 0x30
10003282:	f000 f98b 	bl	1000359c <_ftoa>
10003286:	0004      	movs	r4, r0
10003288:	2f00      	cmp	r7, #0
1000328a:	d062      	beq.n	10003352 <_etoa+0x202>
1000328c:	9b28      	ldr	r3, [sp, #160]	; 0xa0
1000328e:	0022      	movs	r2, r4
10003290:	0698      	lsls	r0, r3, #26
10003292:	231f      	movs	r3, #31
10003294:	17c0      	asrs	r0, r0, #31
10003296:	4398      	bics	r0, r3
10003298:	1c63      	adds	r3, r4, #1
1000329a:	4698      	mov	r8, r3
1000329c:	4649      	mov	r1, r9
1000329e:	465b      	mov	r3, fp
100032a0:	3065      	adds	r0, #101	; 0x65
100032a2:	47a8      	blx	r5
100032a4:	9b0d      	ldr	r3, [sp, #52]	; 0x34
100032a6:	2500      	movs	r5, #0
100032a8:	17da      	asrs	r2, r3, #31
100032aa:	189c      	adds	r4, r3, r2
100032ac:	0fdb      	lsrs	r3, r3, #31
100032ae:	469a      	mov	sl, r3
100032b0:	4054      	eors	r4, r2
100032b2:	3f01      	subs	r7, #1
100032b4:	e001      	b.n	100032ba <_etoa+0x16a>
100032b6:	2d20      	cmp	r5, #32
100032b8:	d013      	beq.n	100032e2 <_etoa+0x192>
100032ba:	aa0a      	add	r2, sp, #40	; 0x28
100032bc:	4694      	mov	ip, r2
100032be:	231f      	movs	r3, #31
100032c0:	0020      	movs	r0, r4
100032c2:	4463      	add	r3, ip
100032c4:	210a      	movs	r1, #10
100032c6:	3501      	adds	r5, #1
100032c8:	195e      	adds	r6, r3, r5
100032ca:	f7fe ff63 	bl	10002194 <__wrap___aeabi_uidiv>
100032ce:	3130      	adds	r1, #48	; 0x30
100032d0:	7031      	strb	r1, [r6, #0]
100032d2:	0020      	movs	r0, r4
100032d4:	210a      	movs	r1, #10
100032d6:	f7fe ff5d 	bl	10002194 <__wrap___aeabi_uidiv>
100032da:	0026      	movs	r6, r4
100032dc:	0004      	movs	r4, r0
100032de:	2e09      	cmp	r6, #9
100032e0:	d8e9      	bhi.n	100032b6 <_etoa+0x166>
100032e2:	2305      	movs	r3, #5
100032e4:	9306      	str	r3, [sp, #24]
100032e6:	2300      	movs	r3, #0
100032e8:	9304      	str	r3, [sp, #16]
100032ea:	330a      	adds	r3, #10
100032ec:	9303      	str	r3, [sp, #12]
100032ee:	4653      	mov	r3, sl
100032f0:	9705      	str	r7, [sp, #20]
100032f2:	9f0b      	ldr	r7, [sp, #44]	; 0x2c
100032f4:	9302      	str	r3, [sp, #8]
100032f6:	ab12      	add	r3, sp, #72	; 0x48
100032f8:	9300      	str	r3, [sp, #0]
100032fa:	4642      	mov	r2, r8
100032fc:	465b      	mov	r3, fp
100032fe:	4649      	mov	r1, r9
10003300:	0038      	movs	r0, r7
10003302:	9501      	str	r5, [sp, #4]
10003304:	f7ff fe2e 	bl	10002f64 <_ntoa_format>
10003308:	9b0e      	ldr	r3, [sp, #56]	; 0x38
1000330a:	0004      	movs	r4, r0
1000330c:	2b00      	cmp	r3, #0
1000330e:	d020      	beq.n	10003352 <_etoa+0x202>
10003310:	9b0c      	ldr	r3, [sp, #48]	; 0x30
10003312:	1ac5      	subs	r5, r0, r3
10003314:	9b27      	ldr	r3, [sp, #156]	; 0x9c
10003316:	42ab      	cmp	r3, r5
10003318:	d91b      	bls.n	10003352 <_etoa+0x202>
1000331a:	001e      	movs	r6, r3
1000331c:	0022      	movs	r2, r4
1000331e:	465b      	mov	r3, fp
10003320:	4649      	mov	r1, r9
10003322:	2020      	movs	r0, #32
10003324:	3501      	adds	r5, #1
10003326:	47b8      	blx	r7
10003328:	3401      	adds	r4, #1
1000332a:	42ae      	cmp	r6, r5
1000332c:	d8f6      	bhi.n	1000331c <_etoa+0x1cc>
1000332e:	e010      	b.n	10003352 <_etoa+0x202>
10003330:	9b28      	ldr	r3, [sp, #160]	; 0xa0
10003332:	4642      	mov	r2, r8
10003334:	9304      	str	r3, [sp, #16]
10003336:	9b27      	ldr	r3, [sp, #156]	; 0x9c
10003338:	4649      	mov	r1, r9
1000333a:	9303      	str	r3, [sp, #12]
1000333c:	9b26      	ldr	r3, [sp, #152]	; 0x98
1000333e:	980b      	ldr	r0, [sp, #44]	; 0x2c
10003340:	9302      	str	r3, [sp, #8]
10003342:	4653      	mov	r3, sl
10003344:	9200      	str	r2, [sp, #0]
10003346:	9301      	str	r3, [sp, #4]
10003348:	465b      	mov	r3, fp
1000334a:	9a0c      	ldr	r2, [sp, #48]	; 0x30
1000334c:	f000 f926 	bl	1000359c <_ftoa>
10003350:	0004      	movs	r4, r0
10003352:	0020      	movs	r0, r4
10003354:	b01b      	add	sp, #108	; 0x6c
10003356:	bcf0      	pop	{r4, r5, r6, r7}
10003358:	46bb      	mov	fp, r7
1000335a:	46b2      	mov	sl, r6
1000335c:	46a9      	mov	r9, r5
1000335e:	46a0      	mov	r8, r4
10003360:	bdf0      	pop	{r4, r5, r6, r7, pc}
10003362:	46c0      	nop			; (mov r8, r8)
10003364:	7fefffff 	.word	0x7fefffff
10003368:	ffefffff 	.word	0xffefffff
1000336c:	fffff7ff 	.word	0xfffff7ff
10003370:	4b73      	ldr	r3, [pc, #460]	; (10003540 <_etoa+0x3f0>)
10003372:	9f09      	ldr	r7, [sp, #36]	; 0x24
10003374:	469c      	mov	ip, r3
10003376:	0078      	lsls	r0, r7, #1
10003378:	0d40      	lsrs	r0, r0, #21
1000337a:	4460      	add	r0, ip
1000337c:	f7ff f9e4 	bl	10002748 <__wrap___aeabi_i2d>
10003380:	4a70      	ldr	r2, [pc, #448]	; (10003544 <_etoa+0x3f4>)
10003382:	4b71      	ldr	r3, [pc, #452]	; (10003548 <_etoa+0x3f8>)
10003384:	f7ff f971 	bl	1000266a <__wrap___aeabi_dmul>
10003388:	4a70      	ldr	r2, [pc, #448]	; (1000354c <_etoa+0x3fc>)
1000338a:	4b71      	ldr	r3, [pc, #452]	; (10003550 <_etoa+0x400>)
1000338c:	f7ff f946 	bl	1000261c <__wrap___aeabi_dadd>
10003390:	033b      	lsls	r3, r7, #12
10003392:	4a70      	ldr	r2, [pc, #448]	; (10003554 <_etoa+0x404>)
10003394:	0b1b      	lsrs	r3, r3, #12
10003396:	431a      	orrs	r2, r3
10003398:	0004      	movs	r4, r0
1000339a:	000d      	movs	r5, r1
1000339c:	0030      	movs	r0, r6
1000339e:	0011      	movs	r1, r2
100033a0:	4b6d      	ldr	r3, [pc, #436]	; (10003558 <_etoa+0x408>)
100033a2:	2200      	movs	r2, #0
100033a4:	f7ff f931 	bl	1000260a <__wrap___aeabi_dsub>
100033a8:	4a6c      	ldr	r2, [pc, #432]	; (1000355c <_etoa+0x40c>)
100033aa:	4b6d      	ldr	r3, [pc, #436]	; (10003560 <_etoa+0x410>)
100033ac:	f7ff f95d 	bl	1000266a <__wrap___aeabi_dmul>
100033b0:	0002      	movs	r2, r0
100033b2:	000b      	movs	r3, r1
100033b4:	0020      	movs	r0, r4
100033b6:	0029      	movs	r1, r5
100033b8:	f7ff f930 	bl	1000261c <__wrap___aeabi_dadd>
100033bc:	f7ff f9dc 	bl	10002778 <__wrap___aeabi_d2iz>
100033c0:	900d      	str	r0, [sp, #52]	; 0x34
100033c2:	f7ff f9c1 	bl	10002748 <__wrap___aeabi_i2d>
100033c6:	4a67      	ldr	r2, [pc, #412]	; (10003564 <_etoa+0x414>)
100033c8:	4b67      	ldr	r3, [pc, #412]	; (10003568 <_etoa+0x418>)
100033ca:	0004      	movs	r4, r0
100033cc:	000d      	movs	r5, r1
100033ce:	f7ff f94c 	bl	1000266a <__wrap___aeabi_dmul>
100033d2:	2200      	movs	r2, #0
100033d4:	4b65      	ldr	r3, [pc, #404]	; (1000356c <_etoa+0x41c>)
100033d6:	f7ff f921 	bl	1000261c <__wrap___aeabi_dadd>
100033da:	f7ff f9cd 	bl	10002778 <__wrap___aeabi_d2iz>
100033de:	4a64      	ldr	r2, [pc, #400]	; (10003570 <_etoa+0x420>)
100033e0:	0006      	movs	r6, r0
100033e2:	4b64      	ldr	r3, [pc, #400]	; (10003574 <_etoa+0x424>)
100033e4:	0020      	movs	r0, r4
100033e6:	0029      	movs	r1, r5
100033e8:	f7ff f93f 	bl	1000266a <__wrap___aeabi_dmul>
100033ec:	0004      	movs	r4, r0
100033ee:	0030      	movs	r0, r6
100033f0:	000d      	movs	r5, r1
100033f2:	960f      	str	r6, [sp, #60]	; 0x3c
100033f4:	f7ff f9a8 	bl	10002748 <__wrap___aeabi_i2d>
100033f8:	4a5f      	ldr	r2, [pc, #380]	; (10003578 <_etoa+0x428>)
100033fa:	4b60      	ldr	r3, [pc, #384]	; (1000357c <_etoa+0x42c>)
100033fc:	f7ff f935 	bl	1000266a <__wrap___aeabi_dmul>
10003400:	0002      	movs	r2, r0
10003402:	000b      	movs	r3, r1
10003404:	0020      	movs	r0, r4
10003406:	0029      	movs	r1, r5
10003408:	f7ff f8ff 	bl	1000260a <__wrap___aeabi_dsub>
1000340c:	0002      	movs	r2, r0
1000340e:	000b      	movs	r3, r1
10003410:	0006      	movs	r6, r0
10003412:	000f      	movs	r7, r1
10003414:	f7ff f929 	bl	1000266a <__wrap___aeabi_dmul>
10003418:	0032      	movs	r2, r6
1000341a:	0004      	movs	r4, r0
1000341c:	000d      	movs	r5, r1
1000341e:	003b      	movs	r3, r7
10003420:	0030      	movs	r0, r6
10003422:	0039      	movs	r1, r7
10003424:	f7ff f8fa 	bl	1000261c <__wrap___aeabi_dadd>
10003428:	2200      	movs	r2, #0
1000342a:	9010      	str	r0, [sp, #64]	; 0x40
1000342c:	9111      	str	r1, [sp, #68]	; 0x44
1000342e:	4b54      	ldr	r3, [pc, #336]	; (10003580 <_etoa+0x430>)
10003430:	0020      	movs	r0, r4
10003432:	0029      	movs	r1, r5
10003434:	f7ff f8fb 	bl	1000262e <__wrap___aeabi_ddiv>
10003438:	2200      	movs	r2, #0
1000343a:	4b52      	ldr	r3, [pc, #328]	; (10003584 <_etoa+0x434>)
1000343c:	f7ff f8ee 	bl	1000261c <__wrap___aeabi_dadd>
10003440:	0002      	movs	r2, r0
10003442:	000b      	movs	r3, r1
10003444:	0020      	movs	r0, r4
10003446:	0029      	movs	r1, r5
10003448:	f7ff f8f1 	bl	1000262e <__wrap___aeabi_ddiv>
1000344c:	2200      	movs	r2, #0
1000344e:	4b4e      	ldr	r3, [pc, #312]	; (10003588 <_etoa+0x438>)
10003450:	f7ff f8e4 	bl	1000261c <__wrap___aeabi_dadd>
10003454:	0002      	movs	r2, r0
10003456:	000b      	movs	r3, r1
10003458:	0020      	movs	r0, r4
1000345a:	0029      	movs	r1, r5
1000345c:	f7ff f8e7 	bl	1000262e <__wrap___aeabi_ddiv>
10003460:	000d      	movs	r5, r1
10003462:	2180      	movs	r1, #128	; 0x80
10003464:	0004      	movs	r4, r0
10003466:	0032      	movs	r2, r6
10003468:	003b      	movs	r3, r7
1000346a:	2000      	movs	r0, #0
1000346c:	05c9      	lsls	r1, r1, #23
1000346e:	f7ff f8cc 	bl	1000260a <__wrap___aeabi_dsub>
10003472:	0002      	movs	r2, r0
10003474:	000b      	movs	r3, r1
10003476:	0020      	movs	r0, r4
10003478:	0029      	movs	r1, r5
1000347a:	f7ff f8cf 	bl	1000261c <__wrap___aeabi_dadd>
1000347e:	0002      	movs	r2, r0
10003480:	000b      	movs	r3, r1
10003482:	9810      	ldr	r0, [sp, #64]	; 0x40
10003484:	9911      	ldr	r1, [sp, #68]	; 0x44
10003486:	f7ff f8d2 	bl	1000262e <__wrap___aeabi_ddiv>
1000348a:	2200      	movs	r2, #0
1000348c:	4b31      	ldr	r3, [pc, #196]	; (10003554 <_etoa+0x404>)
1000348e:	f7ff f8c5 	bl	1000261c <__wrap___aeabi_dadd>
10003492:	4b3e      	ldr	r3, [pc, #248]	; (1000358c <_etoa+0x43c>)
10003494:	9c0f      	ldr	r4, [sp, #60]	; 0x3c
10003496:	469c      	mov	ip, r3
10003498:	4464      	add	r4, ip
1000349a:	2200      	movs	r2, #0
1000349c:	0523      	lsls	r3, r4, #20
1000349e:	f7ff f8e4 	bl	1000266a <__wrap___aeabi_dmul>
100034a2:	0005      	movs	r5, r0
100034a4:	000e      	movs	r6, r1
100034a6:	0002      	movs	r2, r0
100034a8:	000b      	movs	r3, r1
100034aa:	980a      	ldr	r0, [sp, #40]	; 0x28
100034ac:	9909      	ldr	r1, [sp, #36]	; 0x24
100034ae:	f7ff f91f 	bl	100026f0 <__wrap___aeabi_dcmplt>
100034b2:	2800      	cmp	r0, #0
100034b4:	d00a      	beq.n	100034cc <_etoa+0x37c>
100034b6:	9b0d      	ldr	r3, [sp, #52]	; 0x34
100034b8:	0028      	movs	r0, r5
100034ba:	3b01      	subs	r3, #1
100034bc:	0031      	movs	r1, r6
100034be:	930d      	str	r3, [sp, #52]	; 0x34
100034c0:	2200      	movs	r2, #0
100034c2:	4b30      	ldr	r3, [pc, #192]	; (10003584 <_etoa+0x434>)
100034c4:	f7ff f8b3 	bl	1000262e <__wrap___aeabi_ddiv>
100034c8:	0005      	movs	r5, r0
100034ca:	000e      	movs	r6, r1
100034cc:	27c6      	movs	r7, #198	; 0xc6
100034ce:	990d      	ldr	r1, [sp, #52]	; 0x34
100034d0:	002b      	movs	r3, r5
100034d2:	3163      	adds	r1, #99	; 0x63
100034d4:	428f      	cmp	r7, r1
100034d6:	41bf      	sbcs	r7, r7
100034d8:	9928      	ldr	r1, [sp, #160]	; 0xa0
100034da:	427f      	negs	r7, r7
100034dc:	3704      	adds	r7, #4
100034de:	0509      	lsls	r1, r1, #20
100034e0:	d400      	bmi.n	100034e4 <_etoa+0x394>
100034e2:	e695      	b.n	10003210 <_etoa+0xc0>
100034e4:	4333      	orrs	r3, r6
100034e6:	d100      	bne.n	100034ea <_etoa+0x39a>
100034e8:	e682      	b.n	100031f0 <_etoa+0xa0>
100034ea:	9c09      	ldr	r4, [sp, #36]	; 0x24
100034ec:	4a28      	ldr	r2, [pc, #160]	; (10003590 <_etoa+0x440>)
100034ee:	0021      	movs	r1, r4
100034f0:	4b28      	ldr	r3, [pc, #160]	; (10003594 <_etoa+0x444>)
100034f2:	980a      	ldr	r0, [sp, #40]	; 0x28
100034f4:	f7ff f90a 	bl	1000270c <__wrap___aeabi_dcmpge>
100034f8:	2800      	cmp	r0, #0
100034fa:	d008      	beq.n	1000350e <_etoa+0x3be>
100034fc:	2200      	movs	r2, #0
100034fe:	0021      	movs	r1, r4
10003500:	4b25      	ldr	r3, [pc, #148]	; (10003598 <_etoa+0x448>)
10003502:	980a      	ldr	r0, [sp, #40]	; 0x28
10003504:	f7ff f8f4 	bl	100026f0 <__wrap___aeabi_dcmplt>
10003508:	2800      	cmp	r0, #0
1000350a:	d000      	beq.n	1000350e <_etoa+0x3be>
1000350c:	e670      	b.n	100031f0 <_etoa+0xa0>
1000350e:	9b26      	ldr	r3, [sp, #152]	; 0x98
10003510:	2b00      	cmp	r3, #0
10003512:	d100      	bne.n	10003516 <_etoa+0x3c6>
10003514:	e67c      	b.n	10003210 <_etoa+0xc0>
10003516:	9b0e      	ldr	r3, [sp, #56]	; 0x38
10003518:	1e5a      	subs	r2, r3, #1
1000351a:	4193      	sbcs	r3, r2
1000351c:	9a26      	ldr	r2, [sp, #152]	; 0x98
1000351e:	1ad3      	subs	r3, r2, r3
10003520:	9326      	str	r3, [sp, #152]	; 0x98
10003522:	e675      	b.n	10003210 <_etoa+0xc0>
10003524:	2300      	movs	r3, #0
10003526:	2704      	movs	r7, #4
10003528:	930d      	str	r3, [sp, #52]	; 0x34
1000352a:	e671      	b.n	10003210 <_etoa+0xc0>
1000352c:	4643      	mov	r3, r8
1000352e:	930a      	str	r3, [sp, #40]	; 0x28
10003530:	2380      	movs	r3, #128	; 0x80
10003532:	061b      	lsls	r3, r3, #24
10003534:	4453      	add	r3, sl
10003536:	9309      	str	r3, [sp, #36]	; 0x24
10003538:	e642      	b.n	100031c0 <_etoa+0x70>
1000353a:	2300      	movs	r3, #0
1000353c:	9326      	str	r3, [sp, #152]	; 0x98
1000353e:	e65f      	b.n	10003200 <_etoa+0xb0>
10003540:	fffffc01 	.word	0xfffffc01
10003544:	509f79fb 	.word	0x509f79fb
10003548:	3fd34413 	.word	0x3fd34413
1000354c:	8b60c8b3 	.word	0x8b60c8b3
10003550:	3fc68a28 	.word	0x3fc68a28
10003554:	3ff00000 	.word	0x3ff00000
10003558:	3ff80000 	.word	0x3ff80000
1000355c:	636f4361 	.word	0x636f4361
10003560:	3fd287a7 	.word	0x3fd287a7
10003564:	0979a371 	.word	0x0979a371
10003568:	400a934f 	.word	0x400a934f
1000356c:	3fe00000 	.word	0x3fe00000
10003570:	bbb55516 	.word	0xbbb55516
10003574:	40026bb1 	.word	0x40026bb1
10003578:	fefa39ef 	.word	0xfefa39ef
1000357c:	3fe62e42 	.word	0x3fe62e42
10003580:	402c0000 	.word	0x402c0000
10003584:	40240000 	.word	0x40240000
10003588:	40180000 	.word	0x40180000
1000358c:	000003ff 	.word	0x000003ff
10003590:	eb1c432d 	.word	0xeb1c432d
10003594:	3f1a36e2 	.word	0x3f1a36e2
10003598:	412e8480 	.word	0x412e8480

1000359c <_ftoa>:
1000359c:	b5f0      	push	{r4, r5, r6, r7, lr}
1000359e:	464e      	mov	r6, r9
100035a0:	46de      	mov	lr, fp
100035a2:	4657      	mov	r7, sl
100035a4:	4645      	mov	r5, r8
100035a6:	b5e0      	push	{r5, r6, r7, lr}
100035a8:	b097      	sub	sp, #92	; 0x5c
100035aa:	4699      	mov	r9, r3
100035ac:	9e20      	ldr	r6, [sp, #128]	; 0x80
100035ae:	9f21      	ldr	r7, [sp, #132]	; 0x84
100035b0:	9b22      	ldr	r3, [sp, #136]	; 0x88
100035b2:	4683      	mov	fp, r0
100035b4:	4698      	mov	r8, r3
100035b6:	9107      	str	r1, [sp, #28]
100035b8:	920c      	str	r2, [sp, #48]	; 0x30
100035ba:	003b      	movs	r3, r7
100035bc:	0032      	movs	r2, r6
100035be:	0030      	movs	r0, r6
100035c0:	0039      	movs	r1, r7
100035c2:	f7ff f8b0 	bl	10002726 <__wrap___aeabi_dcmpun>
100035c6:	2800      	cmp	r0, #0
100035c8:	d000      	beq.n	100035cc <_ftoa+0x30>
100035ca:	e1a9      	b.n	10003920 <_ftoa+0x384>
100035cc:	2201      	movs	r2, #1
100035ce:	0030      	movs	r0, r6
100035d0:	0039      	movs	r1, r7
100035d2:	4bca      	ldr	r3, [pc, #808]	; (100038fc <_ftoa+0x360>)
100035d4:	4252      	negs	r2, r2
100035d6:	f7ff f88b 	bl	100026f0 <__wrap___aeabi_dcmplt>
100035da:	2800      	cmp	r0, #0
100035dc:	d000      	beq.n	100035e0 <_ftoa+0x44>
100035de:	e0e1      	b.n	100037a4 <_ftoa+0x208>
100035e0:	2201      	movs	r2, #1
100035e2:	0030      	movs	r0, r6
100035e4:	0039      	movs	r1, r7
100035e6:	4bc6      	ldr	r3, [pc, #792]	; (10003900 <_ftoa+0x364>)
100035e8:	4252      	negs	r2, r2
100035ea:	f7ff f897 	bl	1000271c <__wrap___aeabi_dcmpgt>
100035ee:	2800      	cmp	r0, #0
100035f0:	d000      	beq.n	100035f4 <_ftoa+0x58>
100035f2:	e0b7      	b.n	10003764 <_ftoa+0x1c8>
100035f4:	2200      	movs	r2, #0
100035f6:	0030      	movs	r0, r6
100035f8:	0039      	movs	r1, r7
100035fa:	4bc2      	ldr	r3, [pc, #776]	; (10003904 <_ftoa+0x368>)
100035fc:	f7ff f88e 	bl	1000271c <__wrap___aeabi_dcmpgt>
10003600:	2800      	cmp	r0, #0
10003602:	d000      	beq.n	10003606 <_ftoa+0x6a>
10003604:	e099      	b.n	1000373a <_ftoa+0x19e>
10003606:	2200      	movs	r2, #0
10003608:	0030      	movs	r0, r6
1000360a:	0039      	movs	r1, r7
1000360c:	4bbe      	ldr	r3, [pc, #760]	; (10003908 <_ftoa+0x36c>)
1000360e:	f7ff f86f 	bl	100026f0 <__wrap___aeabi_dcmplt>
10003612:	2800      	cmp	r0, #0
10003614:	d000      	beq.n	10003618 <_ftoa+0x7c>
10003616:	e090      	b.n	1000373a <_ftoa+0x19e>
10003618:	2200      	movs	r2, #0
1000361a:	2300      	movs	r3, #0
1000361c:	0030      	movs	r0, r6
1000361e:	0039      	movs	r1, r7
10003620:	f7ff f866 	bl	100026f0 <__wrap___aeabi_dcmplt>
10003624:	2800      	cmp	r0, #0
10003626:	d000      	beq.n	1000362a <_ftoa+0x8e>
10003628:	e0b1      	b.n	1000378e <_ftoa+0x1f2>
1000362a:	2300      	movs	r3, #0
1000362c:	930d      	str	r3, [sp, #52]	; 0x34
1000362e:	9b24      	ldr	r3, [sp, #144]	; 0x90
10003630:	055b      	lsls	r3, r3, #21
10003632:	d401      	bmi.n	10003638 <_ftoa+0x9c>
10003634:	2306      	movs	r3, #6
10003636:	4698      	mov	r8, r3
10003638:	ab08      	add	r3, sp, #32
1000363a:	469c      	mov	ip, r3
1000363c:	2217      	movs	r2, #23
1000363e:	2400      	movs	r4, #0
10003640:	2330      	movs	r3, #48	; 0x30
10003642:	4641      	mov	r1, r8
10003644:	4462      	add	r2, ip
10003646:	e004      	b.n	10003652 <_ftoa+0xb6>
10003648:	3401      	adds	r4, #1
1000364a:	5513      	strb	r3, [r2, r4]
1000364c:	3901      	subs	r1, #1
1000364e:	2c20      	cmp	r4, #32
10003650:	d001      	beq.n	10003656 <_ftoa+0xba>
10003652:	2909      	cmp	r1, #9
10003654:	d8f8      	bhi.n	10003648 <_ftoa+0xac>
10003656:	4688      	mov	r8, r1
10003658:	0030      	movs	r0, r6
1000365a:	0039      	movs	r1, r7
1000365c:	f7ff f88c 	bl	10002778 <__wrap___aeabi_d2iz>
10003660:	4643      	mov	r3, r8
10003662:	00da      	lsls	r2, r3, #3
10003664:	4ba9      	ldr	r3, [pc, #676]	; (1000390c <_ftoa+0x370>)
10003666:	0005      	movs	r5, r0
10003668:	189b      	adds	r3, r3, r2
1000366a:	681a      	ldr	r2, [r3, #0]
1000366c:	685b      	ldr	r3, [r3, #4]
1000366e:	9208      	str	r2, [sp, #32]
10003670:	9309      	str	r3, [sp, #36]	; 0x24
10003672:	f7ff f869 	bl	10002748 <__wrap___aeabi_i2d>
10003676:	0002      	movs	r2, r0
10003678:	000b      	movs	r3, r1
1000367a:	0030      	movs	r0, r6
1000367c:	0039      	movs	r1, r7
1000367e:	f7fe ffc4 	bl	1000260a <__wrap___aeabi_dsub>
10003682:	9a08      	ldr	r2, [sp, #32]
10003684:	9b09      	ldr	r3, [sp, #36]	; 0x24
10003686:	f7fe fff0 	bl	1000266a <__wrap___aeabi_dmul>
1000368a:	900a      	str	r0, [sp, #40]	; 0x28
1000368c:	910b      	str	r1, [sp, #44]	; 0x2c
1000368e:	f7ff f897 	bl	100027c0 <__wrap___aeabi_d2uiz>
10003692:	4682      	mov	sl, r0
10003694:	f7ff f854 	bl	10002740 <__wrap___aeabi_ui2d>
10003698:	0002      	movs	r2, r0
1000369a:	000b      	movs	r3, r1
1000369c:	980a      	ldr	r0, [sp, #40]	; 0x28
1000369e:	990b      	ldr	r1, [sp, #44]	; 0x2c
100036a0:	f7fe ffb3 	bl	1000260a <__wrap___aeabi_dsub>
100036a4:	2200      	movs	r2, #0
100036a6:	4b9a      	ldr	r3, [pc, #616]	; (10003910 <_ftoa+0x374>)
100036a8:	900a      	str	r0, [sp, #40]	; 0x28
100036aa:	910b      	str	r1, [sp, #44]	; 0x2c
100036ac:	f7ff f836 	bl	1000271c <__wrap___aeabi_dcmpgt>
100036b0:	2800      	cmp	r0, #0
100036b2:	d100      	bne.n	100036b6 <_ftoa+0x11a>
100036b4:	e0c0      	b.n	10003838 <_ftoa+0x29c>
100036b6:	2301      	movs	r3, #1
100036b8:	469c      	mov	ip, r3
100036ba:	44e2      	add	sl, ip
100036bc:	4650      	mov	r0, sl
100036be:	f7ff f83f 	bl	10002740 <__wrap___aeabi_ui2d>
100036c2:	0002      	movs	r2, r0
100036c4:	000b      	movs	r3, r1
100036c6:	9808      	ldr	r0, [sp, #32]
100036c8:	9909      	ldr	r1, [sp, #36]	; 0x24
100036ca:	f7ff f817 	bl	100026fc <__wrap___aeabi_dcmple>
100036ce:	2800      	cmp	r0, #0
100036d0:	d002      	beq.n	100036d8 <_ftoa+0x13c>
100036d2:	2300      	movs	r3, #0
100036d4:	469a      	mov	sl, r3
100036d6:	3501      	adds	r5, #1
100036d8:	4643      	mov	r3, r8
100036da:	2b00      	cmp	r3, #0
100036dc:	d06a      	beq.n	100037b4 <_ftoa+0x218>
100036de:	ab08      	add	r3, sp, #32
100036e0:	2617      	movs	r6, #23
100036e2:	469c      	mov	ip, r3
100036e4:	9508      	str	r5, [sp, #32]
100036e6:	4466      	add	r6, ip
100036e8:	4655      	mov	r5, sl
100036ea:	e014      	b.n	10003716 <_ftoa+0x17a>
100036ec:	2301      	movs	r3, #1
100036ee:	425b      	negs	r3, r3
100036f0:	4443      	add	r3, r8
100036f2:	210a      	movs	r1, #10
100036f4:	0028      	movs	r0, r5
100036f6:	469a      	mov	sl, r3
100036f8:	f7fe fd4c 	bl	10002194 <__wrap___aeabi_uidiv>
100036fc:	3401      	adds	r4, #1
100036fe:	3130      	adds	r1, #48	; 0x30
10003700:	1937      	adds	r7, r6, r4
10003702:	7039      	strb	r1, [r7, #0]
10003704:	0028      	movs	r0, r5
10003706:	210a      	movs	r1, #10
10003708:	f7fe fd44 	bl	10002194 <__wrap___aeabi_uidiv>
1000370c:	2d09      	cmp	r5, #9
1000370e:	d800      	bhi.n	10003712 <_ftoa+0x176>
10003710:	e0d0      	b.n	100038b4 <_ftoa+0x318>
10003712:	46d0      	mov	r8, sl
10003714:	0005      	movs	r5, r0
10003716:	2c20      	cmp	r4, #32
10003718:	d1e8      	bne.n	100036ec <_ftoa+0x150>
1000371a:	ab0e      	add	r3, sp, #56	; 0x38
1000371c:	4698      	mov	r8, r3
1000371e:	2303      	movs	r3, #3
10003720:	9a24      	ldr	r2, [sp, #144]	; 0x90
10003722:	4013      	ands	r3, r2
10003724:	2b01      	cmp	r3, #1
10003726:	d100      	bne.n	1000372a <_ftoa+0x18e>
10003728:	e096      	b.n	10003858 <_ftoa+0x2bc>
1000372a:	2320      	movs	r3, #32
1000372c:	9a24      	ldr	r2, [sp, #144]	; 0x90
1000372e:	9301      	str	r3, [sp, #4]
10003730:	9203      	str	r2, [sp, #12]
10003732:	9a23      	ldr	r2, [sp, #140]	; 0x8c
10003734:	4643      	mov	r3, r8
10003736:	9202      	str	r2, [sp, #8]
10003738:	e01e      	b.n	10003778 <_ftoa+0x1dc>
1000373a:	9b24      	ldr	r3, [sp, #144]	; 0x90
1000373c:	4658      	mov	r0, fp
1000373e:	9304      	str	r3, [sp, #16]
10003740:	9b23      	ldr	r3, [sp, #140]	; 0x8c
10003742:	9600      	str	r6, [sp, #0]
10003744:	9701      	str	r7, [sp, #4]
10003746:	9303      	str	r3, [sp, #12]
10003748:	4643      	mov	r3, r8
1000374a:	9a0c      	ldr	r2, [sp, #48]	; 0x30
1000374c:	9302      	str	r3, [sp, #8]
1000374e:	9907      	ldr	r1, [sp, #28]
10003750:	464b      	mov	r3, r9
10003752:	f7ff fcfd 	bl	10003150 <_etoa>
10003756:	b017      	add	sp, #92	; 0x5c
10003758:	bcf0      	pop	{r4, r5, r6, r7}
1000375a:	46bb      	mov	fp, r7
1000375c:	46b2      	mov	sl, r6
1000375e:	46a9      	mov	r9, r5
10003760:	46a0      	mov	r8, r4
10003762:	bdf0      	pop	{r4, r5, r6, r7, pc}
10003764:	9b24      	ldr	r3, [sp, #144]	; 0x90
10003766:	075b      	lsls	r3, r3, #29
10003768:	d40e      	bmi.n	10003788 <_ftoa+0x1ec>
1000376a:	2203      	movs	r2, #3
1000376c:	4b69      	ldr	r3, [pc, #420]	; (10003914 <_ftoa+0x378>)
1000376e:	9924      	ldr	r1, [sp, #144]	; 0x90
10003770:	9201      	str	r2, [sp, #4]
10003772:	9103      	str	r1, [sp, #12]
10003774:	9923      	ldr	r1, [sp, #140]	; 0x8c
10003776:	9102      	str	r1, [sp, #8]
10003778:	9300      	str	r3, [sp, #0]
1000377a:	4658      	mov	r0, fp
1000377c:	464b      	mov	r3, r9
1000377e:	9a0c      	ldr	r2, [sp, #48]	; 0x30
10003780:	9907      	ldr	r1, [sp, #28]
10003782:	f7ff fba1 	bl	10002ec8 <_out_rev>
10003786:	e7e6      	b.n	10003756 <_ftoa+0x1ba>
10003788:	2204      	movs	r2, #4
1000378a:	4b63      	ldr	r3, [pc, #396]	; (10003918 <_ftoa+0x37c>)
1000378c:	e7ef      	b.n	1000376e <_ftoa+0x1d2>
1000378e:	003b      	movs	r3, r7
10003790:	0032      	movs	r2, r6
10003792:	2000      	movs	r0, #0
10003794:	2100      	movs	r1, #0
10003796:	f7fe ff38 	bl	1000260a <__wrap___aeabi_dsub>
1000379a:	2301      	movs	r3, #1
1000379c:	0006      	movs	r6, r0
1000379e:	000f      	movs	r7, r1
100037a0:	930d      	str	r3, [sp, #52]	; 0x34
100037a2:	e744      	b.n	1000362e <_ftoa+0x92>
100037a4:	9b24      	ldr	r3, [sp, #144]	; 0x90
100037a6:	9303      	str	r3, [sp, #12]
100037a8:	9b23      	ldr	r3, [sp, #140]	; 0x8c
100037aa:	9302      	str	r3, [sp, #8]
100037ac:	2304      	movs	r3, #4
100037ae:	9301      	str	r3, [sp, #4]
100037b0:	4b5a      	ldr	r3, [pc, #360]	; (1000391c <_ftoa+0x380>)
100037b2:	e7e1      	b.n	10003778 <_ftoa+0x1dc>
100037b4:	0028      	movs	r0, r5
100037b6:	f7fe ffc7 	bl	10002748 <__wrap___aeabi_i2d>
100037ba:	0002      	movs	r2, r0
100037bc:	000b      	movs	r3, r1
100037be:	0030      	movs	r0, r6
100037c0:	0039      	movs	r1, r7
100037c2:	f7fe ff22 	bl	1000260a <__wrap___aeabi_dsub>
100037c6:	4b52      	ldr	r3, [pc, #328]	; (10003910 <_ftoa+0x374>)
100037c8:	2200      	movs	r2, #0
100037ca:	0006      	movs	r6, r0
100037cc:	000f      	movs	r7, r1
100037ce:	f7fe ff8f 	bl	100026f0 <__wrap___aeabi_dcmplt>
100037d2:	ab0e      	add	r3, sp, #56	; 0x38
100037d4:	4698      	mov	r8, r3
100037d6:	2800      	cmp	r0, #0
100037d8:	d10a      	bne.n	100037f0 <_ftoa+0x254>
100037da:	2200      	movs	r2, #0
100037dc:	0030      	movs	r0, r6
100037de:	0039      	movs	r1, r7
100037e0:	4b4b      	ldr	r3, [pc, #300]	; (10003910 <_ftoa+0x374>)
100037e2:	f7fe ff9b 	bl	1000271c <__wrap___aeabi_dcmpgt>
100037e6:	2800      	cmp	r0, #0
100037e8:	d102      	bne.n	100037f0 <_ftoa+0x254>
100037ea:	07eb      	lsls	r3, r5, #31
100037ec:	d500      	bpl.n	100037f0 <_ftoa+0x254>
100037ee:	3501      	adds	r5, #1
100037f0:	2c20      	cmp	r4, #32
100037f2:	d094      	beq.n	1000371e <_ftoa+0x182>
100037f4:	aa08      	add	r2, sp, #32
100037f6:	4694      	mov	ip, r2
100037f8:	2317      	movs	r3, #23
100037fa:	0028      	movs	r0, r5
100037fc:	4463      	add	r3, ip
100037fe:	210a      	movs	r1, #10
10003800:	3401      	adds	r4, #1
10003802:	191e      	adds	r6, r3, r4
10003804:	f7fe fc9e 	bl	10002144 <__wrap___aeabi_idiv>
10003808:	3130      	adds	r1, #48	; 0x30
1000380a:	0028      	movs	r0, r5
1000380c:	7031      	strb	r1, [r6, #0]
1000380e:	210a      	movs	r1, #10
10003810:	f7fe fc98 	bl	10002144 <__wrap___aeabi_idiv>
10003814:	1e05      	subs	r5, r0, #0
10003816:	d1eb      	bne.n	100037f0 <_ftoa+0x254>
10003818:	2303      	movs	r3, #3
1000381a:	9a24      	ldr	r2, [sp, #144]	; 0x90
1000381c:	4013      	ands	r3, r2
1000381e:	2b01      	cmp	r3, #1
10003820:	d01b      	beq.n	1000385a <_ftoa+0x2be>
10003822:	2c20      	cmp	r4, #32
10003824:	d100      	bne.n	10003828 <_ftoa+0x28c>
10003826:	e780      	b.n	1000372a <_ftoa+0x18e>
10003828:	9b0d      	ldr	r3, [sp, #52]	; 0x34
1000382a:	2b00      	cmp	r3, #0
1000382c:	d035      	beq.n	1000389a <_ftoa+0x2fe>
1000382e:	222d      	movs	r2, #45	; 0x2d
10003830:	4641      	mov	r1, r8
10003832:	1c63      	adds	r3, r4, #1
10003834:	550a      	strb	r2, [r1, r4]
10003836:	e779      	b.n	1000372c <_ftoa+0x190>
10003838:	2200      	movs	r2, #0
1000383a:	980a      	ldr	r0, [sp, #40]	; 0x28
1000383c:	990b      	ldr	r1, [sp, #44]	; 0x2c
1000383e:	4b34      	ldr	r3, [pc, #208]	; (10003910 <_ftoa+0x374>)
10003840:	f7fe ff56 	bl	100026f0 <__wrap___aeabi_dcmplt>
10003844:	2800      	cmp	r0, #0
10003846:	d000      	beq.n	1000384a <_ftoa+0x2ae>
10003848:	e746      	b.n	100036d8 <_ftoa+0x13c>
1000384a:	4653      	mov	r3, sl
1000384c:	2b00      	cmp	r3, #0
1000384e:	d151      	bne.n	100038f4 <_ftoa+0x358>
10003850:	2301      	movs	r3, #1
10003852:	469c      	mov	ip, r3
10003854:	44e2      	add	sl, ip
10003856:	e73f      	b.n	100036d8 <_ftoa+0x13c>
10003858:	2420      	movs	r4, #32
1000385a:	9b23      	ldr	r3, [sp, #140]	; 0x8c
1000385c:	2b00      	cmp	r3, #0
1000385e:	d0e0      	beq.n	10003822 <_ftoa+0x286>
10003860:	9b0d      	ldr	r3, [sp, #52]	; 0x34
10003862:	2b00      	cmp	r3, #0
10003864:	d103      	bne.n	1000386e <_ftoa+0x2d2>
10003866:	9a24      	ldr	r2, [sp, #144]	; 0x90
10003868:	330c      	adds	r3, #12
1000386a:	4213      	tst	r3, r2
1000386c:	d002      	beq.n	10003874 <_ftoa+0x2d8>
1000386e:	9b23      	ldr	r3, [sp, #140]	; 0x8c
10003870:	3b01      	subs	r3, #1
10003872:	9323      	str	r3, [sp, #140]	; 0x8c
10003874:	9b23      	ldr	r3, [sp, #140]	; 0x8c
10003876:	42a3      	cmp	r3, r4
10003878:	d9d3      	bls.n	10003822 <_ftoa+0x286>
1000387a:	ab08      	add	r3, sp, #32
1000387c:	469c      	mov	ip, r3
1000387e:	2217      	movs	r2, #23
10003880:	2330      	movs	r3, #48	; 0x30
10003882:	4462      	add	r2, ip
10003884:	2c20      	cmp	r4, #32
10003886:	d100      	bne.n	1000388a <_ftoa+0x2ee>
10003888:	e74f      	b.n	1000372a <_ftoa+0x18e>
1000388a:	9923      	ldr	r1, [sp, #140]	; 0x8c
1000388c:	3401      	adds	r4, #1
1000388e:	5513      	strb	r3, [r2, r4]
10003890:	428c      	cmp	r4, r1
10003892:	d0c6      	beq.n	10003822 <_ftoa+0x286>
10003894:	2c20      	cmp	r4, #32
10003896:	d1f8      	bne.n	1000388a <_ftoa+0x2ee>
10003898:	e747      	b.n	1000372a <_ftoa+0x18e>
1000389a:	9b24      	ldr	r3, [sp, #144]	; 0x90
1000389c:	075b      	lsls	r3, r3, #29
1000389e:	d424      	bmi.n	100038ea <_ftoa+0x34e>
100038a0:	9a24      	ldr	r2, [sp, #144]	; 0x90
100038a2:	0023      	movs	r3, r4
100038a4:	0712      	lsls	r2, r2, #28
100038a6:	d400      	bmi.n	100038aa <_ftoa+0x30e>
100038a8:	e740      	b.n	1000372c <_ftoa+0x190>
100038aa:	2220      	movs	r2, #32
100038ac:	4641      	mov	r1, r8
100038ae:	3301      	adds	r3, #1
100038b0:	550a      	strb	r2, [r1, r4]
100038b2:	e73b      	b.n	1000372c <_ftoa+0x190>
100038b4:	4657      	mov	r7, sl
100038b6:	9d08      	ldr	r5, [sp, #32]
100038b8:	2c20      	cmp	r4, #32
100038ba:	d100      	bne.n	100038be <_ftoa+0x322>
100038bc:	e72d      	b.n	1000371a <_ftoa+0x17e>
100038be:	0022      	movs	r2, r4
100038c0:	2130      	movs	r1, #48	; 0x30
100038c2:	4640      	mov	r0, r8
100038c4:	2f00      	cmp	r7, #0
100038c6:	d009      	beq.n	100038dc <_ftoa+0x340>
100038c8:	3201      	adds	r2, #1
100038ca:	54b1      	strb	r1, [r6, r2]
100038cc:	2a20      	cmp	r2, #32
100038ce:	d100      	bne.n	100038d2 <_ftoa+0x336>
100038d0:	e723      	b.n	1000371a <_ftoa+0x17e>
100038d2:	43d3      	mvns	r3, r2
100038d4:	191b      	adds	r3, r3, r4
100038d6:	181b      	adds	r3, r3, r0
100038d8:	2b00      	cmp	r3, #0
100038da:	d1f5      	bne.n	100038c8 <_ftoa+0x32c>
100038dc:	ab0e      	add	r3, sp, #56	; 0x38
100038de:	4698      	mov	r8, r3
100038e0:	232e      	movs	r3, #46	; 0x2e
100038e2:	4641      	mov	r1, r8
100038e4:	1c54      	adds	r4, r2, #1
100038e6:	548b      	strb	r3, [r1, r2]
100038e8:	e782      	b.n	100037f0 <_ftoa+0x254>
100038ea:	222b      	movs	r2, #43	; 0x2b
100038ec:	4641      	mov	r1, r8
100038ee:	1c63      	adds	r3, r4, #1
100038f0:	550a      	strb	r2, [r1, r4]
100038f2:	e71b      	b.n	1000372c <_ftoa+0x190>
100038f4:	07db      	lsls	r3, r3, #31
100038f6:	d400      	bmi.n	100038fa <_ftoa+0x35e>
100038f8:	e6ee      	b.n	100036d8 <_ftoa+0x13c>
100038fa:	e7a9      	b.n	10003850 <_ftoa+0x2b4>
100038fc:	ffefffff 	.word	0xffefffff
10003900:	7fefffff 	.word	0x7fefffff
10003904:	41cdcd65 	.word	0x41cdcd65
10003908:	c1cdcd65 	.word	0xc1cdcd65
1000390c:	10007080 	.word	0x10007080
10003910:	3fe00000 	.word	0x3fe00000
10003914:	10006e84 	.word	0x10006e84
10003918:	10006e88 	.word	0x10006e88
1000391c:	10006e94 	.word	0x10006e94
10003920:	9b24      	ldr	r3, [sp, #144]	; 0x90
10003922:	9303      	str	r3, [sp, #12]
10003924:	9b23      	ldr	r3, [sp, #140]	; 0x8c
10003926:	9302      	str	r3, [sp, #8]
10003928:	2303      	movs	r3, #3
1000392a:	9301      	str	r3, [sp, #4]
1000392c:	4b00      	ldr	r3, [pc, #0]	; (10003930 <_ftoa+0x394>)
1000392e:	e723      	b.n	10003778 <_ftoa+0x1dc>
10003930:	10006e90 	.word	0x10006e90

10003934 <_vsnprintf>:
10003934:	b5f0      	push	{r4, r5, r6, r7, lr}
10003936:	46de      	mov	lr, fp
10003938:	464e      	mov	r6, r9
1000393a:	4657      	mov	r7, sl
1000393c:	4645      	mov	r5, r8
1000393e:	b5e0      	push	{r5, r6, r7, lr}
10003940:	b09f      	sub	sp, #124	; 0x7c
10003942:	001c      	movs	r4, r3
10003944:	9b28      	ldr	r3, [sp, #160]	; 0xa0
10003946:	4691      	mov	r9, r2
10003948:	9309      	str	r3, [sp, #36]	; 0x24
1000394a:	4ac9      	ldr	r2, [pc, #804]	; (10003c70 <_vsnprintf+0x33c>)
1000394c:	4bc9      	ldr	r3, [pc, #804]	; (10003c74 <_vsnprintf+0x340>)
1000394e:	468b      	mov	fp, r1
10003950:	9008      	str	r0, [sp, #32]
10003952:	601a      	str	r2, [r3, #0]
10003954:	2900      	cmp	r1, #0
10003956:	d100      	bne.n	1000395a <_vsnprintf+0x26>
10003958:	e218      	b.n	10003d8c <_vsnprintf+0x458>
1000395a:	2300      	movs	r3, #0
1000395c:	7820      	ldrb	r0, [r4, #0]
1000395e:	469a      	mov	sl, r3
10003960:	2800      	cmp	r0, #0
10003962:	d100      	bne.n	10003966 <_vsnprintf+0x32>
10003964:	e21a      	b.n	10003d9c <_vsnprintf+0x468>
10003966:	0026      	movs	r6, r4
10003968:	001d      	movs	r5, r3
1000396a:	465c      	mov	r4, fp
1000396c:	e00a      	b.n	10003984 <_vsnprintf+0x50>
1000396e:	002a      	movs	r2, r5
10003970:	1c6f      	adds	r7, r5, #1
10003972:	464b      	mov	r3, r9
10003974:	9d08      	ldr	r5, [sp, #32]
10003976:	0021      	movs	r1, r4
10003978:	47a8      	blx	r5
1000397a:	003d      	movs	r5, r7
1000397c:	3601      	adds	r6, #1
1000397e:	7830      	ldrb	r0, [r6, #0]
10003980:	2800      	cmp	r0, #0
10003982:	d070      	beq.n	10003a66 <_vsnprintf+0x132>
10003984:	2825      	cmp	r0, #37	; 0x25
10003986:	d1f2      	bne.n	1000396e <_vsnprintf+0x3a>
10003988:	2310      	movs	r3, #16
1000398a:	469b      	mov	fp, r3
1000398c:	3b08      	subs	r3, #8
1000398e:	469a      	mov	sl, r3
10003990:	3b04      	subs	r3, #4
10003992:	4698      	mov	r8, r3
10003994:	3b02      	subs	r3, #2
10003996:	2100      	movs	r1, #0
10003998:	469c      	mov	ip, r3
1000399a:	1c72      	adds	r2, r6, #1
1000399c:	7810      	ldrb	r0, [r2, #0]
1000399e:	0016      	movs	r6, r2
100039a0:	0003      	movs	r3, r0
100039a2:	3b20      	subs	r3, #32
100039a4:	b2db      	uxtb	r3, r3
100039a6:	2b10      	cmp	r3, #16
100039a8:	d803      	bhi.n	100039b2 <_vsnprintf+0x7e>
100039aa:	4fb3      	ldr	r7, [pc, #716]	; (10003c78 <_vsnprintf+0x344>)
100039ac:	009b      	lsls	r3, r3, #2
100039ae:	58fb      	ldr	r3, [r7, r3]
100039b0:	469f      	mov	pc, r3
100039b2:	0003      	movs	r3, r0
100039b4:	3b30      	subs	r3, #48	; 0x30
100039b6:	2b09      	cmp	r3, #9
100039b8:	d932      	bls.n	10003a20 <_vsnprintf+0xec>
100039ba:	2300      	movs	r3, #0
100039bc:	930a      	str	r3, [sp, #40]	; 0x28
100039be:	282a      	cmp	r0, #42	; 0x2a
100039c0:	d068      	beq.n	10003a94 <_vsnprintf+0x160>
100039c2:	2300      	movs	r3, #0
100039c4:	4698      	mov	r8, r3
100039c6:	282e      	cmp	r0, #46	; 0x2e
100039c8:	d03e      	beq.n	10003a48 <_vsnprintf+0x114>
100039ca:	0003      	movs	r3, r0
100039cc:	3b68      	subs	r3, #104	; 0x68
100039ce:	b2db      	uxtb	r3, r3
100039d0:	2b12      	cmp	r3, #18
100039d2:	d81c      	bhi.n	10003a0e <_vsnprintf+0xda>
100039d4:	4aa9      	ldr	r2, [pc, #676]	; (10003c7c <_vsnprintf+0x348>)
100039d6:	009b      	lsls	r3, r3, #2
100039d8:	58d3      	ldr	r3, [r2, r3]
100039da:	469f      	mov	pc, r3
100039dc:	2301      	movs	r3, #1
100039de:	3201      	adds	r2, #1
100039e0:	4319      	orrs	r1, r3
100039e2:	e7db      	b.n	1000399c <_vsnprintf+0x68>
100039e4:	4663      	mov	r3, ip
100039e6:	3201      	adds	r2, #1
100039e8:	4319      	orrs	r1, r3
100039ea:	e7d7      	b.n	1000399c <_vsnprintf+0x68>
100039ec:	4643      	mov	r3, r8
100039ee:	3201      	adds	r2, #1
100039f0:	4319      	orrs	r1, r3
100039f2:	e7d3      	b.n	1000399c <_vsnprintf+0x68>
100039f4:	465b      	mov	r3, fp
100039f6:	3201      	adds	r2, #1
100039f8:	4319      	orrs	r1, r3
100039fa:	e7cf      	b.n	1000399c <_vsnprintf+0x68>
100039fc:	4653      	mov	r3, sl
100039fe:	3201      	adds	r2, #1
10003a00:	4319      	orrs	r1, r3
10003a02:	e7cb      	b.n	1000399c <_vsnprintf+0x68>
10003a04:	2380      	movs	r3, #128	; 0x80
10003a06:	005b      	lsls	r3, r3, #1
10003a08:	7870      	ldrb	r0, [r6, #1]
10003a0a:	4319      	orrs	r1, r3
10003a0c:	3601      	adds	r6, #1
10003a0e:	0003      	movs	r3, r0
10003a10:	3b25      	subs	r3, #37	; 0x25
10003a12:	b2db      	uxtb	r3, r3
10003a14:	2b53      	cmp	r3, #83	; 0x53
10003a16:	d8aa      	bhi.n	1000396e <_vsnprintf+0x3a>
10003a18:	4a99      	ldr	r2, [pc, #612]	; (10003c80 <_vsnprintf+0x34c>)
10003a1a:	009b      	lsls	r3, r3, #2
10003a1c:	58d3      	ldr	r3, [r2, r3]
10003a1e:	469f      	mov	pc, r3
10003a20:	2700      	movs	r7, #0
10003a22:	0003      	movs	r3, r0
10003a24:	00b8      	lsls	r0, r7, #2
10003a26:	19c0      	adds	r0, r0, r7
10003a28:	3601      	adds	r6, #1
10003a2a:	0040      	lsls	r0, r0, #1
10003a2c:	18c0      	adds	r0, r0, r3
10003a2e:	7833      	ldrb	r3, [r6, #0]
10003a30:	3830      	subs	r0, #48	; 0x30
10003a32:	001a      	movs	r2, r3
10003a34:	3a30      	subs	r2, #48	; 0x30
10003a36:	0007      	movs	r7, r0
10003a38:	2a09      	cmp	r2, #9
10003a3a:	d9f3      	bls.n	10003a24 <_vsnprintf+0xf0>
10003a3c:	900a      	str	r0, [sp, #40]	; 0x28
10003a3e:	0018      	movs	r0, r3
10003a40:	2300      	movs	r3, #0
10003a42:	4698      	mov	r8, r3
10003a44:	282e      	cmp	r0, #46	; 0x2e
10003a46:	d1c0      	bne.n	100039ca <_vsnprintf+0x96>
10003a48:	2380      	movs	r3, #128	; 0x80
10003a4a:	7870      	ldrb	r0, [r6, #1]
10003a4c:	00db      	lsls	r3, r3, #3
10003a4e:	4319      	orrs	r1, r3
10003a50:	0003      	movs	r3, r0
10003a52:	3b30      	subs	r3, #48	; 0x30
10003a54:	1c72      	adds	r2, r6, #1
10003a56:	2b09      	cmp	r3, #9
10003a58:	d800      	bhi.n	10003a5c <_vsnprintf+0x128>
10003a5a:	e1a1      	b.n	10003da0 <_vsnprintf+0x46c>
10003a5c:	282a      	cmp	r0, #42	; 0x2a
10003a5e:	d100      	bne.n	10003a62 <_vsnprintf+0x12e>
10003a60:	e1b2      	b.n	10003dc8 <_vsnprintf+0x494>
10003a62:	0016      	movs	r6, r2
10003a64:	e7b1      	b.n	100039ca <_vsnprintf+0x96>
10003a66:	46a3      	mov	fp, r4
10003a68:	46aa      	mov	sl, r5
10003a6a:	002c      	movs	r4, r5
10003a6c:	45d1      	cmp	r9, sl
10003a6e:	d803      	bhi.n	10003a78 <_vsnprintf+0x144>
10003a70:	2301      	movs	r3, #1
10003a72:	425b      	negs	r3, r3
10003a74:	444b      	add	r3, r9
10003a76:	469a      	mov	sl, r3
10003a78:	464b      	mov	r3, r9
10003a7a:	4652      	mov	r2, sl
10003a7c:	4659      	mov	r1, fp
10003a7e:	2000      	movs	r0, #0
10003a80:	9d08      	ldr	r5, [sp, #32]
10003a82:	47a8      	blx	r5
10003a84:	0020      	movs	r0, r4
10003a86:	b01f      	add	sp, #124	; 0x7c
10003a88:	bcf0      	pop	{r4, r5, r6, r7}
10003a8a:	46bb      	mov	fp, r7
10003a8c:	46b2      	mov	sl, r6
10003a8e:	46a9      	mov	r9, r5
10003a90:	46a0      	mov	r8, r4
10003a92:	bdf0      	pop	{r4, r5, r6, r7, pc}
10003a94:	9b09      	ldr	r3, [sp, #36]	; 0x24
10003a96:	cb40      	ldmia	r3!, {r6}
10003a98:	960a      	str	r6, [sp, #40]	; 0x28
10003a9a:	2e00      	cmp	r6, #0
10003a9c:	db03      	blt.n	10003aa6 <_vsnprintf+0x172>
10003a9e:	7850      	ldrb	r0, [r2, #1]
10003aa0:	9309      	str	r3, [sp, #36]	; 0x24
10003aa2:	1c56      	adds	r6, r2, #1
10003aa4:	e78d      	b.n	100039c2 <_vsnprintf+0x8e>
10003aa6:	3828      	subs	r0, #40	; 0x28
10003aa8:	4301      	orrs	r1, r0
10003aaa:	4270      	negs	r0, r6
10003aac:	900a      	str	r0, [sp, #40]	; 0x28
10003aae:	9309      	str	r3, [sp, #36]	; 0x24
10003ab0:	7850      	ldrb	r0, [r2, #1]
10003ab2:	1c56      	adds	r6, r2, #1
10003ab4:	e785      	b.n	100039c2 <_vsnprintf+0x8e>
10003ab6:	2878      	cmp	r0, #120	; 0x78
10003ab8:	d100      	bne.n	10003abc <_vsnprintf+0x188>
10003aba:	e1df      	b.n	10003e7c <_vsnprintf+0x548>
10003abc:	2858      	cmp	r0, #88	; 0x58
10003abe:	d100      	bne.n	10003ac2 <_vsnprintf+0x18e>
10003ac0:	e24c      	b.n	10003f5c <_vsnprintf+0x628>
10003ac2:	286f      	cmp	r0, #111	; 0x6f
10003ac4:	d100      	bne.n	10003ac8 <_vsnprintf+0x194>
10003ac6:	e34f      	b.n	10004168 <_vsnprintf+0x834>
10003ac8:	2862      	cmp	r0, #98	; 0x62
10003aca:	d101      	bne.n	10003ad0 <_vsnprintf+0x19c>
10003acc:	f000 fc30 	bl	10004330 <_vsnprintf+0x9fc>
10003ad0:	2310      	movs	r3, #16
10003ad2:	000a      	movs	r2, r1
10003ad4:	439a      	bics	r2, r3
10003ad6:	920b      	str	r2, [sp, #44]	; 0x2c
10003ad8:	2869      	cmp	r0, #105	; 0x69
10003ada:	d001      	beq.n	10003ae0 <_vsnprintf+0x1ac>
10003adc:	f000 fca9 	bl	10004432 <_vsnprintf+0xafe>
10003ae0:	230a      	movs	r3, #10
10003ae2:	930c      	str	r3, [sp, #48]	; 0x30
10003ae4:	054b      	lsls	r3, r1, #21
10003ae6:	d500      	bpl.n	10003aea <_vsnprintf+0x1b6>
10003ae8:	e1d0      	b.n	10003e8c <_vsnprintf+0x558>
10003aea:	9a0b      	ldr	r2, [sp, #44]	; 0x2c
10003aec:	2380      	movs	r3, #128	; 0x80
10003aee:	0011      	movs	r1, r2
10003af0:	009b      	lsls	r3, r3, #2
10003af2:	4019      	ands	r1, r3
10003af4:	468b      	mov	fp, r1
10003af6:	421a      	tst	r2, r3
10003af8:	d000      	beq.n	10003afc <_vsnprintf+0x1c8>
10003afa:	e2a1      	b.n	10004040 <_vsnprintf+0x70c>
10003afc:	2380      	movs	r3, #128	; 0x80
10003afe:	0011      	movs	r1, r2
10003b00:	005b      	lsls	r3, r3, #1
10003b02:	4019      	ands	r1, r3
10003b04:	468a      	mov	sl, r1
10003b06:	421a      	tst	r2, r3
10003b08:	d000      	beq.n	10003b0c <_vsnprintf+0x1d8>
10003b0a:	e3b6      	b.n	1000427a <_vsnprintf+0x946>
10003b0c:	0013      	movs	r3, r2
10003b0e:	065b      	lsls	r3, r3, #25
10003b10:	d500      	bpl.n	10003b14 <_vsnprintf+0x1e0>
10003b12:	e2ed      	b.n	100040f0 <_vsnprintf+0x7bc>
10003b14:	0013      	movs	r3, r2
10003b16:	9909      	ldr	r1, [sp, #36]	; 0x24
10003b18:	061b      	lsls	r3, r3, #24
10003b1a:	d401      	bmi.n	10003b20 <_vsnprintf+0x1ec>
10003b1c:	f000 fc76 	bl	1000440c <_vsnprintf+0xad8>
10003b20:	c908      	ldmia	r1!, {r3}
10003b22:	b21b      	sxth	r3, r3
10003b24:	17d8      	asrs	r0, r3, #31
10003b26:	181a      	adds	r2, r3, r0
10003b28:	4042      	eors	r2, r0
10003b2a:	b292      	uxth	r2, r2
10003b2c:	9109      	str	r1, [sp, #36]	; 0x24
10003b2e:	4693      	mov	fp, r2
10003b30:	0fda      	lsrs	r2, r3, #31
10003b32:	9212      	str	r2, [sp, #72]	; 0x48
10003b34:	2b00      	cmp	r3, #0
10003b36:	d109      	bne.n	10003b4c <_vsnprintf+0x218>
10003b38:	2380      	movs	r3, #128	; 0x80
10003b3a:	2210      	movs	r2, #16
10003b3c:	990b      	ldr	r1, [sp, #44]	; 0x2c
10003b3e:	00db      	lsls	r3, r3, #3
10003b40:	400b      	ands	r3, r1
10003b42:	4391      	bics	r1, r2
10003b44:	910b      	str	r1, [sp, #44]	; 0x2c
10003b46:	2b00      	cmp	r3, #0
10003b48:	d000      	beq.n	10003b4c <_vsnprintf+0x218>
10003b4a:	e2e4      	b.n	10004116 <_vsnprintf+0x7e2>
10003b4c:	9a0b      	ldr	r2, [sp, #44]	; 0x2c
10003b4e:	2361      	movs	r3, #97	; 0x61
10003b50:	0692      	lsls	r2, r2, #26
10003b52:	d500      	bpl.n	10003b56 <_vsnprintf+0x222>
10003b54:	2341      	movs	r3, #65	; 0x41
10003b56:	a90e      	add	r1, sp, #56	; 0x38
10003b58:	221f      	movs	r2, #31
10003b5a:	468c      	mov	ip, r1
10003b5c:	b2db      	uxtb	r3, r3
10003b5e:	4462      	add	r2, ip
10003b60:	3b0a      	subs	r3, #10
10003b62:	465f      	mov	r7, fp
10003b64:	9513      	str	r5, [sp, #76]	; 0x4c
10003b66:	46a3      	mov	fp, r4
10003b68:	4655      	mov	r5, sl
10003b6a:	9c0c      	ldr	r4, [sp, #48]	; 0x30
10003b6c:	46b2      	mov	sl, r6
10003b6e:	930d      	str	r3, [sp, #52]	; 0x34
10003b70:	0016      	movs	r6, r2
10003b72:	e00a      	b.n	10003b8a <_vsnprintf+0x256>
10003b74:	3330      	adds	r3, #48	; 0x30
10003b76:	b2db      	uxtb	r3, r3
10003b78:	3501      	adds	r5, #1
10003b7a:	5573      	strb	r3, [r6, r5]
10003b7c:	42a7      	cmp	r7, r4
10003b7e:	d200      	bcs.n	10003b82 <_vsnprintf+0x24e>
10003b80:	e2ed      	b.n	1000415e <_vsnprintf+0x82a>
10003b82:	2d20      	cmp	r5, #32
10003b84:	d100      	bne.n	10003b88 <_vsnprintf+0x254>
10003b86:	e2ea      	b.n	1000415e <_vsnprintf+0x82a>
10003b88:	0007      	movs	r7, r0
10003b8a:	0021      	movs	r1, r4
10003b8c:	0038      	movs	r0, r7
10003b8e:	f7fe fb01 	bl	10002194 <__wrap___aeabi_uidiv>
10003b92:	b2cb      	uxtb	r3, r1
10003b94:	2909      	cmp	r1, #9
10003b96:	d9ed      	bls.n	10003b74 <_vsnprintf+0x240>
10003b98:	9a0d      	ldr	r2, [sp, #52]	; 0x34
10003b9a:	4694      	mov	ip, r2
10003b9c:	4463      	add	r3, ip
10003b9e:	b2db      	uxtb	r3, r3
10003ba0:	e7ea      	b.n	10003b78 <_vsnprintf+0x244>
10003ba2:	2380      	movs	r3, #128	; 0x80
10003ba4:	009b      	lsls	r3, r3, #2
10003ba6:	7870      	ldrb	r0, [r6, #1]
10003ba8:	4319      	orrs	r1, r3
10003baa:	3601      	adds	r6, #1
10003bac:	e72f      	b.n	10003a0e <_vsnprintf+0xda>
10003bae:	7870      	ldrb	r0, [r6, #1]
10003bb0:	2868      	cmp	r0, #104	; 0x68
10003bb2:	d100      	bne.n	10003bb6 <_vsnprintf+0x282>
10003bb4:	e1cd      	b.n	10003f52 <_vsnprintf+0x61e>
10003bb6:	2380      	movs	r3, #128	; 0x80
10003bb8:	3601      	adds	r6, #1
10003bba:	4319      	orrs	r1, r3
10003bbc:	e727      	b.n	10003a0e <_vsnprintf+0xda>
10003bbe:	7870      	ldrb	r0, [r6, #1]
10003bc0:	286c      	cmp	r0, #108	; 0x6c
10003bc2:	d100      	bne.n	10003bc6 <_vsnprintf+0x292>
10003bc4:	e1bf      	b.n	10003f46 <_vsnprintf+0x612>
10003bc6:	2380      	movs	r3, #128	; 0x80
10003bc8:	005b      	lsls	r3, r3, #1
10003bca:	4319      	orrs	r1, r3
10003bcc:	3601      	adds	r6, #1
10003bce:	e71e      	b.n	10003a0e <_vsnprintf+0xda>
10003bd0:	2846      	cmp	r0, #70	; 0x46
10003bd2:	d100      	bne.n	10003bd6 <_vsnprintf+0x2a2>
10003bd4:	e19b      	b.n	10003f0e <_vsnprintf+0x5da>
10003bd6:	2207      	movs	r2, #7
10003bd8:	9b09      	ldr	r3, [sp, #36]	; 0x24
10003bda:	9104      	str	r1, [sp, #16]
10003bdc:	3307      	adds	r3, #7
10003bde:	4393      	bics	r3, r2
10003be0:	9a0a      	ldr	r2, [sp, #40]	; 0x28
10003be2:	0019      	movs	r1, r3
10003be4:	9203      	str	r2, [sp, #12]
10003be6:	4642      	mov	r2, r8
10003be8:	9202      	str	r2, [sp, #8]
10003bea:	c90c      	ldmia	r1!, {r2, r3}
10003bec:	9808      	ldr	r0, [sp, #32]
10003bee:	9200      	str	r2, [sp, #0]
10003bf0:	9301      	str	r3, [sp, #4]
10003bf2:	9109      	str	r1, [sp, #36]	; 0x24
10003bf4:	002a      	movs	r2, r5
10003bf6:	464b      	mov	r3, r9
10003bf8:	0021      	movs	r1, r4
10003bfa:	f7ff fccf 	bl	1000359c <_ftoa>
10003bfe:	3601      	adds	r6, #1
10003c00:	0005      	movs	r5, r0
10003c02:	e6bc      	b.n	1000397e <_vsnprintf+0x4a>
10003c04:	002a      	movs	r2, r5
10003c06:	1c6f      	adds	r7, r5, #1
10003c08:	464b      	mov	r3, r9
10003c0a:	9d08      	ldr	r5, [sp, #32]
10003c0c:	0021      	movs	r1, r4
10003c0e:	2025      	movs	r0, #37	; 0x25
10003c10:	47a8      	blx	r5
10003c12:	3601      	adds	r6, #1
10003c14:	003d      	movs	r5, r7
10003c16:	e6b2      	b.n	1000397e <_vsnprintf+0x4a>
10003c18:	078b      	lsls	r3, r1, #30
10003c1a:	d400      	bmi.n	10003c1e <_vsnprintf+0x2ea>
10003c1c:	e1ad      	b.n	10003f7a <_vsnprintf+0x646>
10003c1e:	9b09      	ldr	r3, [sp, #36]	; 0x24
10003c20:	002a      	movs	r2, r5
10003c22:	469a      	mov	sl, r3
10003c24:	1c6b      	adds	r3, r5, #1
10003c26:	4698      	mov	r8, r3
10003c28:	4653      	mov	r3, sl
10003c2a:	cb01      	ldmia	r3!, {r0}
10003c2c:	0021      	movs	r1, r4
10003c2e:	469a      	mov	sl, r3
10003c30:	9f08      	ldr	r7, [sp, #32]
10003c32:	464b      	mov	r3, r9
10003c34:	b2c0      	uxtb	r0, r0
10003c36:	47b8      	blx	r7
10003c38:	9b0a      	ldr	r3, [sp, #40]	; 0x28
10003c3a:	469c      	mov	ip, r3
10003c3c:	4465      	add	r5, ip
10003c3e:	2b01      	cmp	r3, #1
10003c40:	d800      	bhi.n	10003c44 <_vsnprintf+0x310>
10003c42:	e286      	b.n	10004152 <_vsnprintf+0x81e>
10003c44:	9b08      	ldr	r3, [sp, #32]
10003c46:	4647      	mov	r7, r8
10003c48:	46b0      	mov	r8, r6
10003c4a:	0026      	movs	r6, r4
10003c4c:	464c      	mov	r4, r9
10003c4e:	4699      	mov	r9, r3
10003c50:	003a      	movs	r2, r7
10003c52:	0023      	movs	r3, r4
10003c54:	3701      	adds	r7, #1
10003c56:	0031      	movs	r1, r6
10003c58:	2020      	movs	r0, #32
10003c5a:	47c8      	blx	r9
10003c5c:	42af      	cmp	r7, r5
10003c5e:	d1f7      	bne.n	10003c50 <_vsnprintf+0x31c>
10003c60:	46a1      	mov	r9, r4
10003c62:	4653      	mov	r3, sl
10003c64:	0034      	movs	r4, r6
10003c66:	4646      	mov	r6, r8
10003c68:	9309      	str	r3, [sp, #36]	; 0x24
10003c6a:	3601      	adds	r6, #1
10003c6c:	e687      	b.n	1000397e <_vsnprintf+0x4a>
10003c6e:	46c0      	nop			; (mov r8, r8)
10003c70:	10003935 	.word	0x10003935
10003c74:	20001c78 	.word	0x20001c78
10003c78:	10006e9c 	.word	0x10006e9c
10003c7c:	10006ee0 	.word	0x10006ee0
10003c80:	10006f2c 	.word	0x10006f2c
10003c84:	9b09      	ldr	r3, [sp, #36]	; 0x24
10003c86:	cb04      	ldmia	r3!, {r2}
10003c88:	469b      	mov	fp, r3
10003c8a:	4643      	mov	r3, r8
10003c8c:	9209      	str	r2, [sp, #36]	; 0x24
10003c8e:	2b00      	cmp	r3, #0
10003c90:	d100      	bne.n	10003c94 <_vsnprintf+0x360>
10003c92:	e0c6      	b.n	10003e22 <_vsnprintf+0x4ee>
10003c94:	7813      	ldrb	r3, [r2, #0]
10003c96:	469c      	mov	ip, r3
10003c98:	2b00      	cmp	r3, #0
10003c9a:	d100      	bne.n	10003c9e <_vsnprintf+0x36a>
10003c9c:	e3bd      	b.n	1000441a <_vsnprintf+0xae6>
10003c9e:	4643      	mov	r3, r8
10003ca0:	3b01      	subs	r3, #1
10003ca2:	9a09      	ldr	r2, [sp, #36]	; 0x24
10003ca4:	3301      	adds	r3, #1
10003ca6:	18d0      	adds	r0, r2, r3
10003ca8:	9f0a      	ldr	r7, [sp, #40]	; 0x28
10003caa:	0013      	movs	r3, r2
10003cac:	e001      	b.n	10003cb2 <_vsnprintf+0x37e>
10003cae:	4283      	cmp	r3, r0
10003cb0:	d003      	beq.n	10003cba <_vsnprintf+0x386>
10003cb2:	785a      	ldrb	r2, [r3, #1]
10003cb4:	3301      	adds	r3, #1
10003cb6:	2a00      	cmp	r2, #0
10003cb8:	d1f9      	bne.n	10003cae <_vsnprintf+0x37a>
10003cba:	9a09      	ldr	r2, [sp, #36]	; 0x24
10003cbc:	970a      	str	r7, [sp, #40]	; 0x28
10003cbe:	1a9b      	subs	r3, r3, r2
10003cc0:	930b      	str	r3, [sp, #44]	; 0x2c
10003cc2:	2380      	movs	r3, #128	; 0x80
10003cc4:	000a      	movs	r2, r1
10003cc6:	00db      	lsls	r3, r3, #3
10003cc8:	401a      	ands	r2, r3
10003cca:	920c      	str	r2, [sp, #48]	; 0x30
10003ccc:	4219      	tst	r1, r3
10003cce:	d004      	beq.n	10003cda <_vsnprintf+0x3a6>
10003cd0:	9b0b      	ldr	r3, [sp, #44]	; 0x2c
10003cd2:	4543      	cmp	r3, r8
10003cd4:	d901      	bls.n	10003cda <_vsnprintf+0x3a6>
10003cd6:	4643      	mov	r3, r8
10003cd8:	930b      	str	r3, [sp, #44]	; 0x2c
10003cda:	2302      	movs	r3, #2
10003cdc:	001a      	movs	r2, r3
10003cde:	400a      	ands	r2, r1
10003ce0:	920d      	str	r2, [sp, #52]	; 0x34
10003ce2:	420b      	tst	r3, r1
10003ce4:	d100      	bne.n	10003ce8 <_vsnprintf+0x3b4>
10003ce6:	e187      	b.n	10003ff8 <_vsnprintf+0x6c4>
10003ce8:	4660      	mov	r0, ip
10003cea:	2800      	cmp	r0, #0
10003cec:	d100      	bne.n	10003cf0 <_vsnprintf+0x3bc>
10003cee:	e168      	b.n	10003fc2 <_vsnprintf+0x68e>
10003cf0:	9b0c      	ldr	r3, [sp, #48]	; 0x30
10003cf2:	2b00      	cmp	r3, #0
10003cf4:	d100      	bne.n	10003cf8 <_vsnprintf+0x3c4>
10003cf6:	e10d      	b.n	10003f14 <_vsnprintf+0x5e0>
10003cf8:	44a8      	add	r8, r5
10003cfa:	46c2      	mov	sl, r8
10003cfc:	9b09      	ldr	r3, [sp, #36]	; 0x24
10003cfe:	4657      	mov	r7, sl
10003d00:	1b5b      	subs	r3, r3, r5
10003d02:	4698      	mov	r8, r3
10003d04:	9b08      	ldr	r3, [sp, #32]
10003d06:	46b2      	mov	sl, r6
10003d08:	002a      	movs	r2, r5
10003d0a:	0026      	movs	r6, r4
10003d0c:	464c      	mov	r4, r9
10003d0e:	4699      	mov	r9, r3
10003d10:	e009      	b.n	10003d26 <_vsnprintf+0x3f2>
10003d12:	0023      	movs	r3, r4
10003d14:	0031      	movs	r1, r6
10003d16:	1c55      	adds	r5, r2, #1
10003d18:	47c8      	blx	r9
10003d1a:	4643      	mov	r3, r8
10003d1c:	5d58      	ldrb	r0, [r3, r5]
10003d1e:	2800      	cmp	r0, #0
10003d20:	d100      	bne.n	10003d24 <_vsnprintf+0x3f0>
10003d22:	e126      	b.n	10003f72 <_vsnprintf+0x63e>
10003d24:	002a      	movs	r2, r5
10003d26:	4297      	cmp	r7, r2
10003d28:	d1f3      	bne.n	10003d12 <_vsnprintf+0x3de>
10003d2a:	46a1      	mov	r9, r4
10003d2c:	003d      	movs	r5, r7
10003d2e:	0034      	movs	r4, r6
10003d30:	4656      	mov	r6, sl
10003d32:	9b0d      	ldr	r3, [sp, #52]	; 0x34
10003d34:	2b00      	cmp	r3, #0
10003d36:	d000      	beq.n	10003d3a <_vsnprintf+0x406>
10003d38:	e143      	b.n	10003fc2 <_vsnprintf+0x68e>
10003d3a:	465b      	mov	r3, fp
10003d3c:	3601      	adds	r6, #1
10003d3e:	9309      	str	r3, [sp, #36]	; 0x24
10003d40:	e61d      	b.n	1000397e <_vsnprintf+0x4a>
10003d42:	9b09      	ldr	r3, [sp, #36]	; 0x24
10003d44:	001a      	movs	r2, r3
10003d46:	ca08      	ldmia	r2!, {r3}
10003d48:	4692      	mov	sl, r2
10003d4a:	2b00      	cmp	r3, #0
10003d4c:	d048      	beq.n	10003de0 <_vsnprintf+0x4ac>
10003d4e:	2221      	movs	r2, #33	; 0x21
10003d50:	4311      	orrs	r1, r2
10003d52:	468b      	mov	fp, r1
10003d54:	a80e      	add	r0, sp, #56	; 0x38
10003d56:	4684      	mov	ip, r0
10003d58:	211f      	movs	r1, #31
10003d5a:	4461      	add	r1, ip
10003d5c:	9509      	str	r5, [sp, #36]	; 0x24
10003d5e:	2200      	movs	r2, #0
10003d60:	270f      	movs	r7, #15
10003d62:	46a4      	mov	ip, r4
10003d64:	000d      	movs	r5, r1
10003d66:	e002      	b.n	10003d6e <_vsnprintf+0x43a>
10003d68:	2a20      	cmp	r2, #32
10003d6a:	d00c      	beq.n	10003d86 <_vsnprintf+0x452>
10003d6c:	000b      	movs	r3, r1
10003d6e:	003c      	movs	r4, r7
10003d70:	401c      	ands	r4, r3
10003d72:	0020      	movs	r0, r4
10003d74:	3037      	adds	r0, #55	; 0x37
10003d76:	2c09      	cmp	r4, #9
10003d78:	d800      	bhi.n	10003d7c <_vsnprintf+0x448>
10003d7a:	3807      	subs	r0, #7
10003d7c:	3201      	adds	r2, #1
10003d7e:	54a8      	strb	r0, [r5, r2]
10003d80:	0919      	lsrs	r1, r3, #4
10003d82:	2b0f      	cmp	r3, #15
10003d84:	d8f0      	bhi.n	10003d68 <_vsnprintf+0x434>
10003d86:	4664      	mov	r4, ip
10003d88:	9d09      	ldr	r5, [sp, #36]	; 0x24
10003d8a:	e032      	b.n	10003df2 <_vsnprintf+0x4be>
10003d8c:	4bdc      	ldr	r3, [pc, #880]	; (10004100 <_vsnprintf+0x7cc>)
10003d8e:	7820      	ldrb	r0, [r4, #0]
10003d90:	9308      	str	r3, [sp, #32]
10003d92:	2300      	movs	r3, #0
10003d94:	469a      	mov	sl, r3
10003d96:	2800      	cmp	r0, #0
10003d98:	d000      	beq.n	10003d9c <_vsnprintf+0x468>
10003d9a:	e5e4      	b.n	10003966 <_vsnprintf+0x32>
10003d9c:	2400      	movs	r4, #0
10003d9e:	e665      	b.n	10003a6c <_vsnprintf+0x138>
10003da0:	4643      	mov	r3, r8
10003da2:	0006      	movs	r6, r0
10003da4:	9f0a      	ldr	r7, [sp, #40]	; 0x28
10003da6:	0098      	lsls	r0, r3, #2
10003da8:	18c0      	adds	r0, r0, r3
10003daa:	3201      	adds	r2, #1
10003dac:	0040      	lsls	r0, r0, #1
10003dae:	1980      	adds	r0, r0, r6
10003db0:	7816      	ldrb	r6, [r2, #0]
10003db2:	0003      	movs	r3, r0
10003db4:	0030      	movs	r0, r6
10003db6:	3830      	subs	r0, #48	; 0x30
10003db8:	3b30      	subs	r3, #48	; 0x30
10003dba:	2809      	cmp	r0, #9
10003dbc:	d9f3      	bls.n	10003da6 <_vsnprintf+0x472>
10003dbe:	0030      	movs	r0, r6
10003dc0:	4698      	mov	r8, r3
10003dc2:	0016      	movs	r6, r2
10003dc4:	970a      	str	r7, [sp, #40]	; 0x28
10003dc6:	e600      	b.n	100039ca <_vsnprintf+0x96>
10003dc8:	9b09      	ldr	r3, [sp, #36]	; 0x24
10003dca:	3602      	adds	r6, #2
10003dcc:	cb04      	ldmia	r3!, {r2}
10003dce:	4690      	mov	r8, r2
10003dd0:	43d2      	mvns	r2, r2
10003dd2:	4640      	mov	r0, r8
10003dd4:	17d2      	asrs	r2, r2, #31
10003dd6:	4010      	ands	r0, r2
10003dd8:	4680      	mov	r8, r0
10003dda:	9309      	str	r3, [sp, #36]	; 0x24
10003ddc:	7830      	ldrb	r0, [r6, #0]
10003dde:	e5f4      	b.n	100039ca <_vsnprintf+0x96>
10003de0:	2210      	movs	r2, #16
10003de2:	0008      	movs	r0, r1
10003de4:	4390      	bics	r0, r2
10003de6:	3211      	adds	r2, #17
10003de8:	4310      	orrs	r0, r2
10003dea:	4683      	mov	fp, r0
10003dec:	2200      	movs	r2, #0
10003dee:	0549      	lsls	r1, r1, #21
10003df0:	d5b0      	bpl.n	10003d54 <_vsnprintf+0x420>
10003df2:	465b      	mov	r3, fp
10003df4:	9306      	str	r3, [sp, #24]
10003df6:	2308      	movs	r3, #8
10003df8:	9305      	str	r3, [sp, #20]
10003dfa:	4643      	mov	r3, r8
10003dfc:	9304      	str	r3, [sp, #16]
10003dfe:	2310      	movs	r3, #16
10003e00:	9303      	str	r3, [sp, #12]
10003e02:	2300      	movs	r3, #0
10003e04:	9302      	str	r3, [sp, #8]
10003e06:	ab16      	add	r3, sp, #88	; 0x58
10003e08:	9201      	str	r2, [sp, #4]
10003e0a:	9300      	str	r3, [sp, #0]
10003e0c:	002a      	movs	r2, r5
10003e0e:	464b      	mov	r3, r9
10003e10:	0021      	movs	r1, r4
10003e12:	9808      	ldr	r0, [sp, #32]
10003e14:	f7ff f8a6 	bl	10002f64 <_ntoa_format>
10003e18:	4653      	mov	r3, sl
10003e1a:	0005      	movs	r5, r0
10003e1c:	3601      	adds	r6, #1
10003e1e:	9309      	str	r3, [sp, #36]	; 0x24
10003e20:	e5ad      	b.n	1000397e <_vsnprintf+0x4a>
10003e22:	7813      	ldrb	r3, [r2, #0]
10003e24:	469c      	mov	ip, r3
10003e26:	2b00      	cmp	r3, #0
10003e28:	d100      	bne.n	10003e2c <_vsnprintf+0x4f8>
10003e2a:	e2f7      	b.n	1000441c <_vsnprintf+0xae8>
10003e2c:	2302      	movs	r3, #2
10003e2e:	425b      	negs	r3, r3
10003e30:	e737      	b.n	10003ca2 <_vsnprintf+0x36e>
10003e32:	2320      	movs	r3, #32
10003e34:	0002      	movs	r2, r0
10003e36:	439a      	bics	r2, r3
10003e38:	2a47      	cmp	r2, #71	; 0x47
10003e3a:	d104      	bne.n	10003e46 <_vsnprintf+0x512>
10003e3c:	2380      	movs	r3, #128	; 0x80
10003e3e:	011b      	lsls	r3, r3, #4
10003e40:	4319      	orrs	r1, r3
10003e42:	2302      	movs	r3, #2
10003e44:	4398      	bics	r0, r3
10003e46:	2845      	cmp	r0, #69	; 0x45
10003e48:	d101      	bne.n	10003e4e <_vsnprintf+0x51a>
10003e4a:	2320      	movs	r3, #32
10003e4c:	4319      	orrs	r1, r3
10003e4e:	2207      	movs	r2, #7
10003e50:	9b09      	ldr	r3, [sp, #36]	; 0x24
10003e52:	9104      	str	r1, [sp, #16]
10003e54:	3307      	adds	r3, #7
10003e56:	4393      	bics	r3, r2
10003e58:	9a0a      	ldr	r2, [sp, #40]	; 0x28
10003e5a:	0019      	movs	r1, r3
10003e5c:	9203      	str	r2, [sp, #12]
10003e5e:	4642      	mov	r2, r8
10003e60:	9202      	str	r2, [sp, #8]
10003e62:	c90c      	ldmia	r1!, {r2, r3}
10003e64:	9808      	ldr	r0, [sp, #32]
10003e66:	9200      	str	r2, [sp, #0]
10003e68:	9301      	str	r3, [sp, #4]
10003e6a:	9109      	str	r1, [sp, #36]	; 0x24
10003e6c:	002a      	movs	r2, r5
10003e6e:	464b      	mov	r3, r9
10003e70:	0021      	movs	r1, r4
10003e72:	f7ff f96d 	bl	10003150 <_etoa>
10003e76:	3601      	adds	r6, #1
10003e78:	0005      	movs	r5, r0
10003e7a:	e580      	b.n	1000397e <_vsnprintf+0x4a>
10003e7c:	2310      	movs	r3, #16
10003e7e:	930c      	str	r3, [sp, #48]	; 0x30
10003e80:	230c      	movs	r3, #12
10003e82:	000a      	movs	r2, r1
10003e84:	439a      	bics	r2, r3
10003e86:	920b      	str	r2, [sp, #44]	; 0x2c
10003e88:	054b      	lsls	r3, r1, #21
10003e8a:	d503      	bpl.n	10003e94 <_vsnprintf+0x560>
10003e8c:	2301      	movs	r3, #1
10003e8e:	9a0b      	ldr	r2, [sp, #44]	; 0x2c
10003e90:	439a      	bics	r2, r3
10003e92:	920b      	str	r2, [sp, #44]	; 0x2c
10003e94:	2869      	cmp	r0, #105	; 0x69
10003e96:	d100      	bne.n	10003e9a <_vsnprintf+0x566>
10003e98:	e627      	b.n	10003aea <_vsnprintf+0x1b6>
10003e9a:	2864      	cmp	r0, #100	; 0x64
10003e9c:	d100      	bne.n	10003ea0 <_vsnprintf+0x56c>
10003e9e:	e624      	b.n	10003aea <_vsnprintf+0x1b6>
10003ea0:	9a0b      	ldr	r2, [sp, #44]	; 0x2c
10003ea2:	2380      	movs	r3, #128	; 0x80
10003ea4:	0011      	movs	r1, r2
10003ea6:	009b      	lsls	r3, r3, #2
10003ea8:	4019      	ands	r1, r3
10003eaa:	468b      	mov	fp, r1
10003eac:	421a      	tst	r2, r3
10003eae:	d000      	beq.n	10003eb2 <_vsnprintf+0x57e>
10003eb0:	e166      	b.n	10004180 <_vsnprintf+0x84c>
10003eb2:	2380      	movs	r3, #128	; 0x80
10003eb4:	0011      	movs	r1, r2
10003eb6:	005b      	lsls	r3, r3, #1
10003eb8:	4019      	ands	r1, r3
10003eba:	468a      	mov	sl, r1
10003ebc:	421a      	tst	r2, r3
10003ebe:	d000      	beq.n	10003ec2 <_vsnprintf+0x58e>
10003ec0:	e239      	b.n	10004336 <_vsnprintf+0xa02>
10003ec2:	0013      	movs	r3, r2
10003ec4:	065b      	lsls	r3, r3, #25
10003ec6:	d500      	bpl.n	10003eca <_vsnprintf+0x596>
10003ec8:	e13c      	b.n	10004144 <_vsnprintf+0x810>
10003eca:	0013      	movs	r3, r2
10003ecc:	061b      	lsls	r3, r3, #24
10003ece:	d400      	bmi.n	10003ed2 <_vsnprintf+0x59e>
10003ed0:	e2a6      	b.n	10004420 <_vsnprintf+0xaec>
10003ed2:	9b09      	ldr	r3, [sp, #36]	; 0x24
10003ed4:	cb04      	ldmia	r3!, {r2}
10003ed6:	0412      	lsls	r2, r2, #16
10003ed8:	0c12      	lsrs	r2, r2, #16
10003eda:	4693      	mov	fp, r2
10003edc:	9309      	str	r3, [sp, #36]	; 0x24
10003ede:	465b      	mov	r3, fp
10003ee0:	2b00      	cmp	r3, #0
10003ee2:	d000      	beq.n	10003ee6 <_vsnprintf+0x5b2>
10003ee4:	e19a      	b.n	1000421c <_vsnprintf+0x8e8>
10003ee6:	9a0b      	ldr	r2, [sp, #44]	; 0x2c
10003ee8:	3310      	adds	r3, #16
10003eea:	0011      	movs	r1, r2
10003eec:	4399      	bics	r1, r3
10003eee:	910b      	str	r1, [sp, #44]	; 0x2c
10003ef0:	0552      	lsls	r2, r2, #21
10003ef2:	d400      	bmi.n	10003ef6 <_vsnprintf+0x5c2>
10003ef4:	e192      	b.n	1000421c <_vsnprintf+0x8e8>
10003ef6:	2300      	movs	r3, #0
10003ef8:	469a      	mov	sl, r3
10003efa:	9b0b      	ldr	r3, [sp, #44]	; 0x2c
10003efc:	9306      	str	r3, [sp, #24]
10003efe:	9b0a      	ldr	r3, [sp, #40]	; 0x28
10003f00:	9305      	str	r3, [sp, #20]
10003f02:	4643      	mov	r3, r8
10003f04:	9304      	str	r3, [sp, #16]
10003f06:	9b0c      	ldr	r3, [sp, #48]	; 0x30
10003f08:	9303      	str	r3, [sp, #12]
10003f0a:	2300      	movs	r3, #0
10003f0c:	e10c      	b.n	10004128 <_vsnprintf+0x7f4>
10003f0e:	2320      	movs	r3, #32
10003f10:	4319      	orrs	r1, r3
10003f12:	e660      	b.n	10003bd6 <_vsnprintf+0x2a2>
10003f14:	9b09      	ldr	r3, [sp, #36]	; 0x24
10003f16:	9a0a      	ldr	r2, [sp, #40]	; 0x28
10003f18:	1b5b      	subs	r3, r3, r5
10003f1a:	4698      	mov	r8, r3
10003f1c:	464b      	mov	r3, r9
10003f1e:	4691      	mov	r9, r2
10003f20:	001f      	movs	r7, r3
10003f22:	46b2      	mov	sl, r6
10003f24:	0026      	movs	r6, r4
10003f26:	9c08      	ldr	r4, [sp, #32]
10003f28:	002a      	movs	r2, r5
10003f2a:	003b      	movs	r3, r7
10003f2c:	0031      	movs	r1, r6
10003f2e:	47a0      	blx	r4
10003f30:	4643      	mov	r3, r8
10003f32:	3501      	adds	r5, #1
10003f34:	5d58      	ldrb	r0, [r3, r5]
10003f36:	2800      	cmp	r0, #0
10003f38:	d1f6      	bne.n	10003f28 <_vsnprintf+0x5f4>
10003f3a:	464a      	mov	r2, r9
10003f3c:	0034      	movs	r4, r6
10003f3e:	46b9      	mov	r9, r7
10003f40:	4656      	mov	r6, sl
10003f42:	920a      	str	r2, [sp, #40]	; 0x28
10003f44:	e6f5      	b.n	10003d32 <_vsnprintf+0x3fe>
10003f46:	23c0      	movs	r3, #192	; 0xc0
10003f48:	009b      	lsls	r3, r3, #2
10003f4a:	78b0      	ldrb	r0, [r6, #2]
10003f4c:	4319      	orrs	r1, r3
10003f4e:	3602      	adds	r6, #2
10003f50:	e55d      	b.n	10003a0e <_vsnprintf+0xda>
10003f52:	23c0      	movs	r3, #192	; 0xc0
10003f54:	78b0      	ldrb	r0, [r6, #2]
10003f56:	4319      	orrs	r1, r3
10003f58:	3602      	adds	r6, #2
10003f5a:	e558      	b.n	10003a0e <_vsnprintf+0xda>
10003f5c:	230c      	movs	r3, #12
10003f5e:	000a      	movs	r2, r1
10003f60:	439a      	bics	r2, r3
10003f62:	3314      	adds	r3, #20
10003f64:	431a      	orrs	r2, r3
10003f66:	3b10      	subs	r3, #16
10003f68:	920b      	str	r2, [sp, #44]	; 0x2c
10003f6a:	930c      	str	r3, [sp, #48]	; 0x30
10003f6c:	054b      	lsls	r3, r1, #21
10003f6e:	d48d      	bmi.n	10003e8c <_vsnprintf+0x558>
10003f70:	e796      	b.n	10003ea0 <_vsnprintf+0x56c>
10003f72:	46a1      	mov	r9, r4
10003f74:	0034      	movs	r4, r6
10003f76:	4656      	mov	r6, sl
10003f78:	e6db      	b.n	10003d32 <_vsnprintf+0x3fe>
10003f7a:	9a0a      	ldr	r2, [sp, #40]	; 0x28
10003f7c:	2a01      	cmp	r2, #1
10003f7e:	d800      	bhi.n	10003f82 <_vsnprintf+0x64e>
10003f80:	e253      	b.n	1000442a <_vsnprintf+0xaf6>
10003f82:	1e6b      	subs	r3, r5, #1
10003f84:	189f      	adds	r7, r3, r2
10003f86:	9b08      	ldr	r3, [sp, #32]
10003f88:	46b0      	mov	r8, r6
10003f8a:	0026      	movs	r6, r4
10003f8c:	464c      	mov	r4, r9
10003f8e:	4699      	mov	r9, r3
10003f90:	002a      	movs	r2, r5
10003f92:	0023      	movs	r3, r4
10003f94:	3501      	adds	r5, #1
10003f96:	0031      	movs	r1, r6
10003f98:	2020      	movs	r0, #32
10003f9a:	47c8      	blx	r9
10003f9c:	42bd      	cmp	r5, r7
10003f9e:	d1f7      	bne.n	10003f90 <_vsnprintf+0x65c>
10003fa0:	46a1      	mov	r9, r4
10003fa2:	0034      	movs	r4, r6
10003fa4:	4646      	mov	r6, r8
10003fa6:	9b09      	ldr	r3, [sp, #36]	; 0x24
10003fa8:	003a      	movs	r2, r7
10003faa:	cb01      	ldmia	r3!, {r0}
10003fac:	0021      	movs	r1, r4
10003fae:	4698      	mov	r8, r3
10003fb0:	1c7d      	adds	r5, r7, #1
10003fb2:	464b      	mov	r3, r9
10003fb4:	9f08      	ldr	r7, [sp, #32]
10003fb6:	b2c0      	uxtb	r0, r0
10003fb8:	47b8      	blx	r7
10003fba:	4643      	mov	r3, r8
10003fbc:	3601      	adds	r6, #1
10003fbe:	9309      	str	r3, [sp, #36]	; 0x24
10003fc0:	e4dd      	b.n	1000397e <_vsnprintf+0x4a>
10003fc2:	9b0b      	ldr	r3, [sp, #44]	; 0x2c
10003fc4:	9a0a      	ldr	r2, [sp, #40]	; 0x28
10003fc6:	46a8      	mov	r8, r5
10003fc8:	429a      	cmp	r2, r3
10003fca:	d800      	bhi.n	10003fce <_vsnprintf+0x69a>
10003fcc:	e6b5      	b.n	10003d3a <_vsnprintf+0x406>
10003fce:	4694      	mov	ip, r2
10003fd0:	4465      	add	r5, ip
10003fd2:	1aed      	subs	r5, r5, r3
10003fd4:	9b08      	ldr	r3, [sp, #32]
10003fd6:	4647      	mov	r7, r8
10003fd8:	46b0      	mov	r8, r6
10003fda:	0026      	movs	r6, r4
10003fdc:	464c      	mov	r4, r9
10003fde:	4699      	mov	r9, r3
10003fe0:	003a      	movs	r2, r7
10003fe2:	0023      	movs	r3, r4
10003fe4:	3701      	adds	r7, #1
10003fe6:	0031      	movs	r1, r6
10003fe8:	2020      	movs	r0, #32
10003fea:	47c8      	blx	r9
10003fec:	42af      	cmp	r7, r5
10003fee:	d1f7      	bne.n	10003fe0 <_vsnprintf+0x6ac>
10003ff0:	46a1      	mov	r9, r4
10003ff2:	0034      	movs	r4, r6
10003ff4:	4646      	mov	r6, r8
10003ff6:	e6a0      	b.n	10003d3a <_vsnprintf+0x406>
10003ff8:	9a0b      	ldr	r2, [sp, #44]	; 0x2c
10003ffa:	990a      	ldr	r1, [sp, #40]	; 0x28
10003ffc:	1c53      	adds	r3, r2, #1
10003ffe:	4291      	cmp	r1, r2
10004000:	d800      	bhi.n	10004004 <_vsnprintf+0x6d0>
10004002:	e214      	b.n	1000442e <_vsnprintf+0xafa>
10004004:	194b      	adds	r3, r1, r5
10004006:	1a9b      	subs	r3, r3, r2
10004008:	001f      	movs	r7, r3
1000400a:	9b08      	ldr	r3, [sp, #32]
1000400c:	46b2      	mov	sl, r6
1000400e:	0026      	movs	r6, r4
10004010:	464c      	mov	r4, r9
10004012:	4699      	mov	r9, r3
10004014:	002a      	movs	r2, r5
10004016:	0023      	movs	r3, r4
10004018:	3501      	adds	r5, #1
1000401a:	0031      	movs	r1, r6
1000401c:	2020      	movs	r0, #32
1000401e:	47c8      	blx	r9
10004020:	42bd      	cmp	r5, r7
10004022:	d1f7      	bne.n	10004014 <_vsnprintf+0x6e0>
10004024:	9b0a      	ldr	r3, [sp, #40]	; 0x28
10004026:	46a1      	mov	r9, r4
10004028:	3301      	adds	r3, #1
1000402a:	930b      	str	r3, [sp, #44]	; 0x2c
1000402c:	9b09      	ldr	r3, [sp, #36]	; 0x24
1000402e:	0034      	movs	r4, r6
10004030:	781b      	ldrb	r3, [r3, #0]
10004032:	4656      	mov	r6, sl
10004034:	469c      	mov	ip, r3
10004036:	4660      	mov	r0, ip
10004038:	2800      	cmp	r0, #0
1000403a:	d000      	beq.n	1000403e <_vsnprintf+0x70a>
1000403c:	e658      	b.n	10003cf0 <_vsnprintf+0x3bc>
1000403e:	e67c      	b.n	10003d3a <_vsnprintf+0x406>
10004040:	2207      	movs	r2, #7
10004042:	9b09      	ldr	r3, [sp, #36]	; 0x24
10004044:	3307      	adds	r3, #7
10004046:	4393      	bics	r3, r2
10004048:	3201      	adds	r2, #1
1000404a:	4694      	mov	ip, r2
1000404c:	449c      	add	ip, r3
1000404e:	4662      	mov	r2, ip
10004050:	685f      	ldr	r7, [r3, #4]
10004052:	9209      	str	r2, [sp, #36]	; 0x24
10004054:	681a      	ldr	r2, [r3, #0]
10004056:	17fb      	asrs	r3, r7, #31
10004058:	9310      	str	r3, [sp, #64]	; 0x40
1000405a:	9311      	str	r3, [sp, #68]	; 0x44
1000405c:	9810      	ldr	r0, [sp, #64]	; 0x40
1000405e:	9911      	ldr	r1, [sp, #68]	; 0x44
10004060:	0003      	movs	r3, r0
10004062:	4053      	eors	r3, r2
10004064:	930e      	str	r3, [sp, #56]	; 0x38
10004066:	000b      	movs	r3, r1
10004068:	407b      	eors	r3, r7
1000406a:	930f      	str	r3, [sp, #60]	; 0x3c
1000406c:	4694      	mov	ip, r2
1000406e:	9a0e      	ldr	r2, [sp, #56]	; 0x38
10004070:	9b0f      	ldr	r3, [sp, #60]	; 0x3c
10004072:	1a12      	subs	r2, r2, r0
10004074:	418b      	sbcs	r3, r1
10004076:	920e      	str	r2, [sp, #56]	; 0x38
10004078:	930f      	str	r3, [sp, #60]	; 0x3c
1000407a:	0ffb      	lsrs	r3, r7, #31
1000407c:	4662      	mov	r2, ip
1000407e:	9312      	str	r3, [sp, #72]	; 0x48
10004080:	2300      	movs	r3, #0
10004082:	433a      	orrs	r2, r7
10004084:	469b      	mov	fp, r3
10004086:	d03d      	beq.n	10004104 <_vsnprintf+0x7d0>
10004088:	9a0b      	ldr	r2, [sp, #44]	; 0x2c
1000408a:	2361      	movs	r3, #97	; 0x61
1000408c:	0692      	lsls	r2, r2, #26
1000408e:	d500      	bpl.n	10004092 <_vsnprintf+0x75e>
10004090:	2341      	movs	r3, #65	; 0x41
10004092:	2200      	movs	r2, #0
10004094:	b2db      	uxtb	r3, r3
10004096:	a90e      	add	r1, sp, #56	; 0x38
10004098:	3b0a      	subs	r3, #10
1000409a:	468c      	mov	ip, r1
1000409c:	4692      	mov	sl, r2
1000409e:	930d      	str	r3, [sp, #52]	; 0x34
100040a0:	4643      	mov	r3, r8
100040a2:	321f      	adds	r2, #31
100040a4:	4462      	add	r2, ip
100040a6:	9513      	str	r5, [sp, #76]	; 0x4c
100040a8:	9615      	str	r6, [sp, #84]	; 0x54
100040aa:	4655      	mov	r5, sl
100040ac:	9e0e      	ldr	r6, [sp, #56]	; 0x38
100040ae:	9f0f      	ldr	r7, [sp, #60]	; 0x3c
100040b0:	46a2      	mov	sl, r4
100040b2:	4690      	mov	r8, r2
100040b4:	9c0c      	ldr	r4, [sp, #48]	; 0x30
100040b6:	9314      	str	r3, [sp, #80]	; 0x50
100040b8:	e00c      	b.n	100040d4 <_vsnprintf+0x7a0>
100040ba:	3230      	adds	r2, #48	; 0x30
100040bc:	b2d2      	uxtb	r2, r2
100040be:	4643      	mov	r3, r8
100040c0:	3501      	adds	r5, #1
100040c2:	555a      	strb	r2, [r3, r5]
100040c4:	45bb      	cmp	fp, r7
100040c6:	d100      	bne.n	100040ca <_vsnprintf+0x796>
100040c8:	e18a      	b.n	100043e0 <_vsnprintf+0xaac>
100040ca:	2d20      	cmp	r5, #32
100040cc:	d100      	bne.n	100040d0 <_vsnprintf+0x79c>
100040ce:	e18a      	b.n	100043e6 <_vsnprintf+0xab2>
100040d0:	0006      	movs	r6, r0
100040d2:	000f      	movs	r7, r1
100040d4:	0022      	movs	r2, r4
100040d6:	2300      	movs	r3, #0
100040d8:	0030      	movs	r0, r6
100040da:	0039      	movs	r1, r7
100040dc:	f7fe f898 	bl	10002210 <__wrap___aeabi_uldivmod>
100040e0:	b2d2      	uxtb	r2, r2
100040e2:	2a09      	cmp	r2, #9
100040e4:	d9e9      	bls.n	100040ba <_vsnprintf+0x786>
100040e6:	9b0d      	ldr	r3, [sp, #52]	; 0x34
100040e8:	469c      	mov	ip, r3
100040ea:	4462      	add	r2, ip
100040ec:	b2d2      	uxtb	r2, r2
100040ee:	e7e6      	b.n	100040be <_vsnprintf+0x78a>
100040f0:	23ff      	movs	r3, #255	; 0xff
100040f2:	9909      	ldr	r1, [sp, #36]	; 0x24
100040f4:	c904      	ldmia	r1!, {r2}
100040f6:	4013      	ands	r3, r2
100040f8:	001a      	movs	r2, r3
100040fa:	9109      	str	r1, [sp, #36]	; 0x24
100040fc:	e517      	b.n	10003b2e <_vsnprintf+0x1fa>
100040fe:	46c0      	nop			; (mov r8, r8)
10004100:	10002ec5 	.word	0x10002ec5
10004104:	9a0b      	ldr	r2, [sp, #44]	; 0x2c
10004106:	3310      	adds	r3, #16
10004108:	0011      	movs	r1, r2
1000410a:	4399      	bics	r1, r3
1000410c:	910b      	str	r1, [sp, #44]	; 0x2c
1000410e:	0552      	lsls	r2, r2, #21
10004110:	d5ba      	bpl.n	10004088 <_vsnprintf+0x754>
10004112:	2300      	movs	r3, #0
10004114:	469a      	mov	sl, r3
10004116:	9b0b      	ldr	r3, [sp, #44]	; 0x2c
10004118:	9306      	str	r3, [sp, #24]
1000411a:	9b0a      	ldr	r3, [sp, #40]	; 0x28
1000411c:	9305      	str	r3, [sp, #20]
1000411e:	4643      	mov	r3, r8
10004120:	9304      	str	r3, [sp, #16]
10004122:	9b0c      	ldr	r3, [sp, #48]	; 0x30
10004124:	9303      	str	r3, [sp, #12]
10004126:	9b12      	ldr	r3, [sp, #72]	; 0x48
10004128:	9302      	str	r3, [sp, #8]
1000412a:	4653      	mov	r3, sl
1000412c:	9301      	str	r3, [sp, #4]
1000412e:	ab16      	add	r3, sp, #88	; 0x58
10004130:	002a      	movs	r2, r5
10004132:	9300      	str	r3, [sp, #0]
10004134:	0021      	movs	r1, r4
10004136:	464b      	mov	r3, r9
10004138:	9808      	ldr	r0, [sp, #32]
1000413a:	f7fe ff13 	bl	10002f64 <_ntoa_format>
1000413e:	3601      	adds	r6, #1
10004140:	0005      	movs	r5, r0
10004142:	e41c      	b.n	1000397e <_vsnprintf+0x4a>
10004144:	22ff      	movs	r2, #255	; 0xff
10004146:	9b09      	ldr	r3, [sp, #36]	; 0x24
10004148:	cb02      	ldmia	r3!, {r1}
1000414a:	4011      	ands	r1, r2
1000414c:	468b      	mov	fp, r1
1000414e:	9309      	str	r3, [sp, #36]	; 0x24
10004150:	e6c5      	b.n	10003ede <_vsnprintf+0x5aa>
10004152:	4653      	mov	r3, sl
10004154:	4645      	mov	r5, r8
10004156:	9309      	str	r3, [sp, #36]	; 0x24
10004158:	3601      	adds	r6, #1
1000415a:	f7ff fc10 	bl	1000397e <_vsnprintf+0x4a>
1000415e:	4656      	mov	r6, sl
10004160:	465c      	mov	r4, fp
10004162:	46aa      	mov	sl, r5
10004164:	9d13      	ldr	r5, [sp, #76]	; 0x4c
10004166:	e7d6      	b.n	10004116 <_vsnprintf+0x7e2>
10004168:	2308      	movs	r3, #8
1000416a:	930c      	str	r3, [sp, #48]	; 0x30
1000416c:	910b      	str	r1, [sp, #44]	; 0x2c
1000416e:	990b      	ldr	r1, [sp, #44]	; 0x2c
10004170:	2864      	cmp	r0, #100	; 0x64
10004172:	d000      	beq.n	10004176 <_vsnprintf+0x842>
10004174:	e684      	b.n	10003e80 <_vsnprintf+0x54c>
10004176:	9b0b      	ldr	r3, [sp, #44]	; 0x2c
10004178:	055b      	lsls	r3, r3, #21
1000417a:	d500      	bpl.n	1000417e <_vsnprintf+0x84a>
1000417c:	e686      	b.n	10003e8c <_vsnprintf+0x558>
1000417e:	e4b4      	b.n	10003aea <_vsnprintf+0x1b6>
10004180:	2207      	movs	r2, #7
10004182:	9b09      	ldr	r3, [sp, #36]	; 0x24
10004184:	3307      	adds	r3, #7
10004186:	4393      	bics	r3, r2
10004188:	3201      	adds	r2, #1
1000418a:	4694      	mov	ip, r2
1000418c:	449c      	add	ip, r3
1000418e:	4662      	mov	r2, ip
10004190:	9209      	str	r2, [sp, #36]	; 0x24
10004192:	681a      	ldr	r2, [r3, #0]
10004194:	685b      	ldr	r3, [r3, #4]
10004196:	0010      	movs	r0, r2
10004198:	469b      	mov	fp, r3
1000419a:	0013      	movs	r3, r2
1000419c:	465a      	mov	r2, fp
1000419e:	4313      	orrs	r3, r2
100041a0:	d107      	bne.n	100041b2 <_vsnprintf+0x87e>
100041a2:	9a0b      	ldr	r2, [sp, #44]	; 0x2c
100041a4:	3310      	adds	r3, #16
100041a6:	0011      	movs	r1, r2
100041a8:	4399      	bics	r1, r3
100041aa:	910b      	str	r1, [sp, #44]	; 0x2c
100041ac:	0552      	lsls	r2, r2, #21
100041ae:	d500      	bpl.n	100041b2 <_vsnprintf+0x87e>
100041b0:	e6a1      	b.n	10003ef6 <_vsnprintf+0x5c2>
100041b2:	9a0b      	ldr	r2, [sp, #44]	; 0x2c
100041b4:	2361      	movs	r3, #97	; 0x61
100041b6:	0692      	lsls	r2, r2, #26
100041b8:	d500      	bpl.n	100041bc <_vsnprintf+0x888>
100041ba:	2341      	movs	r3, #65	; 0x41
100041bc:	2200      	movs	r2, #0
100041be:	b2db      	uxtb	r3, r3
100041c0:	a90e      	add	r1, sp, #56	; 0x38
100041c2:	3b0a      	subs	r3, #10
100041c4:	468c      	mov	ip, r1
100041c6:	4692      	mov	sl, r2
100041c8:	930d      	str	r3, [sp, #52]	; 0x34
100041ca:	4643      	mov	r3, r8
100041cc:	321f      	adds	r2, #31
100041ce:	4462      	add	r2, ip
100041d0:	465f      	mov	r7, fp
100041d2:	9512      	str	r5, [sp, #72]	; 0x48
100041d4:	46a3      	mov	fp, r4
100041d6:	4655      	mov	r5, sl
100041d8:	0004      	movs	r4, r0
100041da:	46b2      	mov	sl, r6
100041dc:	4690      	mov	r8, r2
100041de:	9e0c      	ldr	r6, [sp, #48]	; 0x30
100041e0:	9313      	str	r3, [sp, #76]	; 0x4c
100041e2:	e00d      	b.n	10004200 <_vsnprintf+0x8cc>
100041e4:	3230      	adds	r2, #48	; 0x30
100041e6:	b2d2      	uxtb	r2, r2
100041e8:	4643      	mov	r3, r8
100041ea:	3501      	adds	r5, #1
100041ec:	555a      	strb	r2, [r3, r5]
100041ee:	2300      	movs	r3, #0
100041f0:	42bb      	cmp	r3, r7
100041f2:	d100      	bne.n	100041f6 <_vsnprintf+0x8c2>
100041f4:	e100      	b.n	100043f8 <_vsnprintf+0xac4>
100041f6:	2d20      	cmp	r5, #32
100041f8:	d100      	bne.n	100041fc <_vsnprintf+0x8c8>
100041fa:	e100      	b.n	100043fe <_vsnprintf+0xaca>
100041fc:	0004      	movs	r4, r0
100041fe:	000f      	movs	r7, r1
10004200:	0032      	movs	r2, r6
10004202:	2300      	movs	r3, #0
10004204:	0020      	movs	r0, r4
10004206:	0039      	movs	r1, r7
10004208:	f7fe f802 	bl	10002210 <__wrap___aeabi_uldivmod>
1000420c:	b2d2      	uxtb	r2, r2
1000420e:	2a09      	cmp	r2, #9
10004210:	d9e8      	bls.n	100041e4 <_vsnprintf+0x8b0>
10004212:	9b0d      	ldr	r3, [sp, #52]	; 0x34
10004214:	469c      	mov	ip, r3
10004216:	4462      	add	r2, ip
10004218:	b2d2      	uxtb	r2, r2
1000421a:	e7e5      	b.n	100041e8 <_vsnprintf+0x8b4>
1000421c:	9a0b      	ldr	r2, [sp, #44]	; 0x2c
1000421e:	2361      	movs	r3, #97	; 0x61
10004220:	0692      	lsls	r2, r2, #26
10004222:	d500      	bpl.n	10004226 <_vsnprintf+0x8f2>
10004224:	2341      	movs	r3, #65	; 0x41
10004226:	b2db      	uxtb	r3, r3
10004228:	a90e      	add	r1, sp, #56	; 0x38
1000422a:	3b0a      	subs	r3, #10
1000422c:	221f      	movs	r2, #31
1000422e:	468c      	mov	ip, r1
10004230:	930d      	str	r3, [sp, #52]	; 0x34
10004232:	0023      	movs	r3, r4
10004234:	4462      	add	r2, ip
10004236:	465c      	mov	r4, fp
10004238:	9512      	str	r5, [sp, #72]	; 0x48
1000423a:	0017      	movs	r7, r2
1000423c:	4655      	mov	r5, sl
1000423e:	469b      	mov	fp, r3
10004240:	46b2      	mov	sl, r6
10004242:	9e0c      	ldr	r6, [sp, #48]	; 0x30
10004244:	e008      	b.n	10004258 <_vsnprintf+0x924>
10004246:	3330      	adds	r3, #48	; 0x30
10004248:	b2db      	uxtb	r3, r3
1000424a:	3501      	adds	r5, #1
1000424c:	557b      	strb	r3, [r7, r5]
1000424e:	42b4      	cmp	r4, r6
10004250:	d30e      	bcc.n	10004270 <_vsnprintf+0x93c>
10004252:	2d20      	cmp	r5, #32
10004254:	d00c      	beq.n	10004270 <_vsnprintf+0x93c>
10004256:	0004      	movs	r4, r0
10004258:	0031      	movs	r1, r6
1000425a:	0020      	movs	r0, r4
1000425c:	f7fd ff9a 	bl	10002194 <__wrap___aeabi_uidiv>
10004260:	b2cb      	uxtb	r3, r1
10004262:	2909      	cmp	r1, #9
10004264:	d9ef      	bls.n	10004246 <_vsnprintf+0x912>
10004266:	9a0d      	ldr	r2, [sp, #52]	; 0x34
10004268:	4694      	mov	ip, r2
1000426a:	4463      	add	r3, ip
1000426c:	b2db      	uxtb	r3, r3
1000426e:	e7ec      	b.n	1000424a <_vsnprintf+0x916>
10004270:	4656      	mov	r6, sl
10004272:	465c      	mov	r4, fp
10004274:	46aa      	mov	sl, r5
10004276:	9d12      	ldr	r5, [sp, #72]	; 0x48
10004278:	e63f      	b.n	10003efa <_vsnprintf+0x5c6>
1000427a:	9b09      	ldr	r3, [sp, #36]	; 0x24
1000427c:	001a      	movs	r2, r3
1000427e:	ca08      	ldmia	r2!, {r3}
10004280:	17d9      	asrs	r1, r3, #31
10004282:	9213      	str	r2, [sp, #76]	; 0x4c
10004284:	185a      	adds	r2, r3, r1
10004286:	404a      	eors	r2, r1
10004288:	4692      	mov	sl, r2
1000428a:	0fda      	lsrs	r2, r3, #31
1000428c:	9212      	str	r2, [sp, #72]	; 0x48
1000428e:	2b00      	cmp	r3, #0
10004290:	d108      	bne.n	100042a4 <_vsnprintf+0x970>
10004292:	2380      	movs	r3, #128	; 0x80
10004294:	2210      	movs	r2, #16
10004296:	990b      	ldr	r1, [sp, #44]	; 0x2c
10004298:	00db      	lsls	r3, r3, #3
1000429a:	400b      	ands	r3, r1
1000429c:	4391      	bics	r1, r2
1000429e:	910b      	str	r1, [sp, #44]	; 0x2c
100042a0:	2b00      	cmp	r3, #0
100042a2:	d12b      	bne.n	100042fc <_vsnprintf+0x9c8>
100042a4:	9a0b      	ldr	r2, [sp, #44]	; 0x2c
100042a6:	2361      	movs	r3, #97	; 0x61
100042a8:	0692      	lsls	r2, r2, #26
100042aa:	d500      	bpl.n	100042ae <_vsnprintf+0x97a>
100042ac:	2341      	movs	r3, #65	; 0x41
100042ae:	aa0e      	add	r2, sp, #56	; 0x38
100042b0:	271f      	movs	r7, #31
100042b2:	4694      	mov	ip, r2
100042b4:	b2db      	uxtb	r3, r3
100042b6:	3b0a      	subs	r3, #10
100042b8:	950d      	str	r5, [sp, #52]	; 0x34
100042ba:	4467      	add	r7, ip
100042bc:	465d      	mov	r5, fp
100042be:	9309      	str	r3, [sp, #36]	; 0x24
100042c0:	46a3      	mov	fp, r4
100042c2:	4654      	mov	r4, sl
100042c4:	46b2      	mov	sl, r6
100042c6:	9e0c      	ldr	r6, [sp, #48]	; 0x30
100042c8:	e008      	b.n	100042dc <_vsnprintf+0x9a8>
100042ca:	3330      	adds	r3, #48	; 0x30
100042cc:	b2db      	uxtb	r3, r3
100042ce:	3501      	adds	r5, #1
100042d0:	557b      	strb	r3, [r7, r5]
100042d2:	42b4      	cmp	r4, r6
100042d4:	d30e      	bcc.n	100042f4 <_vsnprintf+0x9c0>
100042d6:	2d20      	cmp	r5, #32
100042d8:	d00c      	beq.n	100042f4 <_vsnprintf+0x9c0>
100042da:	0004      	movs	r4, r0
100042dc:	0031      	movs	r1, r6
100042de:	0020      	movs	r0, r4
100042e0:	f7fd ff58 	bl	10002194 <__wrap___aeabi_uidiv>
100042e4:	b2cb      	uxtb	r3, r1
100042e6:	2909      	cmp	r1, #9
100042e8:	d9ef      	bls.n	100042ca <_vsnprintf+0x996>
100042ea:	9a09      	ldr	r2, [sp, #36]	; 0x24
100042ec:	4694      	mov	ip, r2
100042ee:	4463      	add	r3, ip
100042f0:	b2db      	uxtb	r3, r3
100042f2:	e7ec      	b.n	100042ce <_vsnprintf+0x99a>
100042f4:	4656      	mov	r6, sl
100042f6:	465c      	mov	r4, fp
100042f8:	46ab      	mov	fp, r5
100042fa:	9d0d      	ldr	r5, [sp, #52]	; 0x34
100042fc:	9b0b      	ldr	r3, [sp, #44]	; 0x2c
100042fe:	002a      	movs	r2, r5
10004300:	9306      	str	r3, [sp, #24]
10004302:	9b0a      	ldr	r3, [sp, #40]	; 0x28
10004304:	0021      	movs	r1, r4
10004306:	9305      	str	r3, [sp, #20]
10004308:	4643      	mov	r3, r8
1000430a:	9304      	str	r3, [sp, #16]
1000430c:	9b0c      	ldr	r3, [sp, #48]	; 0x30
1000430e:	9808      	ldr	r0, [sp, #32]
10004310:	9303      	str	r3, [sp, #12]
10004312:	9b12      	ldr	r3, [sp, #72]	; 0x48
10004314:	3601      	adds	r6, #1
10004316:	9302      	str	r3, [sp, #8]
10004318:	465b      	mov	r3, fp
1000431a:	9301      	str	r3, [sp, #4]
1000431c:	ab16      	add	r3, sp, #88	; 0x58
1000431e:	9300      	str	r3, [sp, #0]
10004320:	464b      	mov	r3, r9
10004322:	f7fe fe1f 	bl	10002f64 <_ntoa_format>
10004326:	9b13      	ldr	r3, [sp, #76]	; 0x4c
10004328:	0005      	movs	r5, r0
1000432a:	9309      	str	r3, [sp, #36]	; 0x24
1000432c:	f7ff fb27 	bl	1000397e <_vsnprintf+0x4a>
10004330:	2302      	movs	r3, #2
10004332:	930c      	str	r3, [sp, #48]	; 0x30
10004334:	e71a      	b.n	1000416c <_vsnprintf+0x838>
10004336:	9b09      	ldr	r3, [sp, #36]	; 0x24
10004338:	cb04      	ldmia	r3!, {r2}
1000433a:	4692      	mov	sl, r2
1000433c:	9312      	str	r3, [sp, #72]	; 0x48
1000433e:	2a00      	cmp	r2, #0
10004340:	d108      	bne.n	10004354 <_vsnprintf+0xa20>
10004342:	2380      	movs	r3, #128	; 0x80
10004344:	2210      	movs	r2, #16
10004346:	990b      	ldr	r1, [sp, #44]	; 0x2c
10004348:	00db      	lsls	r3, r3, #3
1000434a:	400b      	ands	r3, r1
1000434c:	4391      	bics	r1, r2
1000434e:	910b      	str	r1, [sp, #44]	; 0x2c
10004350:	2b00      	cmp	r3, #0
10004352:	d12b      	bne.n	100043ac <_vsnprintf+0xa78>
10004354:	9a0b      	ldr	r2, [sp, #44]	; 0x2c
10004356:	2361      	movs	r3, #97	; 0x61
10004358:	0692      	lsls	r2, r2, #26
1000435a:	d500      	bpl.n	1000435e <_vsnprintf+0xa2a>
1000435c:	2341      	movs	r3, #65	; 0x41
1000435e:	aa0e      	add	r2, sp, #56	; 0x38
10004360:	271f      	movs	r7, #31
10004362:	4694      	mov	ip, r2
10004364:	b2db      	uxtb	r3, r3
10004366:	3b0a      	subs	r3, #10
10004368:	950d      	str	r5, [sp, #52]	; 0x34
1000436a:	4467      	add	r7, ip
1000436c:	465d      	mov	r5, fp
1000436e:	9309      	str	r3, [sp, #36]	; 0x24
10004370:	46a3      	mov	fp, r4
10004372:	4654      	mov	r4, sl
10004374:	46b2      	mov	sl, r6
10004376:	9e0c      	ldr	r6, [sp, #48]	; 0x30
10004378:	e008      	b.n	1000438c <_vsnprintf+0xa58>
1000437a:	3330      	adds	r3, #48	; 0x30
1000437c:	b2db      	uxtb	r3, r3
1000437e:	3501      	adds	r5, #1
10004380:	557b      	strb	r3, [r7, r5]
10004382:	42b4      	cmp	r4, r6
10004384:	d30e      	bcc.n	100043a4 <_vsnprintf+0xa70>
10004386:	2d20      	cmp	r5, #32
10004388:	d00c      	beq.n	100043a4 <_vsnprintf+0xa70>
1000438a:	0004      	movs	r4, r0
1000438c:	0031      	movs	r1, r6
1000438e:	0020      	movs	r0, r4
10004390:	f7fd ff00 	bl	10002194 <__wrap___aeabi_uidiv>
10004394:	b2cb      	uxtb	r3, r1
10004396:	2909      	cmp	r1, #9
10004398:	d9ef      	bls.n	1000437a <_vsnprintf+0xa46>
1000439a:	9a09      	ldr	r2, [sp, #36]	; 0x24
1000439c:	4694      	mov	ip, r2
1000439e:	4463      	add	r3, ip
100043a0:	b2db      	uxtb	r3, r3
100043a2:	e7ec      	b.n	1000437e <_vsnprintf+0xa4a>
100043a4:	4656      	mov	r6, sl
100043a6:	465c      	mov	r4, fp
100043a8:	46ab      	mov	fp, r5
100043aa:	9d0d      	ldr	r5, [sp, #52]	; 0x34
100043ac:	9b0b      	ldr	r3, [sp, #44]	; 0x2c
100043ae:	002a      	movs	r2, r5
100043b0:	9306      	str	r3, [sp, #24]
100043b2:	9b0a      	ldr	r3, [sp, #40]	; 0x28
100043b4:	0021      	movs	r1, r4
100043b6:	9305      	str	r3, [sp, #20]
100043b8:	4643      	mov	r3, r8
100043ba:	9304      	str	r3, [sp, #16]
100043bc:	9b0c      	ldr	r3, [sp, #48]	; 0x30
100043be:	9808      	ldr	r0, [sp, #32]
100043c0:	9303      	str	r3, [sp, #12]
100043c2:	2300      	movs	r3, #0
100043c4:	9302      	str	r3, [sp, #8]
100043c6:	465b      	mov	r3, fp
100043c8:	9301      	str	r3, [sp, #4]
100043ca:	ab16      	add	r3, sp, #88	; 0x58
100043cc:	9300      	str	r3, [sp, #0]
100043ce:	464b      	mov	r3, r9
100043d0:	f7fe fdc8 	bl	10002f64 <_ntoa_format>
100043d4:	9b12      	ldr	r3, [sp, #72]	; 0x48
100043d6:	0005      	movs	r5, r0
100043d8:	9309      	str	r3, [sp, #36]	; 0x24
100043da:	3601      	adds	r6, #1
100043dc:	f7ff facf 	bl	1000397e <_vsnprintf+0x4a>
100043e0:	42b4      	cmp	r4, r6
100043e2:	d800      	bhi.n	100043e6 <_vsnprintf+0xab2>
100043e4:	e671      	b.n	100040ca <_vsnprintf+0x796>
100043e6:	9b14      	ldr	r3, [sp, #80]	; 0x50
100043e8:	4654      	mov	r4, sl
100043ea:	960e      	str	r6, [sp, #56]	; 0x38
100043ec:	970f      	str	r7, [sp, #60]	; 0x3c
100043ee:	46aa      	mov	sl, r5
100043f0:	4698      	mov	r8, r3
100043f2:	9e15      	ldr	r6, [sp, #84]	; 0x54
100043f4:	9d13      	ldr	r5, [sp, #76]	; 0x4c
100043f6:	e68e      	b.n	10004116 <_vsnprintf+0x7e2>
100043f8:	42a6      	cmp	r6, r4
100043fa:	d800      	bhi.n	100043fe <_vsnprintf+0xaca>
100043fc:	e6fb      	b.n	100041f6 <_vsnprintf+0x8c2>
100043fe:	9b13      	ldr	r3, [sp, #76]	; 0x4c
10004400:	4656      	mov	r6, sl
10004402:	4698      	mov	r8, r3
10004404:	46aa      	mov	sl, r5
10004406:	465c      	mov	r4, fp
10004408:	9d12      	ldr	r5, [sp, #72]	; 0x48
1000440a:	e576      	b.n	10003efa <_vsnprintf+0x5c6>
1000440c:	c908      	ldmia	r1!, {r3}
1000440e:	17d8      	asrs	r0, r3, #31
10004410:	181a      	adds	r2, r3, r0
10004412:	4042      	eors	r2, r0
10004414:	9109      	str	r1, [sp, #36]	; 0x24
10004416:	f7ff fb8a 	bl	10003b2e <_vsnprintf+0x1fa>
1000441a:	2300      	movs	r3, #0
1000441c:	930b      	str	r3, [sp, #44]	; 0x2c
1000441e:	e450      	b.n	10003cc2 <_vsnprintf+0x38e>
10004420:	9b09      	ldr	r3, [sp, #36]	; 0x24
10004422:	cb04      	ldmia	r3!, {r2}
10004424:	4693      	mov	fp, r2
10004426:	9309      	str	r3, [sp, #36]	; 0x24
10004428:	e559      	b.n	10003ede <_vsnprintf+0x5aa>
1000442a:	002f      	movs	r7, r5
1000442c:	e5bb      	b.n	10003fa6 <_vsnprintf+0x672>
1000442e:	930b      	str	r3, [sp, #44]	; 0x2c
10004430:	e601      	b.n	10004036 <_vsnprintf+0x702>
10004432:	3b06      	subs	r3, #6
10004434:	930c      	str	r3, [sp, #48]	; 0x30
10004436:	e69a      	b.n	1000416e <_vsnprintf+0x83a>

10004438 <vfctprintf>:
10004438:	b500      	push	{lr}
1000443a:	b085      	sub	sp, #20
1000443c:	9103      	str	r1, [sp, #12]
1000443e:	2101      	movs	r1, #1
10004440:	9002      	str	r0, [sp, #8]
10004442:	9300      	str	r3, [sp, #0]
10004444:	4803      	ldr	r0, [pc, #12]	; (10004454 <vfctprintf+0x1c>)
10004446:	0013      	movs	r3, r2
10004448:	424a      	negs	r2, r1
1000444a:	a902      	add	r1, sp, #8
1000444c:	f7ff fa72 	bl	10003934 <_vsnprintf>
10004450:	b005      	add	sp, #20
10004452:	bd00      	pop	{pc}
10004454:	10003141 	.word	0x10003141

10004458 <weak_raw_vprintf>:
10004458:	b510      	push	{r4, lr}
1000445a:	4a09      	ldr	r2, [pc, #36]	; (10004480 <weak_raw_vprintf+0x28>)
1000445c:	0003      	movs	r3, r0
1000445e:	6814      	ldr	r4, [r2, #0]
10004460:	b084      	sub	sp, #16
10004462:	2c00      	cmp	r4, #0
10004464:	d008      	beq.n	10004478 <weak_raw_vprintf+0x20>
10004466:	2201      	movs	r2, #1
10004468:	9100      	str	r1, [sp, #0]
1000446a:	4806      	ldr	r0, [pc, #24]	; (10004484 <weak_raw_vprintf+0x2c>)
1000446c:	4252      	negs	r2, r2
1000446e:	a903      	add	r1, sp, #12
10004470:	47a0      	blx	r4
10004472:	2001      	movs	r0, #1
10004474:	b004      	add	sp, #16
10004476:	bd10      	pop	{r4, pc}
10004478:	f000 f99a 	bl	100047b0 <__wrap_puts>
1000447c:	2000      	movs	r0, #0
1000447e:	e7f9      	b.n	10004474 <weak_raw_vprintf+0x1c>
10004480:	20001c78 	.word	0x20001c78
10004484:	10003131 	.word	0x10003131

10004488 <_exit>:
10004488:	be00      	bkpt	0x0000
1000448a:	e7fd      	b.n	10004488 <_exit>

1000448c <_fini>:
1000448c:	4770      	bx	lr
1000448e:	46c0      	nop			; (mov r8, r8)

10004490 <exit>:
10004490:	b510      	push	{r4, lr}
10004492:	f7ff fff9 	bl	10004488 <_exit>
10004496:	46c0      	nop			; (mov r8, r8)

10004498 <runtime_init>:
10004498:	b570      	push	{r4, r5, r6, lr}
1000449a:	f7fd fd2f 	bl	10001efc <runtime_run_initializers>
1000449e:	4d07      	ldr	r5, [pc, #28]	; (100044bc <runtime_init+0x24>)
100044a0:	4e07      	ldr	r6, [pc, #28]	; (100044c0 <runtime_init+0x28>)
100044a2:	42b5      	cmp	r5, r6
100044a4:	d209      	bcs.n	100044ba <runtime_init+0x22>
100044a6:	2400      	movs	r4, #0
100044a8:	3e01      	subs	r6, #1
100044aa:	1b76      	subs	r6, r6, r5
100044ac:	08b6      	lsrs	r6, r6, #2
100044ae:	cd08      	ldmia	r5!, {r3}
100044b0:	4798      	blx	r3
100044b2:	0023      	movs	r3, r4
100044b4:	3401      	adds	r4, #1
100044b6:	42b3      	cmp	r3, r6
100044b8:	d1f9      	bne.n	100044ae <runtime_init+0x16>
100044ba:	bd70      	pop	{r4, r5, r6, pc}
100044bc:	10006d44 	.word	0x10006d44
100044c0:	10006d48 	.word	0x10006d48

100044c4 <stdio_out_chars_no_crlf>:
100044c4:	0003      	movs	r3, r0
100044c6:	b510      	push	{r4, lr}
100044c8:	0008      	movs	r0, r1
100044ca:	0011      	movs	r1, r2
100044cc:	681b      	ldr	r3, [r3, #0]
100044ce:	4798      	blx	r3
100044d0:	bd10      	pop	{r4, pc}
100044d2:	46c0      	nop			; (mov r8, r8)

100044d4 <stdio_out_chars_crlf>:
100044d4:	b5f0      	push	{r4, r5, r6, r7, lr}
100044d6:	4646      	mov	r6, r8
100044d8:	464f      	mov	r7, r9
100044da:	46d6      	mov	lr, sl
100044dc:	b5c0      	push	{r6, r7, lr}
100044de:	7d43      	ldrb	r3, [r0, #21]
100044e0:	4680      	mov	r8, r0
100044e2:	000e      	movs	r6, r1
100044e4:	0017      	movs	r7, r2
100044e6:	2b00      	cmp	r3, #0
100044e8:	d046      	beq.n	10004578 <stdio_out_chars_crlf+0xa4>
100044ea:	2a00      	cmp	r2, #0
100044ec:	dd3f      	ble.n	1000456e <stdio_out_chars_crlf+0x9a>
100044ee:	1e4b      	subs	r3, r1, #1
100044f0:	4699      	mov	r9, r3
100044f2:	4b24      	ldr	r3, [pc, #144]	; (10004584 <stdio_out_chars_crlf+0xb0>)
100044f4:	2501      	movs	r5, #1
100044f6:	2400      	movs	r4, #0
100044f8:	2000      	movs	r0, #0
100044fa:	469a      	mov	sl, r3
100044fc:	e00d      	b.n	1000451a <stdio_out_chars_crlf+0x46>
100044fe:	464b      	mov	r3, r9
10004500:	5d1b      	ldrb	r3, [r3, r4]
10004502:	3b0d      	subs	r3, #13
10004504:	425a      	negs	r2, r3
10004506:	4153      	adcs	r3, r2
10004508:	5d32      	ldrb	r2, [r6, r4]
1000450a:	b2db      	uxtb	r3, r3
1000450c:	2a0a      	cmp	r2, #10
1000450e:	d00b      	beq.n	10004528 <stdio_out_chars_crlf+0x54>
10004510:	002b      	movs	r3, r5
10004512:	3401      	adds	r4, #1
10004514:	3501      	adds	r5, #1
10004516:	429f      	cmp	r7, r3
10004518:	dd1a      	ble.n	10004550 <stdio_out_chars_crlf+0x7c>
1000451a:	2c00      	cmp	r4, #0
1000451c:	d1ef      	bne.n	100044fe <stdio_out_chars_crlf+0x2a>
1000451e:	4643      	mov	r3, r8
10004520:	5d32      	ldrb	r2, [r6, r4]
10004522:	7d1b      	ldrb	r3, [r3, #20]
10004524:	2a0a      	cmp	r2, #10
10004526:	d1f3      	bne.n	10004510 <stdio_out_chars_crlf+0x3c>
10004528:	2b00      	cmp	r3, #0
1000452a:	d1f1      	bne.n	10004510 <stdio_out_chars_crlf+0x3c>
1000452c:	42a0      	cmp	r0, r4
1000452e:	da04      	bge.n	1000453a <stdio_out_chars_crlf+0x66>
10004530:	4643      	mov	r3, r8
10004532:	1a21      	subs	r1, r4, r0
10004534:	681b      	ldr	r3, [r3, #0]
10004536:	1830      	adds	r0, r6, r0
10004538:	4798      	blx	r3
1000453a:	4643      	mov	r3, r8
1000453c:	4650      	mov	r0, sl
1000453e:	681b      	ldr	r3, [r3, #0]
10004540:	2102      	movs	r1, #2
10004542:	4798      	blx	r3
10004544:	3401      	adds	r4, #1
10004546:	0028      	movs	r0, r5
10004548:	002b      	movs	r3, r5
1000454a:	3501      	adds	r5, #1
1000454c:	429f      	cmp	r7, r3
1000454e:	dce4      	bgt.n	1000451a <stdio_out_chars_crlf+0x46>
10004550:	4287      	cmp	r7, r0
10004552:	dd04      	ble.n	1000455e <stdio_out_chars_crlf+0x8a>
10004554:	4643      	mov	r3, r8
10004556:	1a39      	subs	r1, r7, r0
10004558:	681b      	ldr	r3, [r3, #0]
1000455a:	1830      	adds	r0, r6, r0
1000455c:	4798      	blx	r3
1000455e:	19f6      	adds	r6, r6, r7
10004560:	3e01      	subs	r6, #1
10004562:	7833      	ldrb	r3, [r6, #0]
10004564:	3b0d      	subs	r3, #13
10004566:	425a      	negs	r2, r3
10004568:	4153      	adcs	r3, r2
1000456a:	4642      	mov	r2, r8
1000456c:	7513      	strb	r3, [r2, #20]
1000456e:	bce0      	pop	{r5, r6, r7}
10004570:	46ba      	mov	sl, r7
10004572:	46b1      	mov	r9, r6
10004574:	46a8      	mov	r8, r5
10004576:	bdf0      	pop	{r4, r5, r6, r7, pc}
10004578:	6803      	ldr	r3, [r0, #0]
1000457a:	0011      	movs	r1, r2
1000457c:	0030      	movs	r0, r6
1000457e:	4798      	blx	r3
10004580:	e7f5      	b.n	1000456e <stdio_out_chars_crlf+0x9a>
10004582:	46c0      	nop			; (mov r8, r8)
10004584:	100070d0 	.word	0x100070d0

10004588 <stdio_buffered_printer>:
10004588:	b5f8      	push	{r3, r4, r5, r6, r7, lr}
1000458a:	680b      	ldr	r3, [r1, #0]
1000458c:	000d      	movs	r5, r1
1000458e:	1c5a      	adds	r2, r3, #1
10004590:	18cb      	adds	r3, r1, r3
10004592:	600a      	str	r2, [r1, #0]
10004594:	7118      	strb	r0, [r3, #4]
10004596:	2a80      	cmp	r2, #128	; 0x80
10004598:	d000      	beq.n	1000459c <stdio_buffered_printer+0x14>
1000459a:	bdf8      	pop	{r3, r4, r5, r6, r7, pc}
1000459c:	4b0e      	ldr	r3, [pc, #56]	; (100045d8 <stdio_buffered_printer+0x50>)
1000459e:	681c      	ldr	r4, [r3, #0]
100045a0:	2c00      	cmp	r4, #0
100045a2:	d015      	beq.n	100045d0 <stdio_buffered_printer+0x48>
100045a4:	4e0d      	ldr	r6, [pc, #52]	; (100045dc <stdio_buffered_printer+0x54>)
100045a6:	1d0f      	adds	r7, r1, #4
100045a8:	e002      	b.n	100045b0 <stdio_buffered_printer+0x28>
100045aa:	6924      	ldr	r4, [r4, #16]
100045ac:	2c00      	cmp	r4, #0
100045ae:	d00f      	beq.n	100045d0 <stdio_buffered_printer+0x48>
100045b0:	6823      	ldr	r3, [r4, #0]
100045b2:	2b00      	cmp	r3, #0
100045b4:	d0f9      	beq.n	100045aa <stdio_buffered_printer+0x22>
100045b6:	6833      	ldr	r3, [r6, #0]
100045b8:	2b00      	cmp	r3, #0
100045ba:	d001      	beq.n	100045c0 <stdio_buffered_printer+0x38>
100045bc:	42a3      	cmp	r3, r4
100045be:	d1f4      	bne.n	100045aa <stdio_buffered_printer+0x22>
100045c0:	0020      	movs	r0, r4
100045c2:	0039      	movs	r1, r7
100045c4:	682a      	ldr	r2, [r5, #0]
100045c6:	f7ff ff85 	bl	100044d4 <stdio_out_chars_crlf>
100045ca:	6924      	ldr	r4, [r4, #16]
100045cc:	2c00      	cmp	r4, #0
100045ce:	d1ef      	bne.n	100045b0 <stdio_buffered_printer+0x28>
100045d0:	2300      	movs	r3, #0
100045d2:	602b      	str	r3, [r5, #0]
100045d4:	e7e1      	b.n	1000459a <stdio_buffered_printer+0x12>
100045d6:	46c0      	nop			; (mov r8, r8)
100045d8:	2000186c 	.word	0x2000186c
100045dc:	20001874 	.word	0x20001874

100045e0 <stdio_put_string>:
100045e0:	b5f0      	push	{r4, r5, r6, r7, lr}
100045e2:	46de      	mov	lr, fp
100045e4:	4657      	mov	r7, sl
100045e6:	464e      	mov	r6, r9
100045e8:	4645      	mov	r5, r8
100045ea:	b5e0      	push	{r5, r6, r7, lr}
100045ec:	b085      	sub	sp, #20
100045ee:	0017      	movs	r7, r2
100045f0:	001c      	movs	r4, r3
100045f2:	0006      	movs	r6, r0
100045f4:	000d      	movs	r5, r1
100045f6:	f7fd fa6d 	bl	10001ad4 <time_us_64>
100045fa:	2300      	movs	r3, #0
100045fc:	4a31      	ldr	r2, [pc, #196]	; (100046c4 <stdio_put_string+0xe4>)
100045fe:	1812      	adds	r2, r2, r0
10004600:	414b      	adcs	r3, r1
10004602:	2b00      	cmp	r3, #0
10004604:	db59      	blt.n	100046ba <stdio_put_string+0xda>
10004606:	4930      	ldr	r1, [pc, #192]	; (100046c8 <stdio_put_string+0xe8>)
10004608:	0008      	movs	r0, r1
1000460a:	468a      	mov	sl, r1
1000460c:	f002 fb2c 	bl	10006c68 <__mutex_try_enter_block_until_veneer>
10004610:	9001      	str	r0, [sp, #4]
10004612:	1c6b      	adds	r3, r5, #1
10004614:	d103      	bne.n	1000461e <stdio_put_string+0x3e>
10004616:	0030      	movs	r0, r6
10004618:	f002 fade 	bl	10006bd8 <strlen>
1000461c:	0005      	movs	r5, r0
1000461e:	2c00      	cmp	r4, #0
10004620:	d126      	bne.n	10004670 <stdio_put_string+0x90>
10004622:	4b2a      	ldr	r3, [pc, #168]	; (100046cc <stdio_put_string+0xec>)
10004624:	4698      	mov	r8, r3
10004626:	4b2a      	ldr	r3, [pc, #168]	; (100046d0 <stdio_put_string+0xf0>)
10004628:	681c      	ldr	r4, [r3, #0]
1000462a:	2c00      	cmp	r4, #0
1000462c:	d015      	beq.n	1000465a <stdio_put_string+0x7a>
1000462e:	2f00      	cmp	r7, #0
10004630:	d121      	bne.n	10004676 <stdio_put_string+0x96>
10004632:	4f28      	ldr	r7, [pc, #160]	; (100046d4 <stdio_put_string+0xf4>)
10004634:	e002      	b.n	1000463c <stdio_put_string+0x5c>
10004636:	6924      	ldr	r4, [r4, #16]
10004638:	2c00      	cmp	r4, #0
1000463a:	d00e      	beq.n	1000465a <stdio_put_string+0x7a>
1000463c:	6823      	ldr	r3, [r4, #0]
1000463e:	2b00      	cmp	r3, #0
10004640:	d0f9      	beq.n	10004636 <stdio_put_string+0x56>
10004642:	683b      	ldr	r3, [r7, #0]
10004644:	2b00      	cmp	r3, #0
10004646:	d001      	beq.n	1000464c <stdio_put_string+0x6c>
10004648:	42a3      	cmp	r3, r4
1000464a:	d1f4      	bne.n	10004636 <stdio_put_string+0x56>
1000464c:	0020      	movs	r0, r4
1000464e:	002a      	movs	r2, r5
10004650:	0031      	movs	r1, r6
10004652:	47c0      	blx	r8
10004654:	6924      	ldr	r4, [r4, #16]
10004656:	2c00      	cmp	r4, #0
10004658:	d1f0      	bne.n	1000463c <stdio_put_string+0x5c>
1000465a:	9b01      	ldr	r3, [sp, #4]
1000465c:	2b00      	cmp	r3, #0
1000465e:	d128      	bne.n	100046b2 <stdio_put_string+0xd2>
10004660:	0028      	movs	r0, r5
10004662:	b005      	add	sp, #20
10004664:	bcf0      	pop	{r4, r5, r6, r7}
10004666:	46bb      	mov	fp, r7
10004668:	46b2      	mov	sl, r6
1000466a:	46a9      	mov	r9, r5
1000466c:	46a0      	mov	r8, r4
1000466e:	bdf0      	pop	{r4, r5, r6, r7, pc}
10004670:	4b19      	ldr	r3, [pc, #100]	; (100046d8 <stdio_put_string+0xf8>)
10004672:	4698      	mov	r8, r3
10004674:	e7d7      	b.n	10004626 <stdio_put_string+0x46>
10004676:	4b17      	ldr	r3, [pc, #92]	; (100046d4 <stdio_put_string+0xf4>)
10004678:	4699      	mov	r9, r3
1000467a:	ab02      	add	r3, sp, #8
1000467c:	1ddf      	adds	r7, r3, #7
1000467e:	230a      	movs	r3, #10
10004680:	469b      	mov	fp, r3
10004682:	e002      	b.n	1000468a <stdio_put_string+0xaa>
10004684:	6924      	ldr	r4, [r4, #16]
10004686:	2c00      	cmp	r4, #0
10004688:	d0e7      	beq.n	1000465a <stdio_put_string+0x7a>
1000468a:	6823      	ldr	r3, [r4, #0]
1000468c:	2b00      	cmp	r3, #0
1000468e:	d0f9      	beq.n	10004684 <stdio_put_string+0xa4>
10004690:	464b      	mov	r3, r9
10004692:	681b      	ldr	r3, [r3, #0]
10004694:	2b00      	cmp	r3, #0
10004696:	d001      	beq.n	1000469c <stdio_put_string+0xbc>
10004698:	42a3      	cmp	r3, r4
1000469a:	d1f3      	bne.n	10004684 <stdio_put_string+0xa4>
1000469c:	002a      	movs	r2, r5
1000469e:	0031      	movs	r1, r6
100046a0:	0020      	movs	r0, r4
100046a2:	47c0      	blx	r8
100046a4:	465b      	mov	r3, fp
100046a6:	2201      	movs	r2, #1
100046a8:	0039      	movs	r1, r7
100046aa:	0020      	movs	r0, r4
100046ac:	703b      	strb	r3, [r7, #0]
100046ae:	47c0      	blx	r8
100046b0:	e7e8      	b.n	10004684 <stdio_put_string+0xa4>
100046b2:	4650      	mov	r0, sl
100046b4:	f002 fb18 	bl	10006ce8 <__mutex_exit_veneer>
100046b8:	e7d2      	b.n	10004660 <stdio_put_string+0x80>
100046ba:	2201      	movs	r2, #1
100046bc:	4b07      	ldr	r3, [pc, #28]	; (100046dc <stdio_put_string+0xfc>)
100046be:	4252      	negs	r2, r2
100046c0:	e7a1      	b.n	10004606 <stdio_put_string+0x26>
100046c2:	46c0      	nop			; (mov r8, r8)
100046c4:	000f4240 	.word	0x000f4240
100046c8:	200010a8 	.word	0x200010a8
100046cc:	100044c5 	.word	0x100044c5
100046d0:	2000186c 	.word	0x2000186c
100046d4:	20001874 	.word	0x20001874
100046d8:	100044d5 	.word	0x100044d5
100046dc:	7fffffff 	.word	0x7fffffff

100046e0 <stdio_set_driver_enabled>:
100046e0:	4a0a      	ldr	r2, [pc, #40]	; (1000470c <stdio_set_driver_enabled+0x2c>)
100046e2:	6813      	ldr	r3, [r2, #0]
100046e4:	2b00      	cmp	r3, #0
100046e6:	d105      	bne.n	100046f4 <stdio_set_driver_enabled+0x14>
100046e8:	e00c      	b.n	10004704 <stdio_set_driver_enabled+0x24>
100046ea:	001a      	movs	r2, r3
100046ec:	691b      	ldr	r3, [r3, #16]
100046ee:	3210      	adds	r2, #16
100046f0:	2b00      	cmp	r3, #0
100046f2:	d007      	beq.n	10004704 <stdio_set_driver_enabled+0x24>
100046f4:	4298      	cmp	r0, r3
100046f6:	d1f8      	bne.n	100046ea <stdio_set_driver_enabled+0xa>
100046f8:	2900      	cmp	r1, #0
100046fa:	d102      	bne.n	10004702 <stdio_set_driver_enabled+0x22>
100046fc:	6903      	ldr	r3, [r0, #16]
100046fe:	6013      	str	r3, [r2, #0]
10004700:	6101      	str	r1, [r0, #16]
10004702:	4770      	bx	lr
10004704:	2900      	cmp	r1, #0
10004706:	d0fc      	beq.n	10004702 <stdio_set_driver_enabled+0x22>
10004708:	6010      	str	r0, [r2, #0]
1000470a:	e7fa      	b.n	10004702 <stdio_set_driver_enabled+0x22>
1000470c:	2000186c 	.word	0x2000186c

10004710 <stdio_init_all>:
10004710:	b510      	push	{r4, lr}
10004712:	f000 fa7b 	bl	10004c0c <stdio_usb_init>
10004716:	bd10      	pop	{r4, pc}

10004718 <__wrap_putchar>:
10004718:	b5f0      	push	{r4, r5, r6, r7, lr}
1000471a:	46ce      	mov	lr, r9
1000471c:	4647      	mov	r7, r8
1000471e:	b580      	push	{r7, lr}
10004720:	b083      	sub	sp, #12
10004722:	466b      	mov	r3, sp
10004724:	0006      	movs	r6, r0
10004726:	1ddd      	adds	r5, r3, #7
10004728:	7028      	strb	r0, [r5, #0]
1000472a:	f7fd f9d3 	bl	10001ad4 <time_us_64>
1000472e:	2300      	movs	r3, #0
10004730:	4a1a      	ldr	r2, [pc, #104]	; (1000479c <__wrap_putchar+0x84>)
10004732:	1812      	adds	r2, r2, r0
10004734:	414b      	adcs	r3, r1
10004736:	2b00      	cmp	r3, #0
10004738:	db2b      	blt.n	10004792 <__wrap_putchar+0x7a>
1000473a:	4919      	ldr	r1, [pc, #100]	; (100047a0 <__wrap_putchar+0x88>)
1000473c:	0008      	movs	r0, r1
1000473e:	4688      	mov	r8, r1
10004740:	f002 fa92 	bl	10006c68 <__mutex_try_enter_block_until_veneer>
10004744:	4b17      	ldr	r3, [pc, #92]	; (100047a4 <__wrap_putchar+0x8c>)
10004746:	4681      	mov	r9, r0
10004748:	681c      	ldr	r4, [r3, #0]
1000474a:	2c00      	cmp	r4, #0
1000474c:	d014      	beq.n	10004778 <__wrap_putchar+0x60>
1000474e:	4f16      	ldr	r7, [pc, #88]	; (100047a8 <__wrap_putchar+0x90>)
10004750:	e002      	b.n	10004758 <__wrap_putchar+0x40>
10004752:	6924      	ldr	r4, [r4, #16]
10004754:	2c00      	cmp	r4, #0
10004756:	d00f      	beq.n	10004778 <__wrap_putchar+0x60>
10004758:	6823      	ldr	r3, [r4, #0]
1000475a:	2b00      	cmp	r3, #0
1000475c:	d0f9      	beq.n	10004752 <__wrap_putchar+0x3a>
1000475e:	683b      	ldr	r3, [r7, #0]
10004760:	2b00      	cmp	r3, #0
10004762:	d001      	beq.n	10004768 <__wrap_putchar+0x50>
10004764:	42a3      	cmp	r3, r4
10004766:	d1f4      	bne.n	10004752 <__wrap_putchar+0x3a>
10004768:	0020      	movs	r0, r4
1000476a:	2201      	movs	r2, #1
1000476c:	0029      	movs	r1, r5
1000476e:	f7ff feb1 	bl	100044d4 <stdio_out_chars_crlf>
10004772:	6924      	ldr	r4, [r4, #16]
10004774:	2c00      	cmp	r4, #0
10004776:	d1ef      	bne.n	10004758 <__wrap_putchar+0x40>
10004778:	464b      	mov	r3, r9
1000477a:	2b00      	cmp	r3, #0
1000477c:	d105      	bne.n	1000478a <__wrap_putchar+0x72>
1000477e:	0030      	movs	r0, r6
10004780:	b003      	add	sp, #12
10004782:	bcc0      	pop	{r6, r7}
10004784:	46b9      	mov	r9, r7
10004786:	46b0      	mov	r8, r6
10004788:	bdf0      	pop	{r4, r5, r6, r7, pc}
1000478a:	4640      	mov	r0, r8
1000478c:	f002 faac 	bl	10006ce8 <__mutex_exit_veneer>
10004790:	e7f5      	b.n	1000477e <__wrap_putchar+0x66>
10004792:	2201      	movs	r2, #1
10004794:	4b05      	ldr	r3, [pc, #20]	; (100047ac <__wrap_putchar+0x94>)
10004796:	4252      	negs	r2, r2
10004798:	e7cf      	b.n	1000473a <__wrap_putchar+0x22>
1000479a:	46c0      	nop			; (mov r8, r8)
1000479c:	000f4240 	.word	0x000f4240
100047a0:	200010a8 	.word	0x200010a8
100047a4:	2000186c 	.word	0x2000186c
100047a8:	20001874 	.word	0x20001874
100047ac:	7fffffff 	.word	0x7fffffff

100047b0 <__wrap_puts>:
100047b0:	b570      	push	{r4, r5, r6, lr}
100047b2:	0004      	movs	r4, r0
100047b4:	f002 fa10 	bl	10006bd8 <strlen>
100047b8:	2301      	movs	r3, #1
100047ba:	0001      	movs	r1, r0
100047bc:	0005      	movs	r5, r0
100047be:	2201      	movs	r2, #1
100047c0:	0020      	movs	r0, r4
100047c2:	f7ff ff0d 	bl	100045e0 <stdio_put_string>
100047c6:	4b08      	ldr	r3, [pc, #32]	; (100047e8 <__wrap_puts+0x38>)
100047c8:	681c      	ldr	r4, [r3, #0]
100047ca:	2c00      	cmp	r4, #0
100047cc:	d006      	beq.n	100047dc <__wrap_puts+0x2c>
100047ce:	6863      	ldr	r3, [r4, #4]
100047d0:	2b00      	cmp	r3, #0
100047d2:	d005      	beq.n	100047e0 <__wrap_puts+0x30>
100047d4:	4798      	blx	r3
100047d6:	6924      	ldr	r4, [r4, #16]
100047d8:	2c00      	cmp	r4, #0
100047da:	d1f8      	bne.n	100047ce <__wrap_puts+0x1e>
100047dc:	0028      	movs	r0, r5
100047de:	bd70      	pop	{r4, r5, r6, pc}
100047e0:	6924      	ldr	r4, [r4, #16]
100047e2:	2c00      	cmp	r4, #0
100047e4:	d1f3      	bne.n	100047ce <__wrap_puts+0x1e>
100047e6:	e7f9      	b.n	100047dc <__wrap_puts+0x2c>
100047e8:	2000186c 	.word	0x2000186c

100047ec <__wrap_vprintf>:
100047ec:	b5f0      	push	{r4, r5, r6, r7, lr}
100047ee:	46ce      	mov	lr, r9
100047f0:	4647      	mov	r7, r8
100047f2:	b580      	push	{r7, lr}
100047f4:	b0a5      	sub	sp, #148	; 0x94
100047f6:	0004      	movs	r4, r0
100047f8:	000d      	movs	r5, r1
100047fa:	f7fd f96b 	bl	10001ad4 <time_us_64>
100047fe:	2300      	movs	r3, #0
10004800:	4a2a      	ldr	r2, [pc, #168]	; (100048ac <__wrap_vprintf+0xc0>)
10004802:	1812      	adds	r2, r2, r0
10004804:	414b      	adcs	r3, r1
10004806:	2b00      	cmp	r3, #0
10004808:	db49      	blt.n	1000489e <__wrap_vprintf+0xb2>
1000480a:	4e29      	ldr	r6, [pc, #164]	; (100048b0 <__wrap_vprintf+0xc4>)
1000480c:	0030      	movs	r0, r6
1000480e:	f002 fa2b 	bl	10006c68 <__mutex_try_enter_block_until_veneer>
10004812:	2300      	movs	r3, #0
10004814:	0007      	movs	r7, r0
10004816:	9303      	str	r3, [sp, #12]
10004818:	0022      	movs	r2, r4
1000481a:	002b      	movs	r3, r5
1000481c:	4825      	ldr	r0, [pc, #148]	; (100048b4 <__wrap_vprintf+0xc8>)
1000481e:	a903      	add	r1, sp, #12
10004820:	f7ff fe0a 	bl	10004438 <vfctprintf>
10004824:	9b03      	ldr	r3, [sp, #12]
10004826:	4680      	mov	r8, r0
10004828:	2b00      	cmp	r3, #0
1000482a:	d114      	bne.n	10004856 <__wrap_vprintf+0x6a>
1000482c:	4b22      	ldr	r3, [pc, #136]	; (100048b8 <__wrap_vprintf+0xcc>)
1000482e:	681c      	ldr	r4, [r3, #0]
10004830:	2c00      	cmp	r4, #0
10004832:	d006      	beq.n	10004842 <__wrap_vprintf+0x56>
10004834:	6863      	ldr	r3, [r4, #4]
10004836:	2b00      	cmp	r3, #0
10004838:	d00b      	beq.n	10004852 <__wrap_vprintf+0x66>
1000483a:	4798      	blx	r3
1000483c:	6924      	ldr	r4, [r4, #16]
1000483e:	2c00      	cmp	r4, #0
10004840:	d1f8      	bne.n	10004834 <__wrap_vprintf+0x48>
10004842:	2f00      	cmp	r7, #0
10004844:	d127      	bne.n	10004896 <__wrap_vprintf+0xaa>
10004846:	4640      	mov	r0, r8
10004848:	b025      	add	sp, #148	; 0x94
1000484a:	bcc0      	pop	{r6, r7}
1000484c:	46b9      	mov	r9, r7
1000484e:	46b0      	mov	r8, r6
10004850:	bdf0      	pop	{r4, r5, r6, r7, pc}
10004852:	6924      	ldr	r4, [r4, #16]
10004854:	e7ec      	b.n	10004830 <__wrap_vprintf+0x44>
10004856:	4b18      	ldr	r3, [pc, #96]	; (100048b8 <__wrap_vprintf+0xcc>)
10004858:	681d      	ldr	r5, [r3, #0]
1000485a:	4699      	mov	r9, r3
1000485c:	2d00      	cmp	r5, #0
1000485e:	d022      	beq.n	100048a6 <__wrap_vprintf+0xba>
10004860:	4c16      	ldr	r4, [pc, #88]	; (100048bc <__wrap_vprintf+0xd0>)
10004862:	e002      	b.n	1000486a <__wrap_vprintf+0x7e>
10004864:	692d      	ldr	r5, [r5, #16]
10004866:	2d00      	cmp	r5, #0
10004868:	d011      	beq.n	1000488e <__wrap_vprintf+0xa2>
1000486a:	682b      	ldr	r3, [r5, #0]
1000486c:	2b00      	cmp	r3, #0
1000486e:	d0f9      	beq.n	10004864 <__wrap_vprintf+0x78>
10004870:	6823      	ldr	r3, [r4, #0]
10004872:	2b00      	cmp	r3, #0
10004874:	d001      	beq.n	1000487a <__wrap_vprintf+0x8e>
10004876:	429d      	cmp	r5, r3
10004878:	d1f4      	bne.n	10004864 <__wrap_vprintf+0x78>
1000487a:	9b03      	ldr	r3, [sp, #12]
1000487c:	0028      	movs	r0, r5
1000487e:	001a      	movs	r2, r3
10004880:	a904      	add	r1, sp, #16
10004882:	9301      	str	r3, [sp, #4]
10004884:	f7ff fe26 	bl	100044d4 <stdio_out_chars_crlf>
10004888:	692d      	ldr	r5, [r5, #16]
1000488a:	2d00      	cmp	r5, #0
1000488c:	d1ed      	bne.n	1000486a <__wrap_vprintf+0x7e>
1000488e:	464b      	mov	r3, r9
10004890:	9503      	str	r5, [sp, #12]
10004892:	681c      	ldr	r4, [r3, #0]
10004894:	e7cc      	b.n	10004830 <__wrap_vprintf+0x44>
10004896:	0030      	movs	r0, r6
10004898:	f002 fa26 	bl	10006ce8 <__mutex_exit_veneer>
1000489c:	e7d3      	b.n	10004846 <__wrap_vprintf+0x5a>
1000489e:	2201      	movs	r2, #1
100048a0:	4b07      	ldr	r3, [pc, #28]	; (100048c0 <__wrap_vprintf+0xd4>)
100048a2:	4252      	negs	r2, r2
100048a4:	e7b1      	b.n	1000480a <__wrap_vprintf+0x1e>
100048a6:	9503      	str	r5, [sp, #12]
100048a8:	e7cb      	b.n	10004842 <__wrap_vprintf+0x56>
100048aa:	46c0      	nop			; (mov r8, r8)
100048ac:	000f4240 	.word	0x000f4240
100048b0:	200010a8 	.word	0x200010a8
100048b4:	10004589 	.word	0x10004589
100048b8:	2000186c 	.word	0x2000186c
100048bc:	20001874 	.word	0x20001874
100048c0:	7fffffff 	.word	0x7fffffff

100048c4 <__wrap_printf>:
100048c4:	b40f      	push	{r0, r1, r2, r3}
100048c6:	b500      	push	{lr}
100048c8:	b083      	sub	sp, #12
100048ca:	a904      	add	r1, sp, #16
100048cc:	c901      	ldmia	r1!, {r0}
100048ce:	9101      	str	r1, [sp, #4]
100048d0:	f7ff ff8c 	bl	100047ec <__wrap_vprintf>
100048d4:	b003      	add	sp, #12
100048d6:	bc08      	pop	{r3}
100048d8:	b004      	add	sp, #16
100048da:	4718      	bx	r3

100048dc <stdio_usb_set_chars_available_callback>:
100048dc:	4b02      	ldr	r3, [pc, #8]	; (100048e8 <stdio_usb_set_chars_available_callback+0xc>)
100048de:	6018      	str	r0, [r3, #0]
100048e0:	4b02      	ldr	r3, [pc, #8]	; (100048ec <stdio_usb_set_chars_available_callback+0x10>)
100048e2:	6019      	str	r1, [r3, #0]
100048e4:	4770      	bx	lr
100048e6:	46c0      	nop			; (mov r8, r8)
100048e8:	2000180c 	.word	0x2000180c
100048ec:	20001810 	.word	0x20001810

100048f0 <usb_irq>:
100048f0:	b510      	push	{r4, lr}
100048f2:	4b02      	ldr	r3, [pc, #8]	; (100048fc <usb_irq+0xc>)
100048f4:	7818      	ldrb	r0, [r3, #0]
100048f6:	f7fc f9ed 	bl	10000cd4 <irq_set_pending>
100048fa:	bd10      	pop	{r4, pc}
100048fc:	20001cdb 	.word	0x20001cdb

10004900 <timer_task>:
10004900:	4b15      	ldr	r3, [pc, #84]	; (10004958 <timer_task+0x58>)
10004902:	b570      	push	{r4, r5, r6, lr}
10004904:	681a      	ldr	r2, [r3, #0]
10004906:	2a00      	cmp	r2, #0
10004908:	d022      	beq.n	10004950 <timer_task+0x50>
1000490a:	f3ef 8110 	mrs	r1, PRIMASK
1000490e:	b672      	cpsid	i
10004910:	6810      	ldr	r0, [r2, #0]
10004912:	2800      	cmp	r0, #0
10004914:	d0fc      	beq.n	10004910 <timer_task+0x10>
10004916:	f3bf 8f5f 	dmb	sy
1000491a:	2200      	movs	r2, #0
1000491c:	480f      	ldr	r0, [pc, #60]	; (1000495c <timer_task+0x5c>)
1000491e:	6059      	str	r1, [r3, #4]
10004920:	7002      	strb	r2, [r0, #0]
10004922:	681b      	ldr	r3, [r3, #0]
10004924:	f3bf 8f5f 	dmb	sy
10004928:	601a      	str	r2, [r3, #0]
1000492a:	f381 8810 	msr	PRIMASK, r1
1000492e:	2400      	movs	r4, #0
10004930:	2500      	movs	r5, #0
10004932:	4e0b      	ldr	r6, [pc, #44]	; (10004960 <timer_task+0x60>)
10004934:	7830      	ldrb	r0, [r6, #0]
10004936:	f7fc f9c1 	bl	10000cbc <irq_is_enabled>
1000493a:	2800      	cmp	r0, #0
1000493c:	d104      	bne.n	10004948 <timer_task+0x48>
1000493e:	2400      	movs	r4, #0
10004940:	2500      	movs	r5, #0
10004942:	0029      	movs	r1, r5
10004944:	0020      	movs	r0, r4
10004946:	bd70      	pop	{r4, r5, r6, pc}
10004948:	7830      	ldrb	r0, [r6, #0]
1000494a:	f7fc f9c3 	bl	10000cd4 <irq_set_pending>
1000494e:	e7f8      	b.n	10004942 <timer_task+0x42>
10004950:	24fa      	movs	r4, #250	; 0xfa
10004952:	2500      	movs	r5, #0
10004954:	00a4      	lsls	r4, r4, #2
10004956:	e7ec      	b.n	10004932 <timer_task+0x32>
10004958:	20001c88 	.word	0x20001c88
1000495c:	20001cdc 	.word	0x20001cdc
10004960:	20001cdb 	.word	0x20001cdb

10004964 <stdio_usb_in_chars>:
10004964:	b570      	push	{r4, r5, r6, lr}
10004966:	0004      	movs	r4, r0
10004968:	2000      	movs	r0, #0
1000496a:	000e      	movs	r6, r1
1000496c:	f001 fb7c 	bl	10006068 <tud_cdc_n_connected>
10004970:	2800      	cmp	r0, #0
10004972:	d035      	beq.n	100049e0 <stdio_usb_in_chars+0x7c>
10004974:	2000      	movs	r0, #0
10004976:	f001 fb8d 	bl	10006094 <tud_cdc_n_available>
1000497a:	2800      	cmp	r0, #0
1000497c:	d030      	beq.n	100049e0 <stdio_usb_in_chars+0x7c>
1000497e:	f7fd f8a9 	bl	10001ad4 <time_us_64>
10004982:	2300      	movs	r3, #0
10004984:	4a18      	ldr	r2, [pc, #96]	; (100049e8 <stdio_usb_in_chars+0x84>)
10004986:	1812      	adds	r2, r2, r0
10004988:	414b      	adcs	r3, r1
1000498a:	2b00      	cmp	r3, #0
1000498c:	db24      	blt.n	100049d8 <stdio_usb_in_chars+0x74>
1000498e:	4d17      	ldr	r5, [pc, #92]	; (100049ec <stdio_usb_in_chars+0x88>)
10004990:	0028      	movs	r0, r5
10004992:	f002 f969 	bl	10006c68 <__mutex_try_enter_block_until_veneer>
10004996:	2800      	cmp	r0, #0
10004998:	d022      	beq.n	100049e0 <stdio_usb_in_chars+0x7c>
1000499a:	2000      	movs	r0, #0
1000499c:	f001 fb64 	bl	10006068 <tud_cdc_n_connected>
100049a0:	2800      	cmp	r0, #0
100049a2:	d10b      	bne.n	100049bc <stdio_usb_in_chars+0x58>
100049a4:	2001      	movs	r0, #1
100049a6:	2100      	movs	r1, #0
100049a8:	2403      	movs	r4, #3
100049aa:	4240      	negs	r0, r0
100049ac:	f000 fd86 	bl	100054bc <tud_task_ext>
100049b0:	4264      	negs	r4, r4
100049b2:	0028      	movs	r0, r5
100049b4:	f002 f998 	bl	10006ce8 <__mutex_exit_veneer>
100049b8:	0020      	movs	r0, r4
100049ba:	bd70      	pop	{r4, r5, r6, pc}
100049bc:	2000      	movs	r0, #0
100049be:	f001 fb69 	bl	10006094 <tud_cdc_n_available>
100049c2:	2800      	cmp	r0, #0
100049c4:	d0ee      	beq.n	100049a4 <stdio_usb_in_chars+0x40>
100049c6:	0021      	movs	r1, r4
100049c8:	0032      	movs	r2, r6
100049ca:	2000      	movs	r0, #0
100049cc:	f001 fb6e 	bl	100060ac <tud_cdc_n_read>
100049d0:	1e04      	subs	r4, r0, #0
100049d2:	d1ee      	bne.n	100049b2 <stdio_usb_in_chars+0x4e>
100049d4:	3c03      	subs	r4, #3
100049d6:	e7ec      	b.n	100049b2 <stdio_usb_in_chars+0x4e>
100049d8:	2201      	movs	r2, #1
100049da:	4b05      	ldr	r3, [pc, #20]	; (100049f0 <stdio_usb_in_chars+0x8c>)
100049dc:	4252      	negs	r2, r2
100049de:	e7d6      	b.n	1000498e <stdio_usb_in_chars+0x2a>
100049e0:	2403      	movs	r4, #3
100049e2:	4264      	negs	r4, r4
100049e4:	e7e8      	b.n	100049b8 <stdio_usb_in_chars+0x54>
100049e6:	46c0      	nop			; (mov r8, r8)
100049e8:	000f4240 	.word	0x000f4240
100049ec:	20001cbc 	.word	0x20001cbc
100049f0:	7fffffff 	.word	0x7fffffff

100049f4 <stdio_usb_out_flush>:
100049f4:	b510      	push	{r4, lr}
100049f6:	f7fd f86d 	bl	10001ad4 <time_us_64>
100049fa:	2300      	movs	r3, #0
100049fc:	4a0e      	ldr	r2, [pc, #56]	; (10004a38 <stdio_usb_out_flush+0x44>)
100049fe:	1812      	adds	r2, r2, r0
10004a00:	414b      	adcs	r3, r1
10004a02:	2b00      	cmp	r3, #0
10004a04:	db13      	blt.n	10004a2e <stdio_usb_out_flush+0x3a>
10004a06:	4c0d      	ldr	r4, [pc, #52]	; (10004a3c <stdio_usb_out_flush+0x48>)
10004a08:	0020      	movs	r0, r4
10004a0a:	f002 f92d 	bl	10006c68 <__mutex_try_enter_block_until_veneer>
10004a0e:	2800      	cmp	r0, #0
10004a10:	d00c      	beq.n	10004a2c <stdio_usb_out_flush+0x38>
10004a12:	2001      	movs	r0, #1
10004a14:	2100      	movs	r1, #0
10004a16:	4240      	negs	r0, r0
10004a18:	f000 fd50 	bl	100054bc <tud_task_ext>
10004a1c:	2000      	movs	r0, #0
10004a1e:	f001 fb8f 	bl	10006140 <tud_cdc_n_write_flush>
10004a22:	2800      	cmp	r0, #0
10004a24:	d1f5      	bne.n	10004a12 <stdio_usb_out_flush+0x1e>
10004a26:	0020      	movs	r0, r4
10004a28:	f002 f95e 	bl	10006ce8 <__mutex_exit_veneer>
10004a2c:	bd10      	pop	{r4, pc}
10004a2e:	2201      	movs	r2, #1
10004a30:	4b03      	ldr	r3, [pc, #12]	; (10004a40 <stdio_usb_out_flush+0x4c>)
10004a32:	4252      	negs	r2, r2
10004a34:	e7e7      	b.n	10004a06 <stdio_usb_out_flush+0x12>
10004a36:	46c0      	nop			; (mov r8, r8)
10004a38:	000f4240 	.word	0x000f4240
10004a3c:	20001cbc 	.word	0x20001cbc
10004a40:	7fffffff 	.word	0x7fffffff

10004a44 <stdio_usb_out_chars>:
10004a44:	b5f8      	push	{r3, r4, r5, r6, r7, lr}
10004a46:	46de      	mov	lr, fp
10004a48:	4657      	mov	r7, sl
10004a4a:	b580      	push	{r7, lr}
10004a4c:	0005      	movs	r5, r0
10004a4e:	000c      	movs	r4, r1
10004a50:	f7fd f840 	bl	10001ad4 <time_us_64>
10004a54:	2300      	movs	r3, #0
10004a56:	4a36      	ldr	r2, [pc, #216]	; (10004b30 <stdio_usb_out_chars+0xec>)
10004a58:	1812      	adds	r2, r2, r0
10004a5a:	414b      	adcs	r3, r1
10004a5c:	2b00      	cmp	r3, #0
10004a5e:	db5a      	blt.n	10004b16 <stdio_usb_out_chars+0xd2>
10004a60:	4934      	ldr	r1, [pc, #208]	; (10004b34 <stdio_usb_out_chars+0xf0>)
10004a62:	0008      	movs	r0, r1
10004a64:	468a      	mov	sl, r1
10004a66:	f002 f8ff 	bl	10006c68 <__mutex_try_enter_block_until_veneer>
10004a6a:	2800      	cmp	r0, #0
10004a6c:	d103      	bne.n	10004a76 <stdio_usb_out_chars+0x32>
10004a6e:	bcc0      	pop	{r6, r7}
10004a70:	46bb      	mov	fp, r7
10004a72:	46b2      	mov	sl, r6
10004a74:	bdf8      	pop	{r3, r4, r5, r6, r7, pc}
10004a76:	2000      	movs	r0, #0
10004a78:	f001 faf6 	bl	10006068 <tud_cdc_n_connected>
10004a7c:	2800      	cmp	r0, #0
10004a7e:	d04e      	beq.n	10004b1e <stdio_usb_out_chars+0xda>
10004a80:	2600      	movs	r6, #0
10004a82:	2c00      	cmp	r4, #0
10004a84:	dd43      	ble.n	10004b0e <stdio_usb_out_chars+0xca>
10004a86:	4b2c      	ldr	r3, [pc, #176]	; (10004b38 <stdio_usb_out_chars+0xf4>)
10004a88:	469b      	mov	fp, r3
10004a8a:	e014      	b.n	10004ab6 <stdio_usb_out_chars+0x72>
10004a8c:	19a9      	adds	r1, r5, r6
10004a8e:	2000      	movs	r0, #0
10004a90:	f001 fb92 	bl	100061b8 <tud_cdc_n_write>
10004a94:	0007      	movs	r7, r0
10004a96:	2001      	movs	r0, #1
10004a98:	2100      	movs	r1, #0
10004a9a:	4240      	negs	r0, r0
10004a9c:	f000 fd0e 	bl	100054bc <tud_task_ext>
10004aa0:	2000      	movs	r0, #0
10004aa2:	f001 fb4d 	bl	10006140 <tud_cdc_n_write_flush>
10004aa6:	f7fd f815 	bl	10001ad4 <time_us_64>
10004aaa:	4b23      	ldr	r3, [pc, #140]	; (10004b38 <stdio_usb_out_chars+0xf4>)
10004aac:	19f6      	adds	r6, r6, r7
10004aae:	6018      	str	r0, [r3, #0]
10004ab0:	6059      	str	r1, [r3, #4]
10004ab2:	42b4      	cmp	r4, r6
10004ab4:	dd2b      	ble.n	10004b0e <stdio_usb_out_chars+0xca>
10004ab6:	2000      	movs	r0, #0
10004ab8:	f001 fba0 	bl	100061fc <tud_cdc_n_write_available>
10004abc:	1ba7      	subs	r7, r4, r6
10004abe:	0002      	movs	r2, r0
10004ac0:	42b8      	cmp	r0, r7
10004ac2:	dd00      	ble.n	10004ac6 <stdio_usb_out_chars+0x82>
10004ac4:	003a      	movs	r2, r7
10004ac6:	2a00      	cmp	r2, #0
10004ac8:	d1e0      	bne.n	10004a8c <stdio_usb_out_chars+0x48>
10004aca:	2001      	movs	r0, #1
10004acc:	2100      	movs	r1, #0
10004ace:	4240      	negs	r0, r0
10004ad0:	f000 fcf4 	bl	100054bc <tud_task_ext>
10004ad4:	2000      	movs	r0, #0
10004ad6:	f001 fb33 	bl	10006140 <tud_cdc_n_write_flush>
10004ada:	2000      	movs	r0, #0
10004adc:	f001 fac4 	bl	10006068 <tud_cdc_n_connected>
10004ae0:	2800      	cmp	r0, #0
10004ae2:	d014      	beq.n	10004b0e <stdio_usb_out_chars+0xca>
10004ae4:	2000      	movs	r0, #0
10004ae6:	f001 fb89 	bl	100061fc <tud_cdc_n_write_available>
10004aea:	2800      	cmp	r0, #0
10004aec:	d1e1      	bne.n	10004ab2 <stdio_usb_out_chars+0x6e>
10004aee:	f7fc fff1 	bl	10001ad4 <time_us_64>
10004af2:	465b      	mov	r3, fp
10004af4:	000f      	movs	r7, r1
10004af6:	681a      	ldr	r2, [r3, #0]
10004af8:	685b      	ldr	r3, [r3, #4]
10004afa:	2100      	movs	r1, #0
10004afc:	4684      	mov	ip, r0
10004afe:	480f      	ldr	r0, [pc, #60]	; (10004b3c <stdio_usb_out_chars+0xf8>)
10004b00:	1812      	adds	r2, r2, r0
10004b02:	414b      	adcs	r3, r1
10004b04:	429f      	cmp	r7, r3
10004b06:	d802      	bhi.n	10004b0e <stdio_usb_out_chars+0xca>
10004b08:	d1d3      	bne.n	10004ab2 <stdio_usb_out_chars+0x6e>
10004b0a:	4594      	cmp	ip, r2
10004b0c:	d9d1      	bls.n	10004ab2 <stdio_usb_out_chars+0x6e>
10004b0e:	4650      	mov	r0, sl
10004b10:	f002 f8ea 	bl	10006ce8 <__mutex_exit_veneer>
10004b14:	e7ab      	b.n	10004a6e <stdio_usb_out_chars+0x2a>
10004b16:	2201      	movs	r2, #1
10004b18:	4b09      	ldr	r3, [pc, #36]	; (10004b40 <stdio_usb_out_chars+0xfc>)
10004b1a:	4252      	negs	r2, r2
10004b1c:	e7a0      	b.n	10004a60 <stdio_usb_out_chars+0x1c>
10004b1e:	2000      	movs	r0, #0
10004b20:	2100      	movs	r1, #0
10004b22:	4b05      	ldr	r3, [pc, #20]	; (10004b38 <stdio_usb_out_chars+0xf4>)
10004b24:	6018      	str	r0, [r3, #0]
10004b26:	6059      	str	r1, [r3, #4]
10004b28:	4650      	mov	r0, sl
10004b2a:	f002 f8dd 	bl	10006ce8 <__mutex_exit_veneer>
10004b2e:	e79e      	b.n	10004a6e <stdio_usb_out_chars+0x2a>
10004b30:	000f4240 	.word	0x000f4240
10004b34:	20001cbc 	.word	0x20001cbc
10004b38:	20001230 	.word	0x20001230
10004b3c:	0007a120 	.word	0x0007a120
10004b40:	7fffffff 	.word	0x7fffffff

10004b44 <low_priority_worker_irq>:
10004b44:	b530      	push	{r4, r5, lr}
10004b46:	4c2a      	ldr	r4, [pc, #168]	; (10004bf0 <low_priority_worker_irq+0xac>)
10004b48:	b085      	sub	sp, #20
10004b4a:	2100      	movs	r1, #0
10004b4c:	0020      	movs	r0, r4
10004b4e:	f002 f883 	bl	10006c58 <__mutex_try_enter_veneer>
10004b52:	2800      	cmp	r0, #0
10004b54:	d11c      	bne.n	10004b90 <low_priority_worker_irq+0x4c>
10004b56:	4b27      	ldr	r3, [pc, #156]	; (10004bf4 <low_priority_worker_irq+0xb0>)
10004b58:	681a      	ldr	r2, [r3, #0]
10004b5a:	2a00      	cmp	r2, #0
10004b5c:	d016      	beq.n	10004b8c <low_priority_worker_irq+0x48>
10004b5e:	f3ef 8110 	mrs	r1, PRIMASK
10004b62:	b672      	cpsid	i
10004b64:	6810      	ldr	r0, [r2, #0]
10004b66:	2800      	cmp	r0, #0
10004b68:	d0fc      	beq.n	10004b64 <low_priority_worker_irq+0x20>
10004b6a:	f3bf 8f5f 	dmb	sy
10004b6e:	2401      	movs	r4, #1
10004b70:	4821      	ldr	r0, [pc, #132]	; (10004bf8 <low_priority_worker_irq+0xb4>)
10004b72:	6059      	str	r1, [r3, #4]
10004b74:	7802      	ldrb	r2, [r0, #0]
10004b76:	681b      	ldr	r3, [r3, #0]
10004b78:	b2d2      	uxtb	r2, r2
10004b7a:	7004      	strb	r4, [r0, #0]
10004b7c:	f3bf 8f5f 	dmb	sy
10004b80:	2000      	movs	r0, #0
10004b82:	6018      	str	r0, [r3, #0]
10004b84:	f381 8810 	msr	PRIMASK, r1
10004b88:	2a00      	cmp	r2, #0
10004b8a:	d017      	beq.n	10004bbc <low_priority_worker_irq+0x78>
10004b8c:	b005      	add	sp, #20
10004b8e:	bd30      	pop	{r4, r5, pc}
10004b90:	2001      	movs	r0, #1
10004b92:	2100      	movs	r1, #0
10004b94:	4240      	negs	r0, r0
10004b96:	f000 fc91 	bl	100054bc <tud_task_ext>
10004b9a:	2000      	movs	r0, #0
10004b9c:	f001 fa7a 	bl	10006094 <tud_cdc_n_available>
10004ba0:	0005      	movs	r5, r0
10004ba2:	0020      	movs	r0, r4
10004ba4:	f002 f8a0 	bl	10006ce8 <__mutex_exit_veneer>
10004ba8:	2d00      	cmp	r5, #0
10004baa:	d0ef      	beq.n	10004b8c <low_priority_worker_irq+0x48>
10004bac:	4b13      	ldr	r3, [pc, #76]	; (10004bfc <low_priority_worker_irq+0xb8>)
10004bae:	681b      	ldr	r3, [r3, #0]
10004bb0:	2b00      	cmp	r3, #0
10004bb2:	d0eb      	beq.n	10004b8c <low_priority_worker_irq+0x48>
10004bb4:	4a12      	ldr	r2, [pc, #72]	; (10004c00 <low_priority_worker_irq+0xbc>)
10004bb6:	6810      	ldr	r0, [r2, #0]
10004bb8:	4798      	blx	r3
10004bba:	e7e7      	b.n	10004b8c <low_priority_worker_irq+0x48>
10004bbc:	f7fc fd68 	bl	10001690 <alarm_pool_get_default>
10004bc0:	0004      	movs	r4, r0
10004bc2:	f7fc ff87 	bl	10001ad4 <time_us_64>
10004bc6:	22fa      	movs	r2, #250	; 0xfa
10004bc8:	2300      	movs	r3, #0
10004bca:	0092      	lsls	r2, r2, #2
10004bcc:	1812      	adds	r2, r2, r0
10004bce:	414b      	adcs	r3, r1
10004bd0:	2b00      	cmp	r3, #0
10004bd2:	db09      	blt.n	10004be8 <low_priority_worker_irq+0xa4>
10004bd4:	2101      	movs	r1, #1
10004bd6:	9102      	str	r1, [sp, #8]
10004bd8:	2100      	movs	r1, #0
10004bda:	9101      	str	r1, [sp, #4]
10004bdc:	4909      	ldr	r1, [pc, #36]	; (10004c04 <low_priority_worker_irq+0xc0>)
10004bde:	0020      	movs	r0, r4
10004be0:	9100      	str	r1, [sp, #0]
10004be2:	f7fc fd59 	bl	10001698 <alarm_pool_add_alarm_at>
10004be6:	e7d1      	b.n	10004b8c <low_priority_worker_irq+0x48>
10004be8:	2201      	movs	r2, #1
10004bea:	4b07      	ldr	r3, [pc, #28]	; (10004c08 <low_priority_worker_irq+0xc4>)
10004bec:	4252      	negs	r2, r2
10004bee:	e7f1      	b.n	10004bd4 <low_priority_worker_irq+0x90>
10004bf0:	20001cbc 	.word	0x20001cbc
10004bf4:	20001c88 	.word	0x20001c88
10004bf8:	20001cdc 	.word	0x20001cdc
10004bfc:	2000180c 	.word	0x2000180c
10004c00:	20001810 	.word	0x20001810
10004c04:	10004901 	.word	0x10004901
10004c08:	7fffffff 	.word	0x7fffffff

10004c0c <stdio_usb_init>:
10004c0c:	23d0      	movs	r3, #208	; 0xd0
10004c0e:	b510      	push	{r4, lr}
10004c10:	061b      	lsls	r3, r3, #24
10004c12:	b084      	sub	sp, #16
10004c14:	681c      	ldr	r4, [r3, #0]
10004c16:	f7fc fd3b 	bl	10001690 <alarm_pool_get_default>
10004c1a:	f7fc fe37 	bl	1000188c <alarm_pool_core_num>
10004c1e:	42a0      	cmp	r0, r4
10004c20:	d002      	beq.n	10004c28 <stdio_usb_init+0x1c>
10004c22:	2000      	movs	r0, #0
10004c24:	b004      	add	sp, #16
10004c26:	bd10      	pop	{r4, pc}
10004c28:	4b29      	ldr	r3, [pc, #164]	; (10004cd0 <stdio_usb_init+0xc4>)
10004c2a:	2100      	movs	r1, #0
10004c2c:	2000      	movs	r0, #0
10004c2e:	781b      	ldrb	r3, [r3, #0]
10004c30:	f001 fca6 	bl	10006580 <tusb_rhport_init>
10004c34:	4827      	ldr	r0, [pc, #156]	; (10004cd4 <stdio_usb_init+0xc8>)
10004c36:	6803      	ldr	r3, [r0, #0]
10004c38:	2b00      	cmp	r3, #0
10004c3a:	d041      	beq.n	10004cc0 <stdio_usb_init+0xb4>
10004c3c:	2001      	movs	r0, #1
10004c3e:	f7fc faad 	bl	1000119c <user_irq_claim_unused>
10004c42:	23ff      	movs	r3, #255	; 0xff
10004c44:	4c24      	ldr	r4, [pc, #144]	; (10004cd8 <stdio_usb_init+0xcc>)
10004c46:	4925      	ldr	r1, [pc, #148]	; (10004cdc <stdio_usb_init+0xd0>)
10004c48:	7020      	strb	r0, [r4, #0]
10004c4a:	4018      	ands	r0, r3
10004c4c:	f7fc f85c 	bl	10000d08 <irq_set_exclusive_handler>
10004c50:	7820      	ldrb	r0, [r4, #0]
10004c52:	2101      	movs	r1, #1
10004c54:	f7fc f820 	bl	10000c98 <irq_set_enabled>
10004c58:	2005      	movs	r0, #5
10004c5a:	f7fc f843 	bl	10000ce4 <irq_has_shared_handler>
10004c5e:	2800      	cmp	r0, #0
10004c60:	d121      	bne.n	10004ca6 <stdio_usb_init+0x9a>
10004c62:	2208      	movs	r2, #8
10004c64:	2100      	movs	r1, #0
10004c66:	481e      	ldr	r0, [pc, #120]	; (10004ce0 <stdio_usb_init+0xd4>)
10004c68:	f7fe f920 	bl	10002eac <__wrap_memset>
10004c6c:	f7fc fd10 	bl	10001690 <alarm_pool_get_default>
10004c70:	0004      	movs	r4, r0
10004c72:	f7fc ff2f 	bl	10001ad4 <time_us_64>
10004c76:	22fa      	movs	r2, #250	; 0xfa
10004c78:	2300      	movs	r3, #0
10004c7a:	0092      	lsls	r2, r2, #2
10004c7c:	1812      	adds	r2, r2, r0
10004c7e:	414b      	adcs	r3, r1
10004c80:	2b00      	cmp	r3, #0
10004c82:	db20      	blt.n	10004cc6 <stdio_usb_init+0xba>
10004c84:	2101      	movs	r1, #1
10004c86:	9102      	str	r1, [sp, #8]
10004c88:	2100      	movs	r1, #0
10004c8a:	9101      	str	r1, [sp, #4]
10004c8c:	4915      	ldr	r1, [pc, #84]	; (10004ce4 <stdio_usb_init+0xd8>)
10004c8e:	0020      	movs	r0, r4
10004c90:	9100      	str	r1, [sp, #0]
10004c92:	f7fc fd01 	bl	10001698 <alarm_pool_add_alarm_at>
10004c96:	2800      	cmp	r0, #0
10004c98:	dbc3      	blt.n	10004c22 <stdio_usb_init+0x16>
10004c9a:	4813      	ldr	r0, [pc, #76]	; (10004ce8 <stdio_usb_init+0xdc>)
10004c9c:	2101      	movs	r1, #1
10004c9e:	f7ff fd1f 	bl	100046e0 <stdio_set_driver_enabled>
10004ca2:	2001      	movs	r0, #1
10004ca4:	e7be      	b.n	10004c24 <stdio_usb_init+0x18>
10004ca6:	2001      	movs	r0, #1
10004ca8:	f7fb ffc6 	bl	10000c38 <spin_lock_claim_unused>
10004cac:	0001      	movs	r1, r0
10004cae:	480c      	ldr	r0, [pc, #48]	; (10004ce0 <stdio_usb_init+0xd4>)
10004cb0:	f7fc fada 	bl	10001268 <critical_section_init_with_lock_num>
10004cb4:	2200      	movs	r2, #0
10004cb6:	2005      	movs	r0, #5
10004cb8:	490c      	ldr	r1, [pc, #48]	; (10004cec <stdio_usb_init+0xe0>)
10004cba:	f7fc f84f 	bl	10000d5c <irq_add_shared_handler>
10004cbe:	e7ec      	b.n	10004c9a <stdio_usb_init+0x8e>
10004cc0:	f7fc fab4 	bl	1000122c <mutex_init>
10004cc4:	e7ba      	b.n	10004c3c <stdio_usb_init+0x30>
10004cc6:	2201      	movs	r2, #1
10004cc8:	4b09      	ldr	r3, [pc, #36]	; (10004cf0 <stdio_usb_init+0xe4>)
10004cca:	4252      	negs	r2, r2
10004ccc:	e7da      	b.n	10004c84 <stdio_usb_init+0x78>
10004cce:	46c0      	nop			; (mov r8, r8)
10004cd0:	100073cc 	.word	0x100073cc
10004cd4:	20001cbc 	.word	0x20001cbc
10004cd8:	20001cdb 	.word	0x20001cdb
10004cdc:	10004b45 	.word	0x10004b45
10004ce0:	20001c88 	.word	0x20001c88
10004ce4:	10004901 	.word	0x10004901
10004ce8:	20001070 	.word	0x20001070
10004cec:	100048f1 	.word	0x100048f1
10004cf0:	7fffffff 	.word	0x7fffffff

10004cf4 <tud_descriptor_device_cb>:
10004cf4:	4800      	ldr	r0, [pc, #0]	; (10004cf8 <tud_descriptor_device_cb+0x4>)
10004cf6:	4770      	bx	lr
10004cf8:	10007174 	.word	0x10007174

10004cfc <tud_descriptor_configuration_cb>:
10004cfc:	4800      	ldr	r0, [pc, #0]	; (10004d00 <tud_descriptor_configuration_cb+0x4>)
10004cfe:	4770      	bx	lr
10004d00:	10007120 	.word	0x10007120

10004d04 <tud_descriptor_string_cb>:
10004d04:	b570      	push	{r4, r5, r6, lr}
10004d06:	0004      	movs	r4, r0
10004d08:	4817      	ldr	r0, [pc, #92]	; (10004d68 <tud_descriptor_string_cb+0x64>)
10004d0a:	7803      	ldrb	r3, [r0, #0]
10004d0c:	2b00      	cmp	r3, #0
10004d0e:	d021      	beq.n	10004d54 <tud_descriptor_string_cb+0x50>
10004d10:	2c00      	cmp	r4, #0
10004d12:	d106      	bne.n	10004d22 <tud_descriptor_string_cb+0x1e>
10004d14:	24c1      	movs	r4, #193	; 0xc1
10004d16:	4815      	ldr	r0, [pc, #84]	; (10004d6c <tud_descriptor_string_cb+0x68>)
10004d18:	4b15      	ldr	r3, [pc, #84]	; (10004d70 <tud_descriptor_string_cb+0x6c>)
10004d1a:	00a4      	lsls	r4, r4, #2
10004d1c:	8043      	strh	r3, [r0, #2]
10004d1e:	8004      	strh	r4, [r0, #0]
10004d20:	bd70      	pop	{r4, r5, r6, pc}
10004d22:	2c05      	cmp	r4, #5
10004d24:	d81d      	bhi.n	10004d62 <tud_descriptor_string_cb+0x5e>
10004d26:	4b13      	ldr	r3, [pc, #76]	; (10004d74 <tud_descriptor_string_cb+0x70>)
10004d28:	4810      	ldr	r0, [pc, #64]	; (10004d6c <tud_descriptor_string_cb+0x68>)
10004d2a:	00a4      	lsls	r4, r4, #2
10004d2c:	58e5      	ldr	r5, [r4, r3]
10004d2e:	1c81      	adds	r1, r0, #2
10004d30:	2300      	movs	r3, #0
10004d32:	e004      	b.n	10004d3e <tud_descriptor_string_cb+0x3a>
10004d34:	3301      	adds	r3, #1
10004d36:	800a      	strh	r2, [r1, #0]
10004d38:	3102      	adds	r1, #2
10004d3a:	2b13      	cmp	r3, #19
10004d3c:	d00e      	beq.n	10004d5c <tud_descriptor_string_cb+0x58>
10004d3e:	5cea      	ldrb	r2, [r5, r3]
10004d40:	b2dc      	uxtb	r4, r3
10004d42:	2a00      	cmp	r2, #0
10004d44:	d1f6      	bne.n	10004d34 <tud_descriptor_string_cb+0x30>
10004d46:	23c0      	movs	r3, #192	; 0xc0
10004d48:	3401      	adds	r4, #1
10004d4a:	b2e4      	uxtb	r4, r4
10004d4c:	0064      	lsls	r4, r4, #1
10004d4e:	009b      	lsls	r3, r3, #2
10004d50:	431c      	orrs	r4, r3
10004d52:	e7e4      	b.n	10004d1e <tud_descriptor_string_cb+0x1a>
10004d54:	2111      	movs	r1, #17
10004d56:	f000 f817 	bl	10004d88 <pico_get_unique_board_id_string>
10004d5a:	e7d9      	b.n	10004d10 <tud_descriptor_string_cb+0xc>
10004d5c:	24ca      	movs	r4, #202	; 0xca
10004d5e:	00a4      	lsls	r4, r4, #2
10004d60:	e7dd      	b.n	10004d1e <tud_descriptor_string_cb+0x1a>
10004d62:	2000      	movs	r0, #0
10004d64:	e7dc      	b.n	10004d20 <tud_descriptor_string_cb+0x1c>
10004d66:	46c0      	nop			; (mov r8, r8)
10004d68:	20001cc4 	.word	0x20001cc4
10004d6c:	20001844 	.word	0x20001844
10004d70:	00000409 	.word	0x00000409
10004d74:	10007188 	.word	0x10007188

10004d78 <_retrieve_unique_id_on_boot>:
10004d78:	b510      	push	{r4, lr}
10004d7a:	4802      	ldr	r0, [pc, #8]	; (10004d84 <_retrieve_unique_id_on_boot+0xc>)
10004d7c:	f000 f8d8 	bl	10004f30 <flash_get_unique_id>
10004d80:	bd10      	pop	{r4, pc}
10004d82:	46c0      	nop			; (mov r8, r8)
10004d84:	20001ca8 	.word	0x20001ca8

10004d88 <pico_get_unique_board_id_string>:
10004d88:	b530      	push	{r4, r5, lr}
10004d8a:	1e4b      	subs	r3, r1, #1
10004d8c:	2901      	cmp	r1, #1
10004d8e:	d100      	bne.n	10004d92 <pico_get_unique_board_id_string+0xa>
10004d90:	e0a7      	b.n	10004ee2 <pico_get_unique_board_id_string+0x15a>
10004d92:	4a66      	ldr	r2, [pc, #408]	; (10004f2c <pico_get_unique_board_id_string+0x1a4>)
10004d94:	7811      	ldrb	r1, [r2, #0]
10004d96:	110d      	asrs	r5, r1, #4
10004d98:	002c      	movs	r4, r5
10004d9a:	3430      	adds	r4, #48	; 0x30
10004d9c:	299f      	cmp	r1, #159	; 0x9f
10004d9e:	d900      	bls.n	10004da2 <pico_get_unique_board_id_string+0x1a>
10004da0:	e0a2      	b.n	10004ee8 <pico_get_unique_board_id_string+0x160>
10004da2:	7004      	strb	r4, [r0, #0]
10004da4:	2b01      	cmp	r3, #1
10004da6:	d100      	bne.n	10004daa <pico_get_unique_board_id_string+0x22>
10004da8:	e0be      	b.n	10004f28 <pico_get_unique_board_id_string+0x1a0>
10004daa:	210f      	movs	r1, #15
10004dac:	7814      	ldrb	r4, [r2, #0]
10004dae:	4021      	ands	r1, r4
10004db0:	000c      	movs	r4, r1
10004db2:	3430      	adds	r4, #48	; 0x30
10004db4:	2909      	cmp	r1, #9
10004db6:	dd00      	ble.n	10004dba <pico_get_unique_board_id_string+0x32>
10004db8:	e098      	b.n	10004eec <pico_get_unique_board_id_string+0x164>
10004dba:	7044      	strb	r4, [r0, #1]
10004dbc:	2b02      	cmp	r3, #2
10004dbe:	d100      	bne.n	10004dc2 <pico_get_unique_board_id_string+0x3a>
10004dc0:	e0b2      	b.n	10004f28 <pico_get_unique_board_id_string+0x1a0>
10004dc2:	7854      	ldrb	r4, [r2, #1]
10004dc4:	1125      	asrs	r5, r4, #4
10004dc6:	0029      	movs	r1, r5
10004dc8:	3130      	adds	r1, #48	; 0x30
10004dca:	2c9f      	cmp	r4, #159	; 0x9f
10004dcc:	d900      	bls.n	10004dd0 <pico_get_unique_board_id_string+0x48>
10004dce:	e090      	b.n	10004ef2 <pico_get_unique_board_id_string+0x16a>
10004dd0:	7081      	strb	r1, [r0, #2]
10004dd2:	2b03      	cmp	r3, #3
10004dd4:	d100      	bne.n	10004dd8 <pico_get_unique_board_id_string+0x50>
10004dd6:	e0a7      	b.n	10004f28 <pico_get_unique_board_id_string+0x1a0>
10004dd8:	210f      	movs	r1, #15
10004dda:	4021      	ands	r1, r4
10004ddc:	000c      	movs	r4, r1
10004dde:	3430      	adds	r4, #48	; 0x30
10004de0:	2909      	cmp	r1, #9
10004de2:	dd00      	ble.n	10004de6 <pico_get_unique_board_id_string+0x5e>
10004de4:	e087      	b.n	10004ef6 <pico_get_unique_board_id_string+0x16e>
10004de6:	70c4      	strb	r4, [r0, #3]
10004de8:	2b04      	cmp	r3, #4
10004dea:	d100      	bne.n	10004dee <pico_get_unique_board_id_string+0x66>
10004dec:	e09c      	b.n	10004f28 <pico_get_unique_board_id_string+0x1a0>
10004dee:	7894      	ldrb	r4, [r2, #2]
10004df0:	1125      	asrs	r5, r4, #4
10004df2:	0029      	movs	r1, r5
10004df4:	3130      	adds	r1, #48	; 0x30
10004df6:	2c9f      	cmp	r4, #159	; 0x9f
10004df8:	d900      	bls.n	10004dfc <pico_get_unique_board_id_string+0x74>
10004dfa:	e07f      	b.n	10004efc <pico_get_unique_board_id_string+0x174>
10004dfc:	7101      	strb	r1, [r0, #4]
10004dfe:	2b05      	cmp	r3, #5
10004e00:	d100      	bne.n	10004e04 <pico_get_unique_board_id_string+0x7c>
10004e02:	e091      	b.n	10004f28 <pico_get_unique_board_id_string+0x1a0>
10004e04:	210f      	movs	r1, #15
10004e06:	4021      	ands	r1, r4
10004e08:	000c      	movs	r4, r1
10004e0a:	3430      	adds	r4, #48	; 0x30
10004e0c:	2909      	cmp	r1, #9
10004e0e:	dd00      	ble.n	10004e12 <pico_get_unique_board_id_string+0x8a>
10004e10:	e076      	b.n	10004f00 <pico_get_unique_board_id_string+0x178>
10004e12:	7144      	strb	r4, [r0, #5]
10004e14:	2b06      	cmp	r3, #6
10004e16:	d100      	bne.n	10004e1a <pico_get_unique_board_id_string+0x92>
10004e18:	e086      	b.n	10004f28 <pico_get_unique_board_id_string+0x1a0>
10004e1a:	78d4      	ldrb	r4, [r2, #3]
10004e1c:	1125      	asrs	r5, r4, #4
10004e1e:	0029      	movs	r1, r5
10004e20:	3130      	adds	r1, #48	; 0x30
10004e22:	2c9f      	cmp	r4, #159	; 0x9f
10004e24:	d900      	bls.n	10004e28 <pico_get_unique_board_id_string+0xa0>
10004e26:	e06e      	b.n	10004f06 <pico_get_unique_board_id_string+0x17e>
10004e28:	7181      	strb	r1, [r0, #6]
10004e2a:	2b07      	cmp	r3, #7
10004e2c:	d100      	bne.n	10004e30 <pico_get_unique_board_id_string+0xa8>
10004e2e:	e07b      	b.n	10004f28 <pico_get_unique_board_id_string+0x1a0>
10004e30:	210f      	movs	r1, #15
10004e32:	4021      	ands	r1, r4
10004e34:	000c      	movs	r4, r1
10004e36:	3430      	adds	r4, #48	; 0x30
10004e38:	2909      	cmp	r1, #9
10004e3a:	dc66      	bgt.n	10004f0a <pico_get_unique_board_id_string+0x182>
10004e3c:	71c4      	strb	r4, [r0, #7]
10004e3e:	2b08      	cmp	r3, #8
10004e40:	d100      	bne.n	10004e44 <pico_get_unique_board_id_string+0xbc>
10004e42:	e071      	b.n	10004f28 <pico_get_unique_board_id_string+0x1a0>
10004e44:	7914      	ldrb	r4, [r2, #4]
10004e46:	1125      	asrs	r5, r4, #4
10004e48:	0029      	movs	r1, r5
10004e4a:	3130      	adds	r1, #48	; 0x30
10004e4c:	2c9f      	cmp	r4, #159	; 0x9f
10004e4e:	d85f      	bhi.n	10004f10 <pico_get_unique_board_id_string+0x188>
10004e50:	7201      	strb	r1, [r0, #8]
10004e52:	2b09      	cmp	r3, #9
10004e54:	d068      	beq.n	10004f28 <pico_get_unique_board_id_string+0x1a0>
10004e56:	210f      	movs	r1, #15
10004e58:	4021      	ands	r1, r4
10004e5a:	000c      	movs	r4, r1
10004e5c:	3430      	adds	r4, #48	; 0x30
10004e5e:	2909      	cmp	r1, #9
10004e60:	dc58      	bgt.n	10004f14 <pico_get_unique_board_id_string+0x18c>
10004e62:	7244      	strb	r4, [r0, #9]
10004e64:	2b0a      	cmp	r3, #10
10004e66:	d05f      	beq.n	10004f28 <pico_get_unique_board_id_string+0x1a0>
10004e68:	7954      	ldrb	r4, [r2, #5]
10004e6a:	1125      	asrs	r5, r4, #4
10004e6c:	0029      	movs	r1, r5
10004e6e:	3130      	adds	r1, #48	; 0x30
10004e70:	2c9f      	cmp	r4, #159	; 0x9f
10004e72:	d852      	bhi.n	10004f1a <pico_get_unique_board_id_string+0x192>
10004e74:	7281      	strb	r1, [r0, #10]
10004e76:	2b0b      	cmp	r3, #11
10004e78:	d056      	beq.n	10004f28 <pico_get_unique_board_id_string+0x1a0>
10004e7a:	210f      	movs	r1, #15
10004e7c:	4021      	ands	r1, r4
10004e7e:	000c      	movs	r4, r1
10004e80:	3430      	adds	r4, #48	; 0x30
10004e82:	2909      	cmp	r1, #9
10004e84:	dc4b      	bgt.n	10004f1e <pico_get_unique_board_id_string+0x196>
10004e86:	72c4      	strb	r4, [r0, #11]
10004e88:	2b0c      	cmp	r3, #12
10004e8a:	d04d      	beq.n	10004f28 <pico_get_unique_board_id_string+0x1a0>
10004e8c:	7994      	ldrb	r4, [r2, #6]
10004e8e:	1125      	asrs	r5, r4, #4
10004e90:	0029      	movs	r1, r5
10004e92:	3130      	adds	r1, #48	; 0x30
10004e94:	2c9f      	cmp	r4, #159	; 0x9f
10004e96:	d900      	bls.n	10004e9a <pico_get_unique_board_id_string+0x112>
10004e98:	3107      	adds	r1, #7
10004e9a:	7301      	strb	r1, [r0, #12]
10004e9c:	2b0d      	cmp	r3, #13
10004e9e:	d043      	beq.n	10004f28 <pico_get_unique_board_id_string+0x1a0>
10004ea0:	210f      	movs	r1, #15
10004ea2:	4021      	ands	r1, r4
10004ea4:	000c      	movs	r4, r1
10004ea6:	3430      	adds	r4, #48	; 0x30
10004ea8:	2909      	cmp	r1, #9
10004eaa:	dd01      	ble.n	10004eb0 <pico_get_unique_board_id_string+0x128>
10004eac:	3137      	adds	r1, #55	; 0x37
10004eae:	000c      	movs	r4, r1
10004eb0:	7344      	strb	r4, [r0, #13]
10004eb2:	2b0e      	cmp	r3, #14
10004eb4:	d038      	beq.n	10004f28 <pico_get_unique_board_id_string+0x1a0>
10004eb6:	79d1      	ldrb	r1, [r2, #7]
10004eb8:	110c      	asrs	r4, r1, #4
10004eba:	0022      	movs	r2, r4
10004ebc:	3230      	adds	r2, #48	; 0x30
10004ebe:	299f      	cmp	r1, #159	; 0x9f
10004ec0:	d900      	bls.n	10004ec4 <pico_get_unique_board_id_string+0x13c>
10004ec2:	3207      	adds	r2, #7
10004ec4:	7382      	strb	r2, [r0, #14]
10004ec6:	2b0f      	cmp	r3, #15
10004ec8:	d02e      	beq.n	10004f28 <pico_get_unique_board_id_string+0x1a0>
10004eca:	220f      	movs	r2, #15
10004ecc:	400a      	ands	r2, r1
10004ece:	0011      	movs	r1, r2
10004ed0:	3137      	adds	r1, #55	; 0x37
10004ed2:	2a09      	cmp	r2, #9
10004ed4:	dc01      	bgt.n	10004eda <pico_get_unique_board_id_string+0x152>
10004ed6:	3230      	adds	r2, #48	; 0x30
10004ed8:	0011      	movs	r1, r2
10004eda:	73c1      	strb	r1, [r0, #15]
10004edc:	2b10      	cmp	r3, #16
10004ede:	d023      	beq.n	10004f28 <pico_get_unique_board_id_string+0x1a0>
10004ee0:	3010      	adds	r0, #16
10004ee2:	2300      	movs	r3, #0
10004ee4:	7003      	strb	r3, [r0, #0]
10004ee6:	bd30      	pop	{r4, r5, pc}
10004ee8:	3407      	adds	r4, #7
10004eea:	e75a      	b.n	10004da2 <pico_get_unique_board_id_string+0x1a>
10004eec:	3137      	adds	r1, #55	; 0x37
10004eee:	000c      	movs	r4, r1
10004ef0:	e763      	b.n	10004dba <pico_get_unique_board_id_string+0x32>
10004ef2:	3107      	adds	r1, #7
10004ef4:	e76c      	b.n	10004dd0 <pico_get_unique_board_id_string+0x48>
10004ef6:	3137      	adds	r1, #55	; 0x37
10004ef8:	000c      	movs	r4, r1
10004efa:	e774      	b.n	10004de6 <pico_get_unique_board_id_string+0x5e>
10004efc:	3107      	adds	r1, #7
10004efe:	e77d      	b.n	10004dfc <pico_get_unique_board_id_string+0x74>
10004f00:	3137      	adds	r1, #55	; 0x37
10004f02:	000c      	movs	r4, r1
10004f04:	e785      	b.n	10004e12 <pico_get_unique_board_id_string+0x8a>
10004f06:	3107      	adds	r1, #7
10004f08:	e78e      	b.n	10004e28 <pico_get_unique_board_id_string+0xa0>
10004f0a:	3137      	adds	r1, #55	; 0x37
10004f0c:	000c      	movs	r4, r1
10004f0e:	e795      	b.n	10004e3c <pico_get_unique_board_id_string+0xb4>
10004f10:	3107      	adds	r1, #7
10004f12:	e79d      	b.n	10004e50 <pico_get_unique_board_id_string+0xc8>
10004f14:	3137      	adds	r1, #55	; 0x37
10004f16:	000c      	movs	r4, r1
10004f18:	e7a3      	b.n	10004e62 <pico_get_unique_board_id_string+0xda>
10004f1a:	3107      	adds	r1, #7
10004f1c:	e7aa      	b.n	10004e74 <pico_get_unique_board_id_string+0xec>
10004f1e:	3137      	adds	r1, #55	; 0x37
10004f20:	000c      	movs	r4, r1
10004f22:	72c4      	strb	r4, [r0, #11]
10004f24:	2b0c      	cmp	r3, #12
10004f26:	d1b1      	bne.n	10004e8c <pico_get_unique_board_id_string+0x104>
10004f28:	18c0      	adds	r0, r0, r3
10004f2a:	e7da      	b.n	10004ee2 <pico_get_unique_board_id_string+0x15a>
10004f2c:	20001ca8 	.word	0x20001ca8

10004f30 <flash_get_unique_id>:
10004f30:	b530      	push	{r4, r5, lr}
10004f32:	2500      	movs	r5, #0
10004f34:	b089      	sub	sp, #36	; 0x24
10004f36:	0004      	movs	r4, r0
10004f38:	2209      	movs	r2, #9
10004f3a:	2100      	movs	r1, #0
10004f3c:	a801      	add	r0, sp, #4
10004f3e:	9500      	str	r5, [sp, #0]
10004f40:	f7fd ffb4 	bl	10002eac <__wrap_memset>
10004f44:	2209      	movs	r2, #9
10004f46:	2100      	movs	r1, #0
10004f48:	a805      	add	r0, sp, #20
10004f4a:	9504      	str	r5, [sp, #16]
10004f4c:	f7fd ffae 	bl	10002eac <__wrap_memset>
10004f50:	466a      	mov	r2, sp
10004f52:	234b      	movs	r3, #75	; 0x4b
10004f54:	4668      	mov	r0, sp
10004f56:	7013      	strb	r3, [r2, #0]
10004f58:	a904      	add	r1, sp, #16
10004f5a:	2300      	movs	r3, #0
10004f5c:	220d      	movs	r2, #13
10004f5e:	f001 feb3 	bl	10006cc8 <__flash_do_cmd_cs_veneer>
10004f62:	2115      	movs	r1, #21
10004f64:	2208      	movs	r2, #8
10004f66:	0020      	movs	r0, r4
10004f68:	4469      	add	r1, sp
10004f6a:	f7fd ffa5 	bl	10002eb8 <__wrap___aeabi_memcpy>
10004f6e:	b009      	add	sp, #36	; 0x24
10004f70:	bd30      	pop	{r4, r5, pc}
10004f72:	46c0      	nop			; (mov r8, r8)

10004f74 <usb_reset_interface_init>:
10004f74:	4770      	bx	lr
10004f76:	46c0      	nop			; (mov r8, r8)

10004f78 <usb_reset_interface_reset>:
10004f78:	2200      	movs	r2, #0
10004f7a:	4b01      	ldr	r3, [pc, #4]	; (10004f80 <usb_reset_interface_reset+0x8>)
10004f7c:	701a      	strb	r2, [r3, #0]
10004f7e:	4770      	bx	lr
10004f80:	20001cda 	.word	0x20001cda

10004f84 <usb_reset_interface_open>:
10004f84:	794b      	ldrb	r3, [r1, #5]
10004f86:	2000      	movs	r0, #0
10004f88:	2bff      	cmp	r3, #255	; 0xff
10004f8a:	d10b      	bne.n	10004fa4 <usb_reset_interface_open+0x20>
10004f8c:	798b      	ldrb	r3, [r1, #6]
10004f8e:	2b00      	cmp	r3, #0
10004f90:	d108      	bne.n	10004fa4 <usb_reset_interface_open+0x20>
10004f92:	79cb      	ldrb	r3, [r1, #7]
10004f94:	2b01      	cmp	r3, #1
10004f96:	d105      	bne.n	10004fa4 <usb_reset_interface_open+0x20>
10004f98:	2a08      	cmp	r2, #8
10004f9a:	d903      	bls.n	10004fa4 <usb_reset_interface_open+0x20>
10004f9c:	788a      	ldrb	r2, [r1, #2]
10004f9e:	4b02      	ldr	r3, [pc, #8]	; (10004fa8 <usb_reset_interface_open+0x24>)
10004fa0:	3009      	adds	r0, #9
10004fa2:	701a      	strb	r2, [r3, #0]
10004fa4:	4770      	bx	lr
10004fa6:	46c0      	nop			; (mov r8, r8)
10004fa8:	20001cda 	.word	0x20001cda

10004fac <usb_reset_interface_xfer_cb>:
10004fac:	2001      	movs	r0, #1
10004fae:	4770      	bx	lr

10004fb0 <usb_reset_interface_control_xfer_cb>:
10004fb0:	b510      	push	{r4, lr}
10004fb2:	2901      	cmp	r1, #1
10004fb4:	d109      	bne.n	10004fca <usb_reset_interface_control_xfer_cb+0x1a>
10004fb6:	4916      	ldr	r1, [pc, #88]	; (10005010 <usb_reset_interface_control_xfer_cb+0x60>)
10004fb8:	7953      	ldrb	r3, [r2, #5]
10004fba:	7910      	ldrb	r0, [r2, #4]
10004fbc:	7809      	ldrb	r1, [r1, #0]
10004fbe:	021b      	lsls	r3, r3, #8
10004fc0:	4303      	orrs	r3, r0
10004fc2:	2000      	movs	r0, #0
10004fc4:	4299      	cmp	r1, r3
10004fc6:	d002      	beq.n	10004fce <usb_reset_interface_control_xfer_cb+0x1e>
10004fc8:	bd10      	pop	{r4, pc}
10004fca:	2001      	movs	r0, #1
10004fcc:	e7fc      	b.n	10004fc8 <usb_reset_interface_control_xfer_cb+0x18>
10004fce:	7853      	ldrb	r3, [r2, #1]
10004fd0:	2b01      	cmp	r3, #1
10004fd2:	d008      	beq.n	10004fe6 <usb_reset_interface_control_xfer_cb+0x36>
10004fd4:	2b02      	cmp	r3, #2
10004fd6:	d1f7      	bne.n	10004fc8 <usb_reset_interface_control_xfer_cb+0x18>
10004fd8:	2000      	movs	r0, #0
10004fda:	2264      	movs	r2, #100	; 0x64
10004fdc:	2100      	movs	r1, #0
10004fde:	f7fc fed7 	bl	10001d90 <watchdog_reboot>
10004fe2:	2001      	movs	r0, #1
10004fe4:	e7f0      	b.n	10004fc8 <usb_reset_interface_control_xfer_cb+0x18>
10004fe6:	78d1      	ldrb	r1, [r2, #3]
10004fe8:	7890      	ldrb	r0, [r2, #2]
10004fea:	0209      	lsls	r1, r1, #8
10004fec:	4301      	orrs	r1, r0
10004fee:	2080      	movs	r0, #128	; 0x80
10004ff0:	000a      	movs	r2, r1
10004ff2:	0040      	lsls	r0, r0, #1
10004ff4:	4002      	ands	r2, r0
10004ff6:	4201      	tst	r1, r0
10004ff8:	d006      	beq.n	10005008 <usb_reset_interface_control_xfer_cb+0x58>
10004ffa:	09ca      	lsrs	r2, r1, #7
10004ffc:	401a      	ands	r2, r3
10004ffe:	0a48      	lsrs	r0, r1, #9
10005000:	2303      	movs	r3, #3
10005002:	4019      	ands	r1, r3
10005004:	f7fc ff4a 	bl	10001e9c <rom_reset_usb_boot_extra>
10005008:	2001      	movs	r0, #1
1000500a:	4240      	negs	r0, r0
1000500c:	e7f8      	b.n	10005000 <usb_reset_interface_control_xfer_cb+0x50>
1000500e:	46c0      	nop			; (mov r8, r8)
10005010:	20001cda 	.word	0x20001cda

10005014 <tud_descriptor_bos_cb>:
10005014:	4800      	ldr	r0, [pc, #0]	; (10005018 <tud_descriptor_bos_cb+0x4>)
10005016:	4770      	bx	lr
10005018:	100071a0 	.word	0x100071a0

1000501c <tud_vendor_control_xfer_cb>:
1000501c:	b570      	push	{r4, r5, r6, lr}
1000501e:	0005      	movs	r5, r0
10005020:	0014      	movs	r4, r2
10005022:	2001      	movs	r0, #1
10005024:	2901      	cmp	r1, #1
10005026:	d109      	bne.n	1000503c <tud_vendor_control_xfer_cb+0x20>
10005028:	7853      	ldrb	r3, [r2, #1]
1000502a:	2000      	movs	r0, #0
1000502c:	2b01      	cmp	r3, #1
1000502e:	d105      	bne.n	1000503c <tud_vendor_control_xfer_cb+0x20>
10005030:	7963      	ldrb	r3, [r4, #5]
10005032:	7912      	ldrb	r2, [r2, #4]
10005034:	021b      	lsls	r3, r3, #8
10005036:	4313      	orrs	r3, r2
10005038:	2b07      	cmp	r3, #7
1000503a:	d000      	beq.n	1000503e <tud_vendor_control_xfer_cb+0x22>
1000503c:	bd70      	pop	{r4, r5, r6, pc}
1000503e:	0021      	movs	r1, r4
10005040:	0028      	movs	r0, r5
10005042:	4a02      	ldr	r2, [pc, #8]	; (1000504c <tud_vendor_control_xfer_cb+0x30>)
10005044:	339f      	adds	r3, #159	; 0x9f
10005046:	f000 fee5 	bl	10005e14 <tud_control_xfer>
1000504a:	e7f7      	b.n	1000503c <tud_vendor_control_xfer_cb+0x20>
1000504c:	100071c4 	.word	0x100071c4

10005050 <usbd_app_driver_get_cb>:
10005050:	2301      	movs	r3, #1
10005052:	7003      	strb	r3, [r0, #0]
10005054:	4800      	ldr	r0, [pc, #0]	; (10005058 <usbd_app_driver_get_cb+0x8>)
10005056:	4770      	bx	lr
10005058:	1000726c 	.word	0x1000726c

1000505c <tud_cdc_line_coding_cb>:
1000505c:	7848      	ldrb	r0, [r1, #1]
1000505e:	780b      	ldrb	r3, [r1, #0]
10005060:	788a      	ldrb	r2, [r1, #2]
10005062:	0200      	lsls	r0, r0, #8
10005064:	4318      	orrs	r0, r3
10005066:	0412      	lsls	r2, r2, #16
10005068:	4310      	orrs	r0, r2
1000506a:	2296      	movs	r2, #150	; 0x96
1000506c:	78cb      	ldrb	r3, [r1, #3]
1000506e:	b510      	push	{r4, lr}
10005070:	061b      	lsls	r3, r3, #24
10005072:	4303      	orrs	r3, r0
10005074:	00d2      	lsls	r2, r2, #3
10005076:	4293      	cmp	r3, r2
10005078:	d000      	beq.n	1000507c <tud_cdc_line_coding_cb+0x20>
1000507a:	bd10      	pop	{r4, pc}
1000507c:	2200      	movs	r2, #0
1000507e:	2001      	movs	r0, #1
10005080:	0011      	movs	r1, r2
10005082:	4240      	negs	r0, r0
10005084:	f7fc ff0a 	bl	10001e9c <rom_reset_usb_boot_extra>

10005088 <dcd_init>:
10005088:	b5f8      	push	{r3, r4, r5, r6, r7, lr}
1000508a:	f000 f937 	bl	100052fc <rp2040_usb_init>
1000508e:	230c      	movs	r3, #12
10005090:	4d19      	ldr	r5, [pc, #100]	; (100050f8 <dcd_init+0x70>)
10005092:	22ff      	movs	r2, #255	; 0xff
10005094:	67ab      	str	r3, [r5, #120]	; 0x78
10005096:	2005      	movs	r0, #5
10005098:	4918      	ldr	r1, [pc, #96]	; (100050fc <dcd_init+0x74>)
1000509a:	f7fb fe5f 	bl	10000d5c <irq_add_shared_handler>
1000509e:	4c18      	ldr	r4, [pc, #96]	; (10005100 <dcd_init+0x78>)
100050a0:	2240      	movs	r2, #64	; 0x40
100050a2:	2100      	movs	r1, #0
100050a4:	0020      	movs	r0, r4
100050a6:	f7fd ff01 	bl	10002eac <__wrap_memset>
100050aa:	2740      	movs	r7, #64	; 0x40
100050ac:	2300      	movs	r3, #0
100050ae:	2601      	movs	r6, #1
100050b0:	2121      	movs	r1, #33	; 0x21
100050b2:	4a14      	ldr	r2, [pc, #80]	; (10005104 <dcd_init+0x7c>)
100050b4:	7066      	strb	r6, [r4, #1]
100050b6:	8327      	strh	r7, [r4, #24]
100050b8:	60a2      	str	r2, [r4, #8]
100050ba:	6013      	str	r3, [r2, #0]
100050bc:	5463      	strb	r3, [r4, r1]
100050be:	315f      	adds	r1, #95	; 0x5f
100050c0:	8461      	strh	r1, [r4, #34]	; 0x22
100050c2:	3945      	subs	r1, #69	; 0x45
100050c4:	5463      	strb	r3, [r4, r1]
100050c6:	4a10      	ldr	r2, [pc, #64]	; (10005108 <dcd_init+0x80>)
100050c8:	4910      	ldr	r1, [pc, #64]	; (1000510c <dcd_init+0x84>)
100050ca:	6063      	str	r3, [r4, #4]
100050cc:	60e2      	str	r2, [r4, #12]
100050ce:	8727      	strh	r7, [r4, #56]	; 0x38
100050d0:	62a1      	str	r1, [r4, #40]	; 0x28
100050d2:	600b      	str	r3, [r1, #0]
100050d4:	6263      	str	r3, [r4, #36]	; 0x24
100050d6:	62e2      	str	r2, [r4, #44]	; 0x2c
100050d8:	f001 fe0e 	bl	10006cf8 <__reset_non_control_endpoints_veneer>
100050dc:	2380      	movs	r3, #128	; 0x80
100050de:	059b      	lsls	r3, r3, #22
100050e0:	642e      	str	r6, [r5, #64]	; 0x40
100050e2:	64eb      	str	r3, [r5, #76]	; 0x4c
100050e4:	2390      	movs	r3, #144	; 0x90
100050e6:	4a0a      	ldr	r2, [pc, #40]	; (10005110 <dcd_init+0x88>)
100050e8:	2001      	movs	r0, #1
100050ea:	50ea      	str	r2, [r5, r3]
100050ec:	2280      	movs	r2, #128	; 0x80
100050ee:	4b09      	ldr	r3, [pc, #36]	; (10005114 <dcd_init+0x8c>)
100050f0:	0252      	lsls	r2, r2, #9
100050f2:	64da      	str	r2, [r3, #76]	; 0x4c
100050f4:	bdf8      	pop	{r3, r4, r5, r6, r7, pc}
100050f6:	46c0      	nop			; (mov r8, r8)
100050f8:	50110000 	.word	0x50110000
100050fc:	200004f9 	.word	0x200004f9
10005100:	20001878 	.word	0x20001878
10005104:	50100084 	.word	0x50100084
10005108:	50100100 	.word	0x50100100
1000510c:	50100080 	.word	0x50100080
10005110:	0001d010 	.word	0x0001d010
10005114:	50112000 	.word	0x50112000

10005118 <dcd_int_enable>:
10005118:	b510      	push	{r4, lr}
1000511a:	2101      	movs	r1, #1
1000511c:	2005      	movs	r0, #5
1000511e:	f7fb fdbb 	bl	10000c98 <irq_set_enabled>
10005122:	bd10      	pop	{r4, pc}

10005124 <dcd_set_address>:
10005124:	b510      	push	{r4, lr}
10005126:	2200      	movs	r2, #0
10005128:	2100      	movs	r1, #0
1000512a:	4802      	ldr	r0, [pc, #8]	; (10005134 <dcd_set_address+0x10>)
1000512c:	f000 f906 	bl	1000533c <hw_endpoint_xfer_start>
10005130:	bd10      	pop	{r4, pc}
10005132:	46c0      	nop			; (mov r8, r8)
10005134:	20001898 	.word	0x20001898

10005138 <dcd_sof_enable>:
10005138:	4b04      	ldr	r3, [pc, #16]	; (1000514c <dcd_sof_enable+0x14>)
1000513a:	7019      	strb	r1, [r3, #0]
1000513c:	2900      	cmp	r1, #0
1000513e:	d004      	beq.n	1000514a <dcd_sof_enable+0x12>
10005140:	2180      	movs	r1, #128	; 0x80
10005142:	2390      	movs	r3, #144	; 0x90
10005144:	4a02      	ldr	r2, [pc, #8]	; (10005150 <dcd_sof_enable+0x18>)
10005146:	0289      	lsls	r1, r1, #10
10005148:	50d1      	str	r1, [r2, r3]
1000514a:	4770      	bx	lr
1000514c:	20001cd6 	.word	0x20001cd6
10005150:	50112000 	.word	0x50112000

10005154 <dcd_edpt0_status_complete>:
10005154:	780b      	ldrb	r3, [r1, #0]
10005156:	065b      	lsls	r3, r3, #25
10005158:	d102      	bne.n	10005160 <dcd_edpt0_status_complete+0xc>
1000515a:	784b      	ldrb	r3, [r1, #1]
1000515c:	2b05      	cmp	r3, #5
1000515e:	d000      	beq.n	10005162 <dcd_edpt0_status_complete+0xe>
10005160:	4770      	bx	lr
10005162:	788a      	ldrb	r2, [r1, #2]
10005164:	4b01      	ldr	r3, [pc, #4]	; (1000516c <dcd_edpt0_status_complete+0x18>)
10005166:	601a      	str	r2, [r3, #0]
10005168:	e7fa      	b.n	10005160 <dcd_edpt0_status_complete+0xc>
1000516a:	46c0      	nop			; (mov r8, r8)
1000516c:	50110000 	.word	0x50110000

10005170 <dcd_edpt_open>:
10005170:	b5f0      	push	{r4, r5, r6, r7, lr}
10005172:	46c6      	mov	lr, r8
10005174:	78cb      	ldrb	r3, [r1, #3]
10005176:	b500      	push	{lr}
10005178:	079b      	lsls	r3, r3, #30
1000517a:	0f9c      	lsrs	r4, r3, #30
1000517c:	0020      	movs	r0, r4
1000517e:	2c01      	cmp	r4, #1
10005180:	d056      	beq.n	10005230 <dcd_edpt_open+0xc0>
10005182:	788d      	ldrb	r5, [r1, #2]
10005184:	790e      	ldrb	r6, [r1, #4]
10005186:	794b      	ldrb	r3, [r1, #5]
10005188:	217f      	movs	r1, #127	; 0x7f
1000518a:	021b      	lsls	r3, r3, #8
1000518c:	4029      	ands	r1, r5
1000518e:	4333      	orrs	r3, r6
10005190:	004a      	lsls	r2, r1, #1
10005192:	09ee      	lsrs	r6, r5, #7
10005194:	4694      	mov	ip, r2
10005196:	4f2c      	ldr	r7, [pc, #176]	; (10005248 <dcd_edpt_open+0xd8>)
10005198:	1992      	adds	r2, r2, r6
1000519a:	0152      	lsls	r2, r2, #5
1000519c:	18ba      	adds	r2, r7, r2
1000519e:	7095      	strb	r5, [r2, #2]
100051a0:	2501      	movs	r5, #1
100051a2:	4075      	eors	r5, r6
100051a4:	7055      	strb	r5, [r2, #1]
100051a6:	2500      	movs	r5, #0
100051a8:	055b      	lsls	r3, r3, #21
100051aa:	0d5b      	lsrs	r3, r3, #21
100051ac:	70d5      	strb	r5, [r2, #3]
100051ae:	8313      	strh	r3, [r2, #24]
100051b0:	76d4      	strb	r4, [r2, #27]
100051b2:	00ca      	lsls	r2, r1, #3
100051b4:	2e01      	cmp	r6, #1
100051b6:	d02a      	beq.n	1000520e <dcd_edpt_open+0x9e>
100051b8:	4c24      	ldr	r4, [pc, #144]	; (1000524c <dcd_edpt_open+0xdc>)
100051ba:	46a0      	mov	r8, r4
100051bc:	018c      	lsls	r4, r1, #6
100051be:	4442      	add	r2, r8
100051c0:	193c      	adds	r4, r7, r4
100051c2:	60a2      	str	r2, [r4, #8]
100051c4:	6015      	str	r5, [r2, #0]
100051c6:	2900      	cmp	r1, #0
100051c8:	d02a      	beq.n	10005220 <dcd_edpt_open+0xb0>
100051ca:	4a21      	ldr	r2, [pc, #132]	; (10005250 <dcd_edpt_open+0xe0>)
100051cc:	00c9      	lsls	r1, r1, #3
100051ce:	4690      	mov	r8, r2
100051d0:	4441      	add	r1, r8
100051d2:	6061      	str	r1, [r4, #4]
100051d4:	223f      	movs	r2, #63	; 0x3f
100051d6:	333f      	adds	r3, #63	; 0x3f
100051d8:	4393      	bics	r3, r2
100051da:	2802      	cmp	r0, #2
100051dc:	d030      	beq.n	10005240 <dcd_edpt_open+0xd0>
100051de:	491d      	ldr	r1, [pc, #116]	; (10005254 <dcd_edpt_open+0xe4>)
100051e0:	4466      	add	r6, ip
100051e2:	680a      	ldr	r2, [r1, #0]
100051e4:	0176      	lsls	r6, r6, #5
100051e6:	18d3      	adds	r3, r2, r3
100051e8:	600b      	str	r3, [r1, #0]
100051ea:	491b      	ldr	r1, [pc, #108]	; (10005258 <dcd_edpt_open+0xe8>)
100051ec:	19bf      	adds	r7, r7, r6
100051ee:	60fa      	str	r2, [r7, #12]
100051f0:	428b      	cmp	r3, r1
100051f2:	d827      	bhi.n	10005244 <dcd_edpt_open+0xd4>
100051f4:	4b19      	ldr	r3, [pc, #100]	; (1000525c <dcd_edpt_open+0xec>)
100051f6:	0680      	lsls	r0, r0, #26
100051f8:	4053      	eors	r3, r2
100051fa:	4318      	orrs	r0, r3
100051fc:	2380      	movs	r3, #128	; 0x80
100051fe:	061b      	lsls	r3, r3, #24
10005200:	4303      	orrs	r3, r0
10005202:	2001      	movs	r0, #1
10005204:	687a      	ldr	r2, [r7, #4]
10005206:	6013      	str	r3, [r2, #0]
10005208:	bc80      	pop	{r7}
1000520a:	46b8      	mov	r8, r7
1000520c:	bdf0      	pop	{r4, r5, r6, r7, pc}
1000520e:	4c14      	ldr	r4, [pc, #80]	; (10005260 <dcd_edpt_open+0xf0>)
10005210:	46a0      	mov	r8, r4
10005212:	018c      	lsls	r4, r1, #6
10005214:	4442      	add	r2, r8
10005216:	193c      	adds	r4, r7, r4
10005218:	62a2      	str	r2, [r4, #40]	; 0x28
1000521a:	6015      	str	r5, [r2, #0]
1000521c:	2900      	cmp	r1, #0
1000521e:	d109      	bne.n	10005234 <dcd_edpt_open+0xc4>
10005220:	2300      	movs	r3, #0
10005222:	0176      	lsls	r6, r6, #5
10005224:	19bf      	adds	r7, r7, r6
10005226:	607b      	str	r3, [r7, #4]
10005228:	4b0e      	ldr	r3, [pc, #56]	; (10005264 <dcd_edpt_open+0xf4>)
1000522a:	2001      	movs	r0, #1
1000522c:	60fb      	str	r3, [r7, #12]
1000522e:	e7eb      	b.n	10005208 <dcd_edpt_open+0x98>
10005230:	2000      	movs	r0, #0
10005232:	e7e9      	b.n	10005208 <dcd_edpt_open+0x98>
10005234:	4a09      	ldr	r2, [pc, #36]	; (1000525c <dcd_edpt_open+0xec>)
10005236:	00c9      	lsls	r1, r1, #3
10005238:	4690      	mov	r8, r2
1000523a:	4441      	add	r1, r8
1000523c:	6261      	str	r1, [r4, #36]	; 0x24
1000523e:	e7c9      	b.n	100051d4 <dcd_edpt_open+0x64>
10005240:	005b      	lsls	r3, r3, #1
10005242:	e7cc      	b.n	100051de <dcd_edpt_open+0x6e>
10005244:	f7fc fe54 	bl	10001ef0 <hard_assertion_failure>
10005248:	20001878 	.word	0x20001878
1000524c:	50100084 	.word	0x50100084
10005250:	50100004 	.word	0x50100004
10005254:	20001c84 	.word	0x20001c84
10005258:	50100fff 	.word	0x50100fff
1000525c:	50100000 	.word	0x50100000
10005260:	50100080 	.word	0x50100080
10005264:	50100100 	.word	0x50100100

10005268 <dcd_edpt_close_all>:
10005268:	b510      	push	{r4, lr}
1000526a:	f001 fd45 	bl	10006cf8 <__reset_non_control_endpoints_veneer>
1000526e:	bd10      	pop	{r4, pc}

10005270 <dcd_edpt_xfer>:
10005270:	b510      	push	{r4, lr}
10005272:	207f      	movs	r0, #127	; 0x7f
10005274:	000c      	movs	r4, r1
10005276:	4020      	ands	r0, r4
10005278:	0040      	lsls	r0, r0, #1
1000527a:	09e4      	lsrs	r4, r4, #7
1000527c:	0011      	movs	r1, r2
1000527e:	1900      	adds	r0, r0, r4
10005280:	001a      	movs	r2, r3
10005282:	4b03      	ldr	r3, [pc, #12]	; (10005290 <dcd_edpt_xfer+0x20>)
10005284:	0140      	lsls	r0, r0, #5
10005286:	18c0      	adds	r0, r0, r3
10005288:	f000 f858 	bl	1000533c <hw_endpoint_xfer_start>
1000528c:	2001      	movs	r0, #1
1000528e:	bd10      	pop	{r4, pc}
10005290:	20001878 	.word	0x20001878

10005294 <dcd_edpt_stall>:
10005294:	227f      	movs	r2, #127	; 0x7f
10005296:	0013      	movs	r3, r2
10005298:	b510      	push	{r4, lr}
1000529a:	400b      	ands	r3, r1
1000529c:	420a      	tst	r2, r1
1000529e:	d00b      	beq.n	100052b8 <dcd_edpt_stall+0x24>
100052a0:	09c9      	lsrs	r1, r1, #7
100052a2:	2280      	movs	r2, #128	; 0x80
100052a4:	0058      	lsls	r0, r3, #1
100052a6:	1840      	adds	r0, r0, r1
100052a8:	4906      	ldr	r1, [pc, #24]	; (100052c4 <dcd_edpt_stall+0x30>)
100052aa:	0140      	lsls	r0, r0, #5
100052ac:	1840      	adds	r0, r0, r1
100052ae:	0112      	lsls	r2, r2, #4
100052b0:	2100      	movs	r1, #0
100052b2:	f001 fcc1 	bl	10006c38 <___hw_endpoint_buffer_control_update32_veneer>
100052b6:	bd10      	pop	{r4, pc}
100052b8:	2202      	movs	r2, #2
100052ba:	4803      	ldr	r0, [pc, #12]	; (100052c8 <dcd_edpt_stall+0x34>)
100052bc:	09c9      	lsrs	r1, r1, #7
100052be:	1a52      	subs	r2, r2, r1
100052c0:	6682      	str	r2, [r0, #104]	; 0x68
100052c2:	e7ee      	b.n	100052a2 <dcd_edpt_stall+0xe>
100052c4:	20001878 	.word	0x20001878
100052c8:	50112000 	.word	0x50112000

100052cc <dcd_edpt_clear_stall>:
100052cc:	227f      	movs	r2, #127	; 0x7f
100052ce:	0010      	movs	r0, r2
100052d0:	b510      	push	{r4, lr}
100052d2:	4008      	ands	r0, r1
100052d4:	420a      	tst	r2, r1
100052d6:	d100      	bne.n	100052da <dcd_edpt_clear_stall+0xe>
100052d8:	bd10      	pop	{r4, pc}
100052da:	2300      	movs	r3, #0
100052dc:	09c9      	lsrs	r1, r1, #7
100052de:	0040      	lsls	r0, r0, #1
100052e0:	1840      	adds	r0, r0, r1
100052e2:	4904      	ldr	r1, [pc, #16]	; (100052f4 <dcd_edpt_clear_stall+0x28>)
100052e4:	0140      	lsls	r0, r0, #5
100052e6:	1808      	adds	r0, r1, r0
100052e8:	2200      	movs	r2, #0
100052ea:	4903      	ldr	r1, [pc, #12]	; (100052f8 <dcd_edpt_clear_stall+0x2c>)
100052ec:	70c3      	strb	r3, [r0, #3]
100052ee:	f001 fca3 	bl	10006c38 <___hw_endpoint_buffer_control_update32_veneer>
100052f2:	e7f1      	b.n	100052d8 <dcd_edpt_clear_stall+0xc>
100052f4:	20001878 	.word	0x20001878
100052f8:	fffff7ff 	.word	0xfffff7ff

100052fc <rp2040_usb_init>:
100052fc:	2280      	movs	r2, #128	; 0x80
100052fe:	4b0a      	ldr	r3, [pc, #40]	; (10005328 <rp2040_usb_init+0x2c>)
10005300:	0452      	lsls	r2, r2, #17
10005302:	b510      	push	{r4, lr}
10005304:	601a      	str	r2, [r3, #0]
10005306:	4b09      	ldr	r3, [pc, #36]	; (1000532c <rp2040_usb_init+0x30>)
10005308:	4909      	ldr	r1, [pc, #36]	; (10005330 <rp2040_usb_init+0x34>)
1000530a:	601a      	str	r2, [r3, #0]
1000530c:	0010      	movs	r0, r2
1000530e:	680b      	ldr	r3, [r1, #0]
10005310:	4398      	bics	r0, r3
10005312:	d1fb      	bne.n	1000530c <rp2040_usb_init+0x10>
10005314:	2280      	movs	r2, #128	; 0x80
10005316:	2100      	movs	r1, #0
10005318:	0152      	lsls	r2, r2, #5
1000531a:	4806      	ldr	r0, [pc, #24]	; (10005334 <rp2040_usb_init+0x38>)
1000531c:	f7fd fdc6 	bl	10002eac <__wrap_memset>
10005320:	2209      	movs	r2, #9
10005322:	4b05      	ldr	r3, [pc, #20]	; (10005338 <rp2040_usb_init+0x3c>)
10005324:	675a      	str	r2, [r3, #116]	; 0x74
10005326:	bd10      	pop	{r4, pc}
10005328:	4000e000 	.word	0x4000e000
1000532c:	4000f000 	.word	0x4000f000
10005330:	4000c008 	.word	0x4000c008
10005334:	50100000 	.word	0x50100000
10005338:	50110000 	.word	0x50110000

1000533c <hw_endpoint_xfer_start>:
1000533c:	b570      	push	{r4, r5, r6, lr}
1000533e:	7e83      	ldrb	r3, [r0, #26]
10005340:	0004      	movs	r4, r0
10005342:	000d      	movs	r5, r1
10005344:	0016      	movs	r6, r2
10005346:	2b00      	cmp	r3, #0
10005348:	d117      	bne.n	1000537a <hw_endpoint_xfer_start+0x3e>
1000534a:	2300      	movs	r3, #0
1000534c:	82e3      	strh	r3, [r4, #22]
1000534e:	3301      	adds	r3, #1
10005350:	0020      	movs	r0, r4
10005352:	82a6      	strh	r6, [r4, #20]
10005354:	76a3      	strb	r3, [r4, #26]
10005356:	6125      	str	r5, [r4, #16]
10005358:	f001 fca6 	bl	10006ca8 <__e15_is_bulkin_ep_veneer>
1000535c:	2800      	cmp	r0, #0
1000535e:	d004      	beq.n	1000536a <hw_endpoint_xfer_start+0x2e>
10005360:	2180      	movs	r1, #128	; 0x80
10005362:	2390      	movs	r3, #144	; 0x90
10005364:	4a08      	ldr	r2, [pc, #32]	; (10005388 <hw_endpoint_xfer_start+0x4c>)
10005366:	0289      	lsls	r1, r1, #10
10005368:	50d1      	str	r1, [r2, r3]
1000536a:	0020      	movs	r0, r4
1000536c:	f001 fc94 	bl	10006c98 <__e15_is_critical_frame_period_veneer>
10005370:	2800      	cmp	r0, #0
10005372:	d005      	beq.n	10005380 <hw_endpoint_xfer_start+0x44>
10005374:	2301      	movs	r3, #1
10005376:	7723      	strb	r3, [r4, #28]
10005378:	bd70      	pop	{r4, r5, r6, pc}
1000537a:	f001 fc85 	bl	10006c88 <__hw_endpoint_reset_transfer_veneer>
1000537e:	e7e4      	b.n	1000534a <hw_endpoint_xfer_start+0xe>
10005380:	0020      	movs	r0, r4
10005382:	f001 fc99 	bl	10006cb8 <__hw_endpoint_start_next_buffer_veneer>
10005386:	e7f7      	b.n	10005378 <hw_endpoint_xfer_start+0x3c>
10005388:	50112000 	.word	0x50112000

1000538c <tud_event_hook_cb>:
1000538c:	4770      	bx	lr
1000538e:	46c0      	nop			; (mov r8, r8)

10005390 <tud_sof_cb>:
10005390:	4770      	bx	lr
10005392:	46c0      	nop			; (mov r8, r8)

10005394 <tud_descriptor_device_qualifier_cb>:
10005394:	2000      	movs	r0, #0
10005396:	4770      	bx	lr

10005398 <tud_descriptor_other_speed_configuration_cb>:
10005398:	2000      	movs	r0, #0
1000539a:	4770      	bx	lr

1000539c <tud_mount_cb>:
1000539c:	4770      	bx	lr
1000539e:	46c0      	nop			; (mov r8, r8)

100053a0 <tud_umount_cb>:
100053a0:	4770      	bx	lr
100053a2:	46c0      	nop			; (mov r8, r8)

100053a4 <tud_suspend_cb>:
100053a4:	4770      	bx	lr
100053a6:	46c0      	nop			; (mov r8, r8)

100053a8 <tud_resume_cb>:
100053a8:	4770      	bx	lr
100053aa:	46c0      	nop			; (mov r8, r8)

100053ac <tud_mounted>:
100053ac:	4b02      	ldr	r3, [pc, #8]	; (100053b8 <tud_mounted+0xc>)
100053ae:	7858      	ldrb	r0, [r3, #1]
100053b0:	1e43      	subs	r3, r0, #1
100053b2:	4198      	sbcs	r0, r3
100053b4:	b2c0      	uxtb	r0, r0
100053b6:	4770      	bx	lr
100053b8:	200015e8 	.word	0x200015e8

100053bc <tud_suspended>:
100053bc:	4b02      	ldr	r3, [pc, #8]	; (100053c8 <tud_suspended+0xc>)
100053be:	7818      	ldrb	r0, [r3, #0]
100053c0:	0740      	lsls	r0, r0, #29
100053c2:	0fc0      	lsrs	r0, r0, #31
100053c4:	4770      	bx	lr
100053c6:	46c0      	nop			; (mov r8, r8)
100053c8:	200015e8 	.word	0x200015e8

100053cc <tud_rhport_init>:
100053cc:	b5f0      	push	{r4, r5, r6, r7, lr}
100053ce:	4646      	mov	r6, r8
100053d0:	464f      	mov	r7, r9
100053d2:	46d6      	mov	lr, sl
100053d4:	b5c0      	push	{r6, r7, lr}
100053d6:	4b2e      	ldr	r3, [pc, #184]	; (10005490 <tud_rhport_init+0xc4>)
100053d8:	4681      	mov	r9, r0
100053da:	4698      	mov	r8, r3
100053dc:	781b      	ldrb	r3, [r3, #0]
100053de:	000e      	movs	r6, r1
100053e0:	2401      	movs	r4, #1
100053e2:	2bff      	cmp	r3, #255	; 0xff
100053e4:	d140      	bne.n	10005468 <tud_rhport_init+0x9c>
100053e6:	2900      	cmp	r1, #0
100053e8:	d03d      	beq.n	10005466 <tud_rhport_init+0x9a>
100053ea:	2100      	movs	r1, #0
100053ec:	2254      	movs	r2, #84	; 0x54
100053ee:	4829      	ldr	r0, [pc, #164]	; (10005494 <tud_rhport_init+0xc8>)
100053f0:	f7fd fd5c 	bl	10002eac <__wrap_memset>
100053f4:	2200      	movs	r2, #0
100053f6:	4c28      	ldr	r4, [pc, #160]	; (10005498 <tud_rhport_init+0xcc>)
100053f8:	4b28      	ldr	r3, [pc, #160]	; (1000549c <tud_rhport_init+0xd0>)
100053fa:	0020      	movs	r0, r4
100053fc:	701a      	strb	r2, [r3, #0]
100053fe:	f7fb ff15 	bl	1000122c <mutex_init>
10005402:	4b27      	ldr	r3, [pc, #156]	; (100054a0 <tud_rhport_init+0xd4>)
10005404:	601c      	str	r4, [r3, #0]
10005406:	4c27      	ldr	r4, [pc, #156]	; (100054a4 <tud_rhport_init+0xd8>)
10005408:	0020      	movs	r0, r4
1000540a:	3014      	adds	r0, #20
1000540c:	f7fb ff1c 	bl	10001248 <critical_section_init>
10005410:	0020      	movs	r0, r4
10005412:	f001 fb9d 	bl	10006b50 <tu_fifo_clear>
10005416:	4b24      	ldr	r3, [pc, #144]	; (100054a8 <tud_rhport_init+0xdc>)
10005418:	4d24      	ldr	r5, [pc, #144]	; (100054ac <tud_rhport_init+0xe0>)
1000541a:	601c      	str	r4, [r3, #0]
1000541c:	4b24      	ldr	r3, [pc, #144]	; (100054b0 <tud_rhport_init+0xe4>)
1000541e:	2b00      	cmp	r3, #0
10005420:	d004      	beq.n	1000542c <tud_rhport_init+0x60>
10005422:	0028      	movs	r0, r5
10005424:	f7ff fe14 	bl	10005050 <usbd_app_driver_get_cb>
10005428:	4b22      	ldr	r3, [pc, #136]	; (100054b4 <tud_rhport_init+0xe8>)
1000542a:	6018      	str	r0, [r3, #0]
1000542c:	4a22      	ldr	r2, [pc, #136]	; (100054b8 <tud_rhport_init+0xec>)
1000542e:	2400      	movs	r4, #0
10005430:	4692      	mov	sl, r2
10005432:	782b      	ldrb	r3, [r5, #0]
10005434:	4f1f      	ldr	r7, [pc, #124]	; (100054b4 <tud_rhport_init+0xe8>)
10005436:	e00e      	b.n	10005456 <tud_rhport_init+0x8a>
10005438:	683a      	ldr	r2, [r7, #0]
1000543a:	0163      	lsls	r3, r4, #5
1000543c:	4694      	mov	ip, r2
1000543e:	4463      	add	r3, ip
10005440:	2b00      	cmp	r3, #0
10005442:	d010      	beq.n	10005466 <tud_rhport_init+0x9a>
10005444:	685b      	ldr	r3, [r3, #4]
10005446:	2b00      	cmp	r3, #0
10005448:	d00d      	beq.n	10005466 <tud_rhport_init+0x9a>
1000544a:	4798      	blx	r3
1000544c:	3401      	adds	r4, #1
1000544e:	782b      	ldrb	r3, [r5, #0]
10005450:	b2e4      	uxtb	r4, r4
10005452:	42a3      	cmp	r3, r4
10005454:	d30e      	bcc.n	10005474 <tud_rhport_init+0xa8>
10005456:	429c      	cmp	r4, r3
10005458:	d3ee      	bcc.n	10005438 <tud_rhport_init+0x6c>
1000545a:	1ae3      	subs	r3, r4, r3
1000545c:	015b      	lsls	r3, r3, #5
1000545e:	4453      	add	r3, sl
10005460:	685b      	ldr	r3, [r3, #4]
10005462:	2b00      	cmp	r3, #0
10005464:	d1f1      	bne.n	1000544a <tud_rhport_init+0x7e>
10005466:	2400      	movs	r4, #0
10005468:	0020      	movs	r0, r4
1000546a:	bce0      	pop	{r5, r6, r7}
1000546c:	46ba      	mov	sl, r7
1000546e:	46b1      	mov	r9, r6
10005470:	46a8      	mov	r8, r5
10005472:	bdf0      	pop	{r4, r5, r6, r7, pc}
10005474:	4643      	mov	r3, r8
10005476:	464a      	mov	r2, r9
10005478:	0031      	movs	r1, r6
1000547a:	4648      	mov	r0, r9
1000547c:	701a      	strb	r2, [r3, #0]
1000547e:	f7ff fe03 	bl	10005088 <dcd_init>
10005482:	1e04      	subs	r4, r0, #0
10005484:	d0ef      	beq.n	10005466 <tud_rhport_init+0x9a>
10005486:	4648      	mov	r0, r9
10005488:	f7ff fe46 	bl	10005118 <dcd_int_enable>
1000548c:	e7ec      	b.n	10005468 <tud_rhport_init+0x9c>
1000548e:	46c0      	nop			; (mov r8, r8)
10005490:	200010a4 	.word	0x200010a4
10005494:	200015e8 	.word	0x200015e8
10005498:	200015e0 	.word	0x200015e0
1000549c:	20001cd7 	.word	0x20001cd7
100054a0:	2000163c 	.word	0x2000163c
100054a4:	20001088 	.word	0x20001088
100054a8:	20001640 	.word	0x20001640
100054ac:	20001cd5 	.word	0x20001cd5
100054b0:	10005051 	.word	0x10005051
100054b4:	20001438 	.word	0x20001438
100054b8:	10007390 	.word	0x10007390

100054bc <tud_task_ext>:
100054bc:	b5f0      	push	{r4, r5, r6, r7, lr}
100054be:	46de      	mov	lr, fp
100054c0:	4657      	mov	r7, sl
100054c2:	464e      	mov	r6, r9
100054c4:	4645      	mov	r5, r8
100054c6:	b5e0      	push	{r5, r6, r7, lr}
100054c8:	4bbc      	ldr	r3, [pc, #752]	; (100057bc <tud_task_ext+0x300>)
100054ca:	b08b      	sub	sp, #44	; 0x2c
100054cc:	781b      	ldrb	r3, [r3, #0]
100054ce:	2bff      	cmp	r3, #255	; 0xff
100054d0:	d100      	bne.n	100054d4 <tud_task_ext+0x18>
100054d2:	e127      	b.n	10005724 <tud_task_ext+0x268>
100054d4:	4bba      	ldr	r3, [pc, #744]	; (100057c0 <tud_task_ext+0x304>)
100054d6:	4dbb      	ldr	r5, [pc, #748]	; (100057c4 <tud_task_ext+0x308>)
100054d8:	469a      	mov	sl, r3
100054da:	ac07      	add	r4, sp, #28
100054dc:	682e      	ldr	r6, [r5, #0]
100054de:	6972      	ldr	r2, [r6, #20]
100054e0:	f3ef 8110 	mrs	r1, PRIMASK
100054e4:	b672      	cpsid	i
100054e6:	6813      	ldr	r3, [r2, #0]
100054e8:	2b00      	cmp	r3, #0
100054ea:	d0fc      	beq.n	100054e6 <tud_task_ext+0x2a>
100054ec:	f3bf 8f5f 	dmb	sy
100054f0:	61b1      	str	r1, [r6, #24]
100054f2:	0030      	movs	r0, r6
100054f4:	0021      	movs	r1, r4
100054f6:	f001 f96d 	bl	100067d4 <tu_fifo_read>
100054fa:	6972      	ldr	r2, [r6, #20]
100054fc:	69b3      	ldr	r3, [r6, #24]
100054fe:	f3bf 8f5f 	dmb	sy
10005502:	2100      	movs	r1, #0
10005504:	6011      	str	r1, [r2, #0]
10005506:	f383 8810 	msr	PRIMASK, r3
1000550a:	2800      	cmp	r0, #0
1000550c:	d100      	bne.n	10005510 <tud_task_ext+0x54>
1000550e:	e109      	b.n	10005724 <tud_task_ext+0x268>
10005510:	7863      	ldrb	r3, [r4, #1]
10005512:	2b08      	cmp	r3, #8
10005514:	d8e2      	bhi.n	100054dc <tud_task_ext+0x20>
10005516:	4652      	mov	r2, sl
10005518:	009b      	lsls	r3, r3, #2
1000551a:	58d3      	ldr	r3, [r2, r3]
1000551c:	469f      	mov	pc, r3
1000551e:	6863      	ldr	r3, [r4, #4]
10005520:	2b00      	cmp	r3, #0
10005522:	d0db      	beq.n	100054dc <tud_task_ext+0x20>
10005524:	68a0      	ldr	r0, [r4, #8]
10005526:	4798      	blx	r3
10005528:	e7d8      	b.n	100054dc <tud_task_ext+0x20>
1000552a:	237f      	movs	r3, #127	; 0x7f
1000552c:	7921      	ldrb	r1, [r4, #4]
1000552e:	4ea6      	ldr	r6, [pc, #664]	; (100057c8 <tud_task_ext+0x30c>)
10005530:	400b      	ands	r3, r1
10005532:	0058      	lsls	r0, r3, #1
10005534:	09ca      	lsrs	r2, r1, #7
10005536:	1836      	adds	r6, r6, r0
10005538:	18b6      	adds	r6, r6, r2
1000553a:	0032      	movs	r2, r6
1000553c:	2701      	movs	r7, #1
1000553e:	3230      	adds	r2, #48	; 0x30
10005540:	7910      	ldrb	r0, [r2, #4]
10005542:	43b8      	bics	r0, r7
10005544:	7110      	strb	r0, [r2, #4]
10005546:	7910      	ldrb	r0, [r2, #4]
10005548:	3703      	adds	r7, #3
1000554a:	43b8      	bics	r0, r7
1000554c:	7110      	strb	r0, [r2, #4]
1000554e:	2b00      	cmp	r3, #0
10005550:	d100      	bne.n	10005554 <tud_task_ext+0x98>
10005552:	e0f0      	b.n	10005736 <tud_task_ext+0x27a>
10005554:	4a9d      	ldr	r2, [pc, #628]	; (100057cc <tud_task_ext+0x310>)
10005556:	7d33      	ldrb	r3, [r6, #20]
10005558:	7812      	ldrb	r2, [r2, #0]
1000555a:	4293      	cmp	r3, r2
1000555c:	d300      	bcc.n	10005560 <tud_task_ext+0xa4>
1000555e:	e0df      	b.n	10005720 <tud_task_ext+0x264>
10005560:	4a9b      	ldr	r2, [pc, #620]	; (100057d0 <tud_task_ext+0x314>)
10005562:	015b      	lsls	r3, r3, #5
10005564:	6812      	ldr	r2, [r2, #0]
10005566:	18d3      	adds	r3, r2, r3
10005568:	2b00      	cmp	r3, #0
1000556a:	d100      	bne.n	1000556e <tud_task_ext+0xb2>
1000556c:	e0da      	b.n	10005724 <tud_task_ext+0x268>
1000556e:	699e      	ldr	r6, [r3, #24]
10005570:	7962      	ldrb	r2, [r4, #5]
10005572:	7820      	ldrb	r0, [r4, #0]
10005574:	68a3      	ldr	r3, [r4, #8]
10005576:	47b0      	blx	r6
10005578:	e7b0      	b.n	100054dc <tud_task_ext+0x20>
1000557a:	4a96      	ldr	r2, [pc, #600]	; (100057d4 <tud_task_ext+0x318>)
1000557c:	7813      	ldrb	r3, [r2, #0]
1000557e:	2b00      	cmp	r3, #0
10005580:	d100      	bne.n	10005584 <tud_task_ext+0xc8>
10005582:	e0cf      	b.n	10005724 <tud_task_ext+0x268>
10005584:	7813      	ldrb	r3, [r2, #0]
10005586:	3b01      	subs	r3, #1
10005588:	b2db      	uxtb	r3, r3
1000558a:	7013      	strb	r3, [r2, #0]
1000558c:	7813      	ldrb	r3, [r2, #0]
1000558e:	2b00      	cmp	r3, #0
10005590:	d1a4      	bne.n	100054dc <tud_task_ext+0x20>
10005592:	2201      	movs	r2, #1
10005594:	4b8c      	ldr	r3, [pc, #560]	; (100057c8 <tud_task_ext+0x30c>)
10005596:	2101      	movs	r1, #1
10005598:	781b      	ldrb	r3, [r3, #0]
1000559a:	488b      	ldr	r0, [pc, #556]	; (100057c8 <tud_task_ext+0x30c>)
1000559c:	4313      	orrs	r3, r2
1000559e:	4a8a      	ldr	r2, [pc, #552]	; (100057c8 <tud_task_ext+0x30c>)
100055a0:	4e89      	ldr	r6, [pc, #548]	; (100057c8 <tud_task_ext+0x30c>)
100055a2:	7013      	strb	r3, [r2, #0]
100055a4:	2334      	movs	r3, #52	; 0x34
100055a6:	5cd2      	ldrb	r2, [r2, r3]
100055a8:	438a      	bics	r2, r1
100055aa:	54c2      	strb	r2, [r0, r3]
100055ac:	5cc2      	ldrb	r2, [r0, r3]
100055ae:	2004      	movs	r0, #4
100055b0:	4382      	bics	r2, r0
100055b2:	54f2      	strb	r2, [r6, r3]
100055b4:	3301      	adds	r3, #1
100055b6:	5cf2      	ldrb	r2, [r6, r3]
100055b8:	438a      	bics	r2, r1
100055ba:	54f2      	strb	r2, [r6, r3]
100055bc:	5cf2      	ldrb	r2, [r6, r3]
100055be:	4382      	bics	r2, r0
100055c0:	54f2      	strb	r2, [r6, r3]
100055c2:	7823      	ldrb	r3, [r4, #0]
100055c4:	2000      	movs	r0, #0
100055c6:	469b      	mov	fp, r3
100055c8:	f000 fc8c 	bl	10005ee4 <usbd_control_set_complete_callback>
100055cc:	2260      	movs	r2, #96	; 0x60
100055ce:	7923      	ldrb	r3, [r4, #4]
100055d0:	401a      	ands	r2, r3
100055d2:	2a60      	cmp	r2, #96	; 0x60
100055d4:	d00d      	beq.n	100055f2 <tud_task_ext+0x136>
100055d6:	2a40      	cmp	r2, #64	; 0x40
100055d8:	d100      	bne.n	100055dc <tud_task_ext+0x120>
100055da:	e0b4      	b.n	10005746 <tud_task_ext+0x28a>
100055dc:	06db      	lsls	r3, r3, #27
100055de:	0edb      	lsrs	r3, r3, #27
100055e0:	2b01      	cmp	r3, #1
100055e2:	d100      	bne.n	100055e6 <tud_task_ext+0x12a>
100055e4:	e0fe      	b.n	100057e4 <tud_task_ext+0x328>
100055e6:	2b02      	cmp	r3, #2
100055e8:	d100      	bne.n	100055ec <tud_task_ext+0x130>
100055ea:	e0c6      	b.n	1000577a <tud_task_ext+0x2be>
100055ec:	2b00      	cmp	r3, #0
100055ee:	d100      	bne.n	100055f2 <tud_task_ext+0x136>
100055f0:	e0b5      	b.n	1000575e <tud_task_ext+0x2a2>
100055f2:	7820      	ldrb	r0, [r4, #0]
100055f4:	2100      	movs	r1, #0
100055f6:	f7ff fe4d 	bl	10005294 <dcd_edpt_stall>
100055fa:	2180      	movs	r1, #128	; 0x80
100055fc:	7820      	ldrb	r0, [r4, #0]
100055fe:	f7ff fe49 	bl	10005294 <dcd_edpt_stall>
10005602:	e76b      	b.n	100054dc <tud_task_ext+0x20>
10005604:	4e70      	ldr	r6, [pc, #448]	; (100057c8 <tud_task_ext+0x30c>)
10005606:	7833      	ldrb	r3, [r6, #0]
10005608:	07db      	lsls	r3, r3, #31
1000560a:	d400      	bmi.n	1000560e <tud_task_ext+0x152>
1000560c:	e766      	b.n	100054dc <tud_task_ext+0x20>
1000560e:	f7ff fecb 	bl	100053a8 <tud_resume_cb>
10005612:	e763      	b.n	100054dc <tud_task_ext+0x20>
10005614:	4b6c      	ldr	r3, [pc, #432]	; (100057c8 <tud_task_ext+0x30c>)
10005616:	78db      	ldrb	r3, [r3, #3]
10005618:	07db      	lsls	r3, r3, #31
1000561a:	d400      	bmi.n	1000561e <tud_task_ext+0x162>
1000561c:	e75e      	b.n	100054dc <tud_task_ext+0x20>
1000561e:	6860      	ldr	r0, [r4, #4]
10005620:	f7ff feb6 	bl	10005390 <tud_sof_cb>
10005624:	e75a      	b.n	100054dc <tud_task_ext+0x20>
10005626:	4e68      	ldr	r6, [pc, #416]	; (100057c8 <tud_task_ext+0x30c>)
10005628:	7833      	ldrb	r3, [r6, #0]
1000562a:	07db      	lsls	r3, r3, #31
1000562c:	d400      	bmi.n	10005630 <tud_task_ext+0x174>
1000562e:	e755      	b.n	100054dc <tud_task_ext+0x20>
10005630:	7830      	ldrb	r0, [r6, #0]
10005632:	0700      	lsls	r0, r0, #28
10005634:	0fc0      	lsrs	r0, r0, #31
10005636:	f7ff feb5 	bl	100053a4 <tud_suspend_cb>
1000563a:	e74f      	b.n	100054dc <tud_task_ext+0x20>
1000563c:	4a66      	ldr	r2, [pc, #408]	; (100057d8 <tud_task_ext+0x31c>)
1000563e:	4e63      	ldr	r6, [pc, #396]	; (100057cc <tud_task_ext+0x310>)
10005640:	7823      	ldrb	r3, [r4, #0]
10005642:	4693      	mov	fp, r2
10005644:	4a62      	ldr	r2, [pc, #392]	; (100057d0 <tud_task_ext+0x314>)
10005646:	4698      	mov	r8, r3
10005648:	4691      	mov	r9, r2
1000564a:	0032      	movs	r2, r6
1000564c:	7833      	ldrb	r3, [r6, #0]
1000564e:	2700      	movs	r7, #0
10005650:	4646      	mov	r6, r8
10005652:	4690      	mov	r8, r2
10005654:	e00f      	b.n	10005676 <tud_task_ext+0x1ba>
10005656:	464a      	mov	r2, r9
10005658:	6812      	ldr	r2, [r2, #0]
1000565a:	017b      	lsls	r3, r7, #5
1000565c:	4694      	mov	ip, r2
1000565e:	4463      	add	r3, ip
10005660:	2b00      	cmp	r3, #0
10005662:	d066      	beq.n	10005732 <tud_task_ext+0x276>
10005664:	68db      	ldr	r3, [r3, #12]
10005666:	0030      	movs	r0, r6
10005668:	4798      	blx	r3
1000566a:	4643      	mov	r3, r8
1000566c:	3701      	adds	r7, #1
1000566e:	781b      	ldrb	r3, [r3, #0]
10005670:	b2ff      	uxtb	r7, r7
10005672:	42bb      	cmp	r3, r7
10005674:	d33e      	bcc.n	100056f4 <tud_task_ext+0x238>
10005676:	429f      	cmp	r7, r3
10005678:	d3ed      	bcc.n	10005656 <tud_task_ext+0x19a>
1000567a:	1afb      	subs	r3, r7, r3
1000567c:	015b      	lsls	r3, r3, #5
1000567e:	445b      	add	r3, fp
10005680:	e7f0      	b.n	10005664 <tud_task_ext+0x1a8>
10005682:	4a55      	ldr	r2, [pc, #340]	; (100057d8 <tud_task_ext+0x31c>)
10005684:	4e51      	ldr	r6, [pc, #324]	; (100057cc <tud_task_ext+0x310>)
10005686:	7823      	ldrb	r3, [r4, #0]
10005688:	4693      	mov	fp, r2
1000568a:	4a51      	ldr	r2, [pc, #324]	; (100057d0 <tud_task_ext+0x314>)
1000568c:	4698      	mov	r8, r3
1000568e:	4691      	mov	r9, r2
10005690:	0032      	movs	r2, r6
10005692:	7833      	ldrb	r3, [r6, #0]
10005694:	2700      	movs	r7, #0
10005696:	4646      	mov	r6, r8
10005698:	4690      	mov	r8, r2
1000569a:	e00f      	b.n	100056bc <tud_task_ext+0x200>
1000569c:	464a      	mov	r2, r9
1000569e:	6812      	ldr	r2, [r2, #0]
100056a0:	017b      	lsls	r3, r7, #5
100056a2:	4694      	mov	ip, r2
100056a4:	4463      	add	r3, ip
100056a6:	2b00      	cmp	r3, #0
100056a8:	d01f      	beq.n	100056ea <tud_task_ext+0x22e>
100056aa:	68db      	ldr	r3, [r3, #12]
100056ac:	0030      	movs	r0, r6
100056ae:	4798      	blx	r3
100056b0:	4643      	mov	r3, r8
100056b2:	3701      	adds	r7, #1
100056b4:	781b      	ldrb	r3, [r3, #0]
100056b6:	b2ff      	uxtb	r7, r7
100056b8:	42bb      	cmp	r3, r7
100056ba:	d305      	bcc.n	100056c8 <tud_task_ext+0x20c>
100056bc:	42bb      	cmp	r3, r7
100056be:	d8ed      	bhi.n	1000569c <tud_task_ext+0x1e0>
100056c0:	1afb      	subs	r3, r7, r3
100056c2:	015b      	lsls	r3, r3, #5
100056c4:	445b      	add	r3, fp
100056c6:	e7f0      	b.n	100056aa <tud_task_ext+0x1ee>
100056c8:	4e3f      	ldr	r6, [pc, #252]	; (100057c8 <tud_task_ext+0x30c>)
100056ca:	2254      	movs	r2, #84	; 0x54
100056cc:	2100      	movs	r1, #0
100056ce:	0030      	movs	r0, r6
100056d0:	f7fd fbec 	bl	10002eac <__wrap_memset>
100056d4:	2210      	movs	r2, #16
100056d6:	21ff      	movs	r1, #255	; 0xff
100056d8:	1d30      	adds	r0, r6, #4
100056da:	f7fd fbe7 	bl	10002eac <__wrap_memset>
100056de:	0030      	movs	r0, r6
100056e0:	2220      	movs	r2, #32
100056e2:	21ff      	movs	r1, #255	; 0xff
100056e4:	3014      	adds	r0, #20
100056e6:	f7fd fbe1 	bl	10002eac <__wrap_memset>
100056ea:	f000 fbf1 	bl	10005ed0 <usbd_control_reset>
100056ee:	f7ff fe57 	bl	100053a0 <tud_umount_cb>
100056f2:	e6f3      	b.n	100054dc <tud_task_ext+0x20>
100056f4:	4e34      	ldr	r6, [pc, #208]	; (100057c8 <tud_task_ext+0x30c>)
100056f6:	2254      	movs	r2, #84	; 0x54
100056f8:	2100      	movs	r1, #0
100056fa:	0030      	movs	r0, r6
100056fc:	f7fd fbd6 	bl	10002eac <__wrap_memset>
10005700:	2210      	movs	r2, #16
10005702:	21ff      	movs	r1, #255	; 0xff
10005704:	1d30      	adds	r0, r6, #4
10005706:	f7fd fbd1 	bl	10002eac <__wrap_memset>
1000570a:	0030      	movs	r0, r6
1000570c:	2220      	movs	r2, #32
1000570e:	21ff      	movs	r1, #255	; 0xff
10005710:	3014      	adds	r0, #20
10005712:	f7fd fbcb 	bl	10002eac <__wrap_memset>
10005716:	f000 fbdb 	bl	10005ed0 <usbd_control_reset>
1000571a:	7923      	ldrb	r3, [r4, #4]
1000571c:	70b3      	strb	r3, [r6, #2]
1000571e:	e6dd      	b.n	100054dc <tud_task_ext+0x20>
10005720:	4293      	cmp	r3, r2
10005722:	d00e      	beq.n	10005742 <tud_task_ext+0x286>
10005724:	b00b      	add	sp, #44	; 0x2c
10005726:	bcf0      	pop	{r4, r5, r6, r7}
10005728:	46bb      	mov	fp, r7
1000572a:	46b2      	mov	sl, r6
1000572c:	46a9      	mov	r9, r5
1000572e:	46a0      	mov	r8, r4
10005730:	bdf0      	pop	{r4, r5, r6, r7, pc}
10005732:	4e25      	ldr	r6, [pc, #148]	; (100057c8 <tud_task_ext+0x30c>)
10005734:	e7ef      	b.n	10005716 <tud_task_ext+0x25a>
10005736:	7962      	ldrb	r2, [r4, #5]
10005738:	7820      	ldrb	r0, [r4, #0]
1000573a:	68a3      	ldr	r3, [r4, #8]
1000573c:	f000 fbe6 	bl	10005f0c <usbd_control_xfer_cb>
10005740:	e6cc      	b.n	100054dc <tud_task_ext+0x20>
10005742:	4b25      	ldr	r3, [pc, #148]	; (100057d8 <tud_task_ext+0x31c>)
10005744:	e713      	b.n	1000556e <tud_task_ext+0xb2>
10005746:	4825      	ldr	r0, [pc, #148]	; (100057dc <tud_task_ext+0x320>)
10005748:	f000 fbcc 	bl	10005ee4 <usbd_control_set_complete_callback>
1000574c:	2101      	movs	r1, #1
1000574e:	4658      	mov	r0, fp
10005750:	aa08      	add	r2, sp, #32
10005752:	f7ff fc63 	bl	1000501c <tud_vendor_control_xfer_cb>
10005756:	2800      	cmp	r0, #0
10005758:	d000      	beq.n	1000575c <tud_task_ext+0x2a0>
1000575a:	e6bf      	b.n	100054dc <tud_task_ext+0x20>
1000575c:	e749      	b.n	100055f2 <tud_task_ext+0x136>
1000575e:	2a20      	cmp	r2, #32
10005760:	d100      	bne.n	10005764 <tud_task_ext+0x2a8>
10005762:	e13f      	b.n	100059e4 <tud_task_ext+0x528>
10005764:	2a00      	cmp	r2, #0
10005766:	d000      	beq.n	1000576a <tud_task_ext+0x2ae>
10005768:	e743      	b.n	100055f2 <tud_task_ext+0x136>
1000576a:	7963      	ldrb	r3, [r4, #5]
1000576c:	2b09      	cmp	r3, #9
1000576e:	d900      	bls.n	10005772 <tud_task_ext+0x2b6>
10005770:	e73f      	b.n	100055f2 <tud_task_ext+0x136>
10005772:	4a1b      	ldr	r2, [pc, #108]	; (100057e0 <tud_task_ext+0x324>)
10005774:	009b      	lsls	r3, r3, #2
10005776:	58d3      	ldr	r3, [r2, r3]
10005778:	469f      	mov	pc, r3
1000577a:	2370      	movs	r3, #112	; 0x70
1000577c:	7a21      	ldrb	r1, [r4, #8]
1000577e:	420b      	tst	r3, r1
10005780:	d000      	beq.n	10005784 <tud_task_ext+0x2c8>
10005782:	e736      	b.n	100055f2 <tud_task_ext+0x136>
10005784:	267f      	movs	r6, #127	; 0x7f
10005786:	09cb      	lsrs	r3, r1, #7
10005788:	4698      	mov	r8, r3
1000578a:	400e      	ands	r6, r1
1000578c:	4b0e      	ldr	r3, [pc, #56]	; (100057c8 <tud_task_ext+0x30c>)
1000578e:	0076      	lsls	r6, r6, #1
10005790:	199b      	adds	r3, r3, r6
10005792:	4443      	add	r3, r8
10005794:	7d1f      	ldrb	r7, [r3, #20]
10005796:	4b0d      	ldr	r3, [pc, #52]	; (100057cc <tud_task_ext+0x310>)
10005798:	781b      	ldrb	r3, [r3, #0]
1000579a:	429f      	cmp	r7, r3
1000579c:	d353      	bcc.n	10005846 <tud_task_ext+0x38a>
1000579e:	d000      	beq.n	100057a2 <tud_task_ext+0x2e6>
100057a0:	e13c      	b.n	10005a1c <tud_task_ext+0x560>
100057a2:	4f0d      	ldr	r7, [pc, #52]	; (100057d8 <tud_task_ext+0x31c>)
100057a4:	2a00      	cmp	r2, #0
100057a6:	d100      	bne.n	100057aa <tud_task_ext+0x2ee>
100057a8:	e13c      	b.n	10005a24 <tud_task_ext+0x568>
100057aa:	6978      	ldr	r0, [r7, #20]
100057ac:	f000 fb9a 	bl	10005ee4 <usbd_control_set_complete_callback>
100057b0:	2101      	movs	r1, #1
100057b2:	4658      	mov	r0, fp
100057b4:	697b      	ldr	r3, [r7, #20]
100057b6:	aa08      	add	r2, sp, #32
100057b8:	4798      	blx	r3
100057ba:	e7cc      	b.n	10005756 <tud_task_ext+0x29a>
100057bc:	200010a4 	.word	0x200010a4
100057c0:	100072e8 	.word	0x100072e8
100057c4:	20001640 	.word	0x20001640
100057c8:	200015e8 	.word	0x200015e8
100057cc:	20001cd5 	.word	0x20001cd5
100057d0:	20001438 	.word	0x20001438
100057d4:	20001cd7 	.word	0x20001cd7
100057d8:	10007390 	.word	0x10007390
100057dc:	1000501d 	.word	0x1000501d
100057e0:	1000730c 	.word	0x1000730c
100057e4:	7a23      	ldrb	r3, [r4, #8]
100057e6:	2b0f      	cmp	r3, #15
100057e8:	d900      	bls.n	100057ec <tud_task_ext+0x330>
100057ea:	e702      	b.n	100055f2 <tud_task_ext+0x136>
100057ec:	4acf      	ldr	r2, [pc, #828]	; (10005b2c <tud_task_ext+0x670>)
100057ee:	4694      	mov	ip, r2
100057f0:	4acf      	ldr	r2, [pc, #828]	; (10005b30 <tud_task_ext+0x674>)
100057f2:	4463      	add	r3, ip
100057f4:	791b      	ldrb	r3, [r3, #4]
100057f6:	7812      	ldrb	r2, [r2, #0]
100057f8:	4293      	cmp	r3, r2
100057fa:	d32f      	bcc.n	1000585c <tud_task_ext+0x3a0>
100057fc:	d000      	beq.n	10005800 <tud_task_ext+0x344>
100057fe:	e6f8      	b.n	100055f2 <tud_task_ext+0x136>
10005800:	4ecc      	ldr	r6, [pc, #816]	; (10005b34 <tud_task_ext+0x678>)
10005802:	6970      	ldr	r0, [r6, #20]
10005804:	f000 fb6e 	bl	10005ee4 <usbd_control_set_complete_callback>
10005808:	2101      	movs	r1, #1
1000580a:	4658      	mov	r0, fp
1000580c:	6973      	ldr	r3, [r6, #20]
1000580e:	aa08      	add	r2, sp, #32
10005810:	4798      	blx	r3
10005812:	2800      	cmp	r0, #0
10005814:	d000      	beq.n	10005818 <tud_task_ext+0x35c>
10005816:	e661      	b.n	100054dc <tud_task_ext+0x20>
10005818:	2260      	movs	r2, #96	; 0x60
1000581a:	0016      	movs	r6, r2
1000581c:	7923      	ldrb	r3, [r4, #4]
1000581e:	401e      	ands	r6, r3
10005820:	421a      	tst	r2, r3
10005822:	d000      	beq.n	10005826 <tud_task_ext+0x36a>
10005824:	e6e5      	b.n	100055f2 <tud_task_ext+0x136>
10005826:	7963      	ldrb	r3, [r4, #5]
10005828:	3b0a      	subs	r3, #10
1000582a:	2b01      	cmp	r3, #1
1000582c:	d900      	bls.n	10005830 <tud_task_ext+0x374>
1000582e:	e6e0      	b.n	100055f2 <tud_task_ext+0x136>
10005830:	f000 fb58 	bl	10005ee4 <usbd_control_set_complete_callback>
10005834:	7963      	ldrb	r3, [r4, #5]
10005836:	2b0a      	cmp	r3, #10
10005838:	d100      	bne.n	1000583c <tud_task_ext+0x380>
1000583a:	e148      	b.n	10005ace <tud_task_ext+0x612>
1000583c:	4658      	mov	r0, fp
1000583e:	a908      	add	r1, sp, #32
10005840:	f000 fad0 	bl	10005de4 <tud_control_status>
10005844:	e64a      	b.n	100054dc <tud_task_ext+0x20>
10005846:	4bbc      	ldr	r3, [pc, #752]	; (10005b38 <tud_task_ext+0x67c>)
10005848:	017f      	lsls	r7, r7, #5
1000584a:	681b      	ldr	r3, [r3, #0]
1000584c:	19df      	adds	r7, r3, r7
1000584e:	2a00      	cmp	r2, #0
10005850:	d100      	bne.n	10005854 <tud_task_ext+0x398>
10005852:	e0e7      	b.n	10005a24 <tud_task_ext+0x568>
10005854:	2f00      	cmp	r7, #0
10005856:	d100      	bne.n	1000585a <tud_task_ext+0x39e>
10005858:	e6cb      	b.n	100055f2 <tud_task_ext+0x136>
1000585a:	e7a6      	b.n	100057aa <tud_task_ext+0x2ee>
1000585c:	4ab6      	ldr	r2, [pc, #728]	; (10005b38 <tud_task_ext+0x67c>)
1000585e:	015b      	lsls	r3, r3, #5
10005860:	6816      	ldr	r6, [r2, #0]
10005862:	18f6      	adds	r6, r6, r3
10005864:	2e00      	cmp	r6, #0
10005866:	d100      	bne.n	1000586a <tud_task_ext+0x3ae>
10005868:	e6c3      	b.n	100055f2 <tud_task_ext+0x136>
1000586a:	e7ca      	b.n	10005802 <tud_task_ext+0x346>
1000586c:	4baf      	ldr	r3, [pc, #700]	; (10005b2c <tud_task_ext+0x670>)
1000586e:	79a7      	ldrb	r7, [r4, #6]
10005870:	785b      	ldrb	r3, [r3, #1]
10005872:	429f      	cmp	r7, r3
10005874:	d0e2      	beq.n	1000583c <tud_task_ext+0x380>
10005876:	4bad      	ldr	r3, [pc, #692]	; (10005b2c <tud_task_ext+0x670>)
10005878:	785b      	ldrb	r3, [r3, #1]
1000587a:	2b00      	cmp	r3, #0
1000587c:	d000      	beq.n	10005880 <tud_task_ext+0x3c4>
1000587e:	e161      	b.n	10005b44 <tud_task_ext+0x688>
10005880:	4baa      	ldr	r3, [pc, #680]	; (10005b2c <tud_task_ext+0x670>)
10005882:	705f      	strb	r7, [r3, #1]
10005884:	2f00      	cmp	r7, #0
10005886:	d100      	bne.n	1000588a <tud_task_ext+0x3ce>
10005888:	e14d      	b.n	10005b26 <tud_task_ext+0x66a>
1000588a:	1e78      	subs	r0, r7, #1
1000588c:	b2c0      	uxtb	r0, r0
1000588e:	f7ff fa35 	bl	10004cfc <tud_descriptor_configuration_cb>
10005892:	2800      	cmp	r0, #0
10005894:	d100      	bne.n	10005898 <tud_task_ext+0x3dc>
10005896:	e142      	b.n	10005b1e <tud_task_ext+0x662>
10005898:	7843      	ldrb	r3, [r0, #1]
1000589a:	9304      	str	r3, [sp, #16]
1000589c:	2b02      	cmp	r3, #2
1000589e:	d000      	beq.n	100058a2 <tud_task_ext+0x3e6>
100058a0:	e13d      	b.n	10005b1e <tud_task_ext+0x662>
100058a2:	2101      	movs	r1, #1
100058a4:	79c2      	ldrb	r2, [r0, #7]
100058a6:	1193      	asrs	r3, r2, #6
100058a8:	1152      	asrs	r2, r2, #5
100058aa:	400b      	ands	r3, r1
100058ac:	400a      	ands	r2, r1
100058ae:	0112      	lsls	r2, r2, #4
100058b0:	015b      	lsls	r3, r3, #5
100058b2:	4313      	orrs	r3, r2
100058b4:	4a9d      	ldr	r2, [pc, #628]	; (10005b2c <tud_task_ext+0x670>)
100058b6:	312f      	adds	r1, #47	; 0x2f
100058b8:	7812      	ldrb	r2, [r2, #0]
100058ba:	438a      	bics	r2, r1
100058bc:	4313      	orrs	r3, r2
100058be:	4a9b      	ldr	r2, [pc, #620]	; (10005b2c <tud_task_ext+0x670>)
100058c0:	7013      	strb	r3, [r2, #0]
100058c2:	2309      	movs	r3, #9
100058c4:	4699      	mov	r9, r3
100058c6:	78c3      	ldrb	r3, [r0, #3]
100058c8:	7882      	ldrb	r2, [r0, #2]
100058ca:	021b      	lsls	r3, r3, #8
100058cc:	4313      	orrs	r3, r2
100058ce:	18c3      	adds	r3, r0, r3
100058d0:	9302      	str	r3, [sp, #8]
100058d2:	4b99      	ldr	r3, [pc, #612]	; (10005b38 <tud_task_ext+0x67c>)
100058d4:	4481      	add	r9, r0
100058d6:	4698      	mov	r8, r3
100058d8:	464f      	mov	r7, r9
100058da:	9b02      	ldr	r3, [sp, #8]
100058dc:	42bb      	cmp	r3, r7
100058de:	d800      	bhi.n	100058e2 <tud_task_ext+0x426>
100058e0:	e0fe      	b.n	10005ae0 <tud_task_ext+0x624>
100058e2:	2201      	movs	r2, #1
100058e4:	787b      	ldrb	r3, [r7, #1]
100058e6:	9201      	str	r2, [sp, #4]
100058e8:	2b0b      	cmp	r3, #11
100058ea:	d104      	bne.n	100058f6 <tud_task_ext+0x43a>
100058ec:	78fb      	ldrb	r3, [r7, #3]
100058ee:	9301      	str	r3, [sp, #4]
100058f0:	783b      	ldrb	r3, [r7, #0]
100058f2:	18ff      	adds	r7, r7, r3
100058f4:	787b      	ldrb	r3, [r7, #1]
100058f6:	2b04      	cmp	r3, #4
100058f8:	d000      	beq.n	100058fc <tud_task_ext+0x440>
100058fa:	e110      	b.n	10005b1e <tud_task_ext+0x662>
100058fc:	9b02      	ldr	r3, [sp, #8]
100058fe:	46b9      	mov	r9, r7
10005900:	1bdb      	subs	r3, r3, r7
10005902:	b29b      	uxth	r3, r3
10005904:	9303      	str	r3, [sp, #12]
10005906:	4b8a      	ldr	r3, [pc, #552]	; (10005b30 <tud_task_ext+0x674>)
10005908:	781e      	ldrb	r6, [r3, #0]
1000590a:	2300      	movs	r3, #0
1000590c:	001f      	movs	r7, r3
1000590e:	e019      	b.n	10005944 <tud_task_ext+0x488>
10005910:	4642      	mov	r2, r8
10005912:	6812      	ldr	r2, [r2, #0]
10005914:	017b      	lsls	r3, r7, #5
10005916:	18d6      	adds	r6, r2, r3
10005918:	2e00      	cmp	r6, #0
1000591a:	d100      	bne.n	1000591e <tud_task_ext+0x462>
1000591c:	e0ff      	b.n	10005b1e <tud_task_ext+0x662>
1000591e:	4649      	mov	r1, r9
10005920:	4658      	mov	r0, fp
10005922:	9a03      	ldr	r2, [sp, #12]
10005924:	6933      	ldr	r3, [r6, #16]
10005926:	4798      	blx	r3
10005928:	9005      	str	r0, [sp, #20]
1000592a:	2808      	cmp	r0, #8
1000592c:	d903      	bls.n	10005936 <tud_task_ext+0x47a>
1000592e:	9a03      	ldr	r2, [sp, #12]
10005930:	4282      	cmp	r2, r0
10005932:	d300      	bcc.n	10005936 <tud_task_ext+0x47a>
10005934:	e0d7      	b.n	10005ae6 <tud_task_ext+0x62a>
10005936:	4b7e      	ldr	r3, [pc, #504]	; (10005b30 <tud_task_ext+0x674>)
10005938:	3701      	adds	r7, #1
1000593a:	781e      	ldrb	r6, [r3, #0]
1000593c:	b2ff      	uxtb	r7, r7
1000593e:	42be      	cmp	r6, r7
10005940:	d200      	bcs.n	10005944 <tud_task_ext+0x488>
10005942:	e0ec      	b.n	10005b1e <tud_task_ext+0x662>
10005944:	42be      	cmp	r6, r7
10005946:	d8e3      	bhi.n	10005910 <tud_task_ext+0x454>
10005948:	4b7a      	ldr	r3, [pc, #488]	; (10005b34 <tud_task_ext+0x678>)
1000594a:	1bbe      	subs	r6, r7, r6
1000594c:	469c      	mov	ip, r3
1000594e:	0176      	lsls	r6, r6, #5
10005950:	4466      	add	r6, ip
10005952:	e7e4      	b.n	1000591e <tud_task_ext+0x462>
10005954:	4b75      	ldr	r3, [pc, #468]	; (10005b2c <tud_task_ext+0x670>)
10005956:	aa06      	add	r2, sp, #24
10005958:	785b      	ldrb	r3, [r3, #1]
1000595a:	3202      	adds	r2, #2
1000595c:	7013      	strb	r3, [r2, #0]
1000595e:	4658      	mov	r0, fp
10005960:	2301      	movs	r3, #1
10005962:	a908      	add	r1, sp, #32
10005964:	f000 fa56 	bl	10005e14 <tud_control_xfer>
10005968:	e5b8      	b.n	100054dc <tud_task_ext+0x20>
1000596a:	88e0      	ldrh	r0, [r4, #6]
1000596c:	0a03      	lsrs	r3, r0, #8
1000596e:	b2c0      	uxtb	r0, r0
10005970:	2b0f      	cmp	r3, #15
10005972:	d900      	bls.n	10005976 <tud_task_ext+0x4ba>
10005974:	e63d      	b.n	100055f2 <tud_task_ext+0x136>
10005976:	4971      	ldr	r1, [pc, #452]	; (10005b3c <tud_task_ext+0x680>)
10005978:	009a      	lsls	r2, r3, #2
1000597a:	588a      	ldr	r2, [r1, r2]
1000597c:	4697      	mov	pc, r2
1000597e:	a808      	add	r0, sp, #32
10005980:	f000 fab6 	bl	10005ef0 <usbd_control_set_request>
10005984:	4658      	mov	r0, fp
10005986:	79a1      	ldrb	r1, [r4, #6]
10005988:	f7ff fbcc 	bl	10005124 <dcd_set_address>
1000598c:	2202      	movs	r2, #2
1000598e:	4b67      	ldr	r3, [pc, #412]	; (10005b2c <tud_task_ext+0x670>)
10005990:	781b      	ldrb	r3, [r3, #0]
10005992:	4313      	orrs	r3, r2
10005994:	4a65      	ldr	r2, [pc, #404]	; (10005b2c <tud_task_ext+0x670>)
10005996:	7013      	strb	r3, [r2, #0]
10005998:	e5a0      	b.n	100054dc <tud_task_ext+0x20>
1000599a:	88e3      	ldrh	r3, [r4, #6]
1000599c:	2b01      	cmp	r3, #1
1000599e:	d000      	beq.n	100059a2 <tud_task_ext+0x4e6>
100059a0:	e627      	b.n	100055f2 <tud_task_ext+0x136>
100059a2:	2208      	movs	r2, #8
100059a4:	4b61      	ldr	r3, [pc, #388]	; (10005b2c <tud_task_ext+0x670>)
100059a6:	781b      	ldrb	r3, [r3, #0]
100059a8:	4393      	bics	r3, r2
100059aa:	4a60      	ldr	r2, [pc, #384]	; (10005b2c <tud_task_ext+0x670>)
100059ac:	7013      	strb	r3, [r2, #0]
100059ae:	e745      	b.n	1000583c <tud_task_ext+0x380>
100059b0:	2002      	movs	r0, #2
100059b2:	4b5e      	ldr	r3, [pc, #376]	; (10005b2c <tud_task_ext+0x670>)
100059b4:	7819      	ldrb	r1, [r3, #0]
100059b6:	ab06      	add	r3, sp, #24
100059b8:	1c9a      	adds	r2, r3, #2
100059ba:	068b      	lsls	r3, r1, #26
100059bc:	0889      	lsrs	r1, r1, #2
100059be:	0fdb      	lsrs	r3, r3, #31
100059c0:	4001      	ands	r1, r0
100059c2:	430b      	orrs	r3, r1
100059c4:	8013      	strh	r3, [r2, #0]
100059c6:	4658      	mov	r0, fp
100059c8:	2302      	movs	r3, #2
100059ca:	a908      	add	r1, sp, #32
100059cc:	f000 fa22 	bl	10005e14 <tud_control_xfer>
100059d0:	e584      	b.n	100054dc <tud_task_ext+0x20>
100059d2:	88e3      	ldrh	r3, [r4, #6]
100059d4:	2b01      	cmp	r3, #1
100059d6:	d000      	beq.n	100059da <tud_task_ext+0x51e>
100059d8:	e60b      	b.n	100055f2 <tud_task_ext+0x136>
100059da:	2208      	movs	r2, #8
100059dc:	4b53      	ldr	r3, [pc, #332]	; (10005b2c <tud_task_ext+0x670>)
100059de:	781b      	ldrb	r3, [r3, #0]
100059e0:	4313      	orrs	r3, r2
100059e2:	e7e2      	b.n	100059aa <tud_task_ext+0x4ee>
100059e4:	7a23      	ldrb	r3, [r4, #8]
100059e6:	2b0f      	cmp	r3, #15
100059e8:	d900      	bls.n	100059ec <tud_task_ext+0x530>
100059ea:	e602      	b.n	100055f2 <tud_task_ext+0x136>
100059ec:	4a4f      	ldr	r2, [pc, #316]	; (10005b2c <tud_task_ext+0x670>)
100059ee:	4694      	mov	ip, r2
100059f0:	4463      	add	r3, ip
100059f2:	791e      	ldrb	r6, [r3, #4]
100059f4:	4b4e      	ldr	r3, [pc, #312]	; (10005b30 <tud_task_ext+0x674>)
100059f6:	781b      	ldrb	r3, [r3, #0]
100059f8:	429e      	cmp	r6, r3
100059fa:	d227      	bcs.n	10005a4c <tud_task_ext+0x590>
100059fc:	4a4e      	ldr	r2, [pc, #312]	; (10005b38 <tud_task_ext+0x67c>)
100059fe:	0173      	lsls	r3, r6, #5
10005a00:	6816      	ldr	r6, [r2, #0]
10005a02:	18f6      	adds	r6, r6, r3
10005a04:	2e00      	cmp	r6, #0
10005a06:	d100      	bne.n	10005a0a <tud_task_ext+0x54e>
10005a08:	e5f3      	b.n	100055f2 <tud_task_ext+0x136>
10005a0a:	6970      	ldr	r0, [r6, #20]
10005a0c:	f000 fa6a 	bl	10005ee4 <usbd_control_set_complete_callback>
10005a10:	2101      	movs	r1, #1
10005a12:	4658      	mov	r0, fp
10005a14:	6973      	ldr	r3, [r6, #20]
10005a16:	aa08      	add	r2, sp, #32
10005a18:	4798      	blx	r3
10005a1a:	e69c      	b.n	10005756 <tud_task_ext+0x29a>
10005a1c:	2700      	movs	r7, #0
10005a1e:	2a00      	cmp	r2, #0
10005a20:	d000      	beq.n	10005a24 <tud_task_ext+0x568>
10005a22:	e5e6      	b.n	100055f2 <tud_task_ext+0x136>
10005a24:	2202      	movs	r2, #2
10005a26:	7963      	ldrb	r3, [r4, #5]
10005a28:	4699      	mov	r9, r3
10005a2a:	4393      	bics	r3, r2
10005a2c:	2b01      	cmp	r3, #1
10005a2e:	d012      	beq.n	10005a56 <tud_task_ext+0x59a>
10005a30:	464b      	mov	r3, r9
10005a32:	2b00      	cmp	r3, #0
10005a34:	d000      	beq.n	10005a38 <tud_task_ext+0x57c>
10005a36:	e5dc      	b.n	100055f2 <tud_task_ext+0x136>
10005a38:	4b3c      	ldr	r3, [pc, #240]	; (10005b2c <tud_task_ext+0x670>)
10005a3a:	aa06      	add	r2, sp, #24
10005a3c:	199b      	adds	r3, r3, r6
10005a3e:	4443      	add	r3, r8
10005a40:	3330      	adds	r3, #48	; 0x30
10005a42:	791b      	ldrb	r3, [r3, #4]
10005a44:	3202      	adds	r2, #2
10005a46:	079b      	lsls	r3, r3, #30
10005a48:	0fdb      	lsrs	r3, r3, #31
10005a4a:	e7bb      	b.n	100059c4 <tud_task_ext+0x508>
10005a4c:	429e      	cmp	r6, r3
10005a4e:	d000      	beq.n	10005a52 <tud_task_ext+0x596>
10005a50:	e5cf      	b.n	100055f2 <tud_task_ext+0x136>
10005a52:	4e38      	ldr	r6, [pc, #224]	; (10005b34 <tud_task_ext+0x678>)
10005a54:	e7d9      	b.n	10005a0a <tud_task_ext+0x54e>
10005a56:	88e3      	ldrh	r3, [r4, #6]
10005a58:	2b00      	cmp	r3, #0
10005a5a:	d112      	bne.n	10005a82 <tud_task_ext+0x5c6>
10005a5c:	464b      	mov	r3, r9
10005a5e:	2b01      	cmp	r3, #1
10005a60:	d024      	beq.n	10005aac <tud_task_ext+0x5f0>
10005a62:	4b37      	ldr	r3, [pc, #220]	; (10005b40 <tud_task_ext+0x684>)
10005a64:	7818      	ldrb	r0, [r3, #0]
10005a66:	f7ff fc15 	bl	10005294 <dcd_edpt_stall>
10005a6a:	2102      	movs	r1, #2
10005a6c:	4b2f      	ldr	r3, [pc, #188]	; (10005b2c <tud_task_ext+0x670>)
10005a6e:	199b      	adds	r3, r3, r6
10005a70:	4443      	add	r3, r8
10005a72:	3330      	adds	r3, #48	; 0x30
10005a74:	791a      	ldrb	r2, [r3, #4]
10005a76:	430a      	orrs	r2, r1
10005a78:	2101      	movs	r1, #1
10005a7a:	711a      	strb	r2, [r3, #4]
10005a7c:	791a      	ldrb	r2, [r3, #4]
10005a7e:	430a      	orrs	r2, r1
10005a80:	711a      	strb	r2, [r3, #4]
10005a82:	2f00      	cmp	r7, #0
10005a84:	d100      	bne.n	10005a88 <tud_task_ext+0x5cc>
10005a86:	e529      	b.n	100054dc <tud_task_ext+0x20>
10005a88:	6978      	ldr	r0, [r7, #20]
10005a8a:	f000 fa2b 	bl	10005ee4 <usbd_control_set_complete_callback>
10005a8e:	697b      	ldr	r3, [r7, #20]
10005a90:	aa08      	add	r2, sp, #32
10005a92:	2101      	movs	r1, #1
10005a94:	4658      	mov	r0, fp
10005a96:	4798      	blx	r3
10005a98:	2000      	movs	r0, #0
10005a9a:	f000 fa23 	bl	10005ee4 <usbd_control_set_complete_callback>
10005a9e:	2335      	movs	r3, #53	; 0x35
10005aa0:	4a22      	ldr	r2, [pc, #136]	; (10005b2c <tud_task_ext+0x670>)
10005aa2:	5cd3      	ldrb	r3, [r2, r3]
10005aa4:	07db      	lsls	r3, r3, #31
10005aa6:	d500      	bpl.n	10005aaa <tud_task_ext+0x5ee>
10005aa8:	e518      	b.n	100054dc <tud_task_ext+0x20>
10005aaa:	e6c7      	b.n	1000583c <tud_task_ext+0x380>
10005aac:	4b24      	ldr	r3, [pc, #144]	; (10005b40 <tud_task_ext+0x684>)
10005aae:	7818      	ldrb	r0, [r3, #0]
10005ab0:	f7ff fc0c 	bl	100052cc <dcd_edpt_clear_stall>
10005ab4:	2102      	movs	r1, #2
10005ab6:	4b1d      	ldr	r3, [pc, #116]	; (10005b2c <tud_task_ext+0x670>)
10005ab8:	199b      	adds	r3, r3, r6
10005aba:	4443      	add	r3, r8
10005abc:	3330      	adds	r3, #48	; 0x30
10005abe:	791a      	ldrb	r2, [r3, #4]
10005ac0:	438a      	bics	r2, r1
10005ac2:	4649      	mov	r1, r9
10005ac4:	711a      	strb	r2, [r3, #4]
10005ac6:	791a      	ldrb	r2, [r3, #4]
10005ac8:	438a      	bics	r2, r1
10005aca:	711a      	strb	r2, [r3, #4]
10005acc:	e7d9      	b.n	10005a82 <tud_task_ext+0x5c6>
10005ace:	ab06      	add	r3, sp, #24
10005ad0:	1c9a      	adds	r2, r3, #2
10005ad2:	4658      	mov	r0, fp
10005ad4:	2301      	movs	r3, #1
10005ad6:	a908      	add	r1, sp, #32
10005ad8:	7016      	strb	r6, [r2, #0]
10005ada:	f000 f99b 	bl	10005e14 <tud_control_xfer>
10005ade:	e4fd      	b.n	100054dc <tud_task_ext+0x20>
10005ae0:	f7ff fc5c 	bl	1000539c <tud_mount_cb>
10005ae4:	e6aa      	b.n	1000583c <tud_task_ext+0x380>
10005ae6:	003b      	movs	r3, r7
10005ae8:	464f      	mov	r7, r9
10005aea:	4699      	mov	r9, r3
10005aec:	9b01      	ldr	r3, [sp, #4]
10005aee:	2b01      	cmp	r3, #1
10005af0:	d100      	bne.n	10005af4 <tud_task_ext+0x638>
10005af2:	e085      	b.n	10005c00 <tud_task_ext+0x744>
10005af4:	9b01      	ldr	r3, [sp, #4]
10005af6:	2b00      	cmp	r3, #0
10005af8:	d073      	beq.n	10005be2 <tud_task_ext+0x726>
10005afa:	2300      	movs	r3, #0
10005afc:	464e      	mov	r6, r9
10005afe:	78b9      	ldrb	r1, [r7, #2]
10005b00:	e005      	b.n	10005b0e <tud_task_ext+0x652>
10005b02:	7116      	strb	r6, [r2, #4]
10005b04:	3301      	adds	r3, #1
10005b06:	9a01      	ldr	r2, [sp, #4]
10005b08:	b2db      	uxtb	r3, r3
10005b0a:	4293      	cmp	r3, r2
10005b0c:	d268      	bcs.n	10005be0 <tud_task_ext+0x724>
10005b0e:	4807      	ldr	r0, [pc, #28]	; (10005b2c <tud_task_ext+0x670>)
10005b10:	18ca      	adds	r2, r1, r3
10005b12:	4684      	mov	ip, r0
10005b14:	b2d2      	uxtb	r2, r2
10005b16:	4462      	add	r2, ip
10005b18:	7910      	ldrb	r0, [r2, #4]
10005b1a:	28ff      	cmp	r0, #255	; 0xff
10005b1c:	d0f1      	beq.n	10005b02 <tud_task_ext+0x646>
10005b1e:	2300      	movs	r3, #0
10005b20:	4a02      	ldr	r2, [pc, #8]	; (10005b2c <tud_task_ext+0x670>)
10005b22:	7053      	strb	r3, [r2, #1]
10005b24:	e565      	b.n	100055f2 <tud_task_ext+0x136>
10005b26:	f7ff fc3b 	bl	100053a0 <tud_umount_cb>
10005b2a:	e687      	b.n	1000583c <tud_task_ext+0x380>
10005b2c:	200015e8 	.word	0x200015e8
10005b30:	20001cd5 	.word	0x20001cd5
10005b34:	10007390 	.word	0x10007390
10005b38:	20001438 	.word	0x20001438
10005b3c:	10007334 	.word	0x10007334
10005b40:	200010a4 	.word	0x200010a4
10005b44:	2100      	movs	r1, #0
10005b46:	4658      	mov	r0, fp
10005b48:	f7ff faf6 	bl	10005138 <dcd_sof_enable>
10005b4c:	4658      	mov	r0, fp
10005b4e:	f7ff fb8b 	bl	10005268 <dcd_edpt_close_all>
10005b52:	2200      	movs	r2, #0
10005b54:	4e42      	ldr	r6, [pc, #264]	; (10005c60 <tud_task_ext+0x7a4>)
10005b56:	4690      	mov	r8, r2
10005b58:	4a42      	ldr	r2, [pc, #264]	; (10005c64 <tud_task_ext+0x7a8>)
10005b5a:	4b43      	ldr	r3, [pc, #268]	; (10005c68 <tud_task_ext+0x7ac>)
10005b5c:	4691      	mov	r9, r2
10005b5e:	0032      	movs	r2, r6
10005b60:	789b      	ldrb	r3, [r3, #2]
10005b62:	9301      	str	r3, [sp, #4]
10005b64:	7833      	ldrb	r3, [r6, #0]
10005b66:	4646      	mov	r6, r8
10005b68:	4690      	mov	r8, r2
10005b6a:	e00f      	b.n	10005b8c <tud_task_ext+0x6d0>
10005b6c:	464a      	mov	r2, r9
10005b6e:	6812      	ldr	r2, [r2, #0]
10005b70:	0173      	lsls	r3, r6, #5
10005b72:	4694      	mov	ip, r2
10005b74:	4463      	add	r3, ip
10005b76:	2b00      	cmp	r3, #0
10005b78:	d020      	beq.n	10005bbc <tud_task_ext+0x700>
10005b7a:	68db      	ldr	r3, [r3, #12]
10005b7c:	4658      	mov	r0, fp
10005b7e:	4798      	blx	r3
10005b80:	4643      	mov	r3, r8
10005b82:	3601      	adds	r6, #1
10005b84:	781b      	ldrb	r3, [r3, #0]
10005b86:	b2f6      	uxtb	r6, r6
10005b88:	42b3      	cmp	r3, r6
10005b8a:	d307      	bcc.n	10005b9c <tud_task_ext+0x6e0>
10005b8c:	42b3      	cmp	r3, r6
10005b8e:	d8ed      	bhi.n	10005b6c <tud_task_ext+0x6b0>
10005b90:	4a36      	ldr	r2, [pc, #216]	; (10005c6c <tud_task_ext+0x7b0>)
10005b92:	1af3      	subs	r3, r6, r3
10005b94:	4694      	mov	ip, r2
10005b96:	015b      	lsls	r3, r3, #5
10005b98:	4463      	add	r3, ip
10005b9a:	e7ee      	b.n	10005b7a <tud_task_ext+0x6be>
10005b9c:	2254      	movs	r2, #84	; 0x54
10005b9e:	2100      	movs	r1, #0
10005ba0:	4831      	ldr	r0, [pc, #196]	; (10005c68 <tud_task_ext+0x7ac>)
10005ba2:	f7fd f983 	bl	10002eac <__wrap_memset>
10005ba6:	4b30      	ldr	r3, [pc, #192]	; (10005c68 <tud_task_ext+0x7ac>)
10005ba8:	2210      	movs	r2, #16
10005baa:	21ff      	movs	r1, #255	; 0xff
10005bac:	1d18      	adds	r0, r3, #4
10005bae:	f7fd f97d 	bl	10002eac <__wrap_memset>
10005bb2:	2220      	movs	r2, #32
10005bb4:	21ff      	movs	r1, #255	; 0xff
10005bb6:	482e      	ldr	r0, [pc, #184]	; (10005c70 <tud_task_ext+0x7b4>)
10005bb8:	f7fd f978 	bl	10002eac <__wrap_memset>
10005bbc:	4b2a      	ldr	r3, [pc, #168]	; (10005c68 <tud_task_ext+0x7ac>)
10005bbe:	9a01      	ldr	r2, [sp, #4]
10005bc0:	709a      	strb	r2, [r3, #2]
10005bc2:	e65d      	b.n	10005880 <tud_task_ext+0x3c4>
10005bc4:	f7ff fa26 	bl	10005014 <tud_descriptor_bos_cb>
10005bc8:	1e02      	subs	r2, r0, #0
10005bca:	d100      	bne.n	10005bce <tud_task_ext+0x712>
10005bcc:	e511      	b.n	100055f2 <tud_task_ext+0x136>
10005bce:	78d3      	ldrb	r3, [r2, #3]
10005bd0:	7891      	ldrb	r1, [r2, #2]
10005bd2:	021b      	lsls	r3, r3, #8
10005bd4:	430b      	orrs	r3, r1
10005bd6:	4658      	mov	r0, fp
10005bd8:	a908      	add	r1, sp, #32
10005bda:	f000 f91b 	bl	10005e14 <tud_control_xfer>
10005bde:	e5ba      	b.n	10005756 <tud_task_ext+0x29a>
10005be0:	46b1      	mov	r9, r6
10005be2:	9e05      	ldr	r6, [sp, #20]
10005be4:	464b      	mov	r3, r9
10005be6:	0039      	movs	r1, r7
10005be8:	0032      	movs	r2, r6
10005bea:	4821      	ldr	r0, [pc, #132]	; (10005c70 <tud_task_ext+0x7b4>)
10005bec:	f000 fd6c 	bl	100066c8 <tu_edpt_bind_driver>
10005bf0:	46b4      	mov	ip, r6
10005bf2:	4b1b      	ldr	r3, [pc, #108]	; (10005c60 <tud_task_ext+0x7a4>)
10005bf4:	4467      	add	r7, ip
10005bf6:	781b      	ldrb	r3, [r3, #0]
10005bf8:	454b      	cmp	r3, r9
10005bfa:	d300      	bcc.n	10005bfe <tud_task_ext+0x742>
10005bfc:	e66d      	b.n	100058da <tud_task_ext+0x41e>
10005bfe:	e78e      	b.n	10005b1e <tud_task_ext+0x662>
10005c00:	4b1c      	ldr	r3, [pc, #112]	; (10005c74 <tud_task_ext+0x7b8>)
10005c02:	6932      	ldr	r2, [r6, #16]
10005c04:	429a      	cmp	r2, r3
10005c06:	d000      	beq.n	10005c0a <tud_task_ext+0x74e>
10005c08:	e777      	b.n	10005afa <tud_task_ext+0x63e>
10005c0a:	9b04      	ldr	r3, [sp, #16]
10005c0c:	9301      	str	r3, [sp, #4]
10005c0e:	e774      	b.n	10005afa <tud_task_ext+0x63e>
10005c10:	f7ff fbc0 	bl	10005394 <tud_descriptor_device_qualifier_cb>
10005c14:	1e02      	subs	r2, r0, #0
10005c16:	d100      	bne.n	10005c1a <tud_task_ext+0x75e>
10005c18:	e4eb      	b.n	100055f2 <tud_task_ext+0x136>
10005c1a:	4658      	mov	r0, fp
10005c1c:	7813      	ldrb	r3, [r2, #0]
10005c1e:	a908      	add	r1, sp, #32
10005c20:	f000 f8f8 	bl	10005e14 <tud_control_xfer>
10005c24:	e597      	b.n	10005756 <tud_task_ext+0x29a>
10005c26:	8921      	ldrh	r1, [r4, #8]
10005c28:	f7ff f86c 	bl	10004d04 <tud_descriptor_string_cb>
10005c2c:	1e02      	subs	r2, r0, #0
10005c2e:	d1f4      	bne.n	10005c1a <tud_task_ext+0x75e>
10005c30:	e4df      	b.n	100055f2 <tud_task_ext+0x136>
10005c32:	2b02      	cmp	r3, #2
10005c34:	d00f      	beq.n	10005c56 <tud_task_ext+0x79a>
10005c36:	f7ff fbaf 	bl	10005398 <tud_descriptor_other_speed_configuration_cb>
10005c3a:	1e02      	subs	r2, r0, #0
10005c3c:	d1c7      	bne.n	10005bce <tud_task_ext+0x712>
10005c3e:	e4d8      	b.n	100055f2 <tud_task_ext+0x136>
10005c40:	f7ff f858 	bl	10004cf4 <tud_descriptor_device_cb>
10005c44:	1e02      	subs	r2, r0, #0
10005c46:	d100      	bne.n	10005c4a <tud_task_ext+0x78e>
10005c48:	e4d3      	b.n	100055f2 <tud_task_ext+0x136>
10005c4a:	2312      	movs	r3, #18
10005c4c:	4658      	mov	r0, fp
10005c4e:	a908      	add	r1, sp, #32
10005c50:	f000 f8e0 	bl	10005e14 <tud_control_xfer>
10005c54:	e57f      	b.n	10005756 <tud_task_ext+0x29a>
10005c56:	f7ff f851 	bl	10004cfc <tud_descriptor_configuration_cb>
10005c5a:	1e02      	subs	r2, r0, #0
10005c5c:	d1b7      	bne.n	10005bce <tud_task_ext+0x712>
10005c5e:	e4c8      	b.n	100055f2 <tud_task_ext+0x136>
10005c60:	20001cd5 	.word	0x20001cd5
10005c64:	20001438 	.word	0x20001438
10005c68:	200015e8 	.word	0x200015e8
10005c6c:	10007390 	.word	0x10007390
10005c70:	200015fc 	.word	0x200015fc
10005c74:	100062f5 	.word	0x100062f5

10005c78 <usbd_open_edpt_pair>:
10005c78:	b5f8      	push	{r3, r4, r5, r6, r7, lr}
10005c7a:	4657      	mov	r7, sl
10005c7c:	464e      	mov	r6, r9
10005c7e:	46de      	mov	lr, fp
10005c80:	4645      	mov	r5, r8
10005c82:	000c      	movs	r4, r1
10005c84:	b5e0      	push	{r5, r6, r7, lr}
10005c86:	0016      	movs	r6, r2
10005c88:	001f      	movs	r7, r3
10005c8a:	2a00      	cmp	r2, #0
10005c8c:	d03c      	beq.n	10005d08 <usbd_open_edpt_pair+0x90>
10005c8e:	2370      	movs	r3, #112	; 0x70
10005c90:	4698      	mov	r8, r3
10005c92:	4b1e      	ldr	r3, [pc, #120]	; (10005d0c <usbd_open_edpt_pair+0x94>)
10005c94:	2500      	movs	r5, #0
10005c96:	469b      	mov	fp, r3
10005c98:	4b1d      	ldr	r3, [pc, #116]	; (10005d10 <usbd_open_edpt_pair+0x98>)
10005c9a:	469a      	mov	sl, r3
10005c9c:	e01a      	b.n	10005cd4 <usbd_open_edpt_pair+0x5c>
10005c9e:	465b      	mov	r3, fp
10005ca0:	781b      	ldrb	r3, [r3, #0]
10005ca2:	0020      	movs	r0, r4
10005ca4:	4699      	mov	r9, r3
10005ca6:	4653      	mov	r3, sl
10005ca8:	7899      	ldrb	r1, [r3, #2]
10005caa:	f000 fcd1 	bl	10006650 <tu_edpt_validate>
10005cae:	2800      	cmp	r0, #0
10005cb0:	d01c      	beq.n	10005cec <usbd_open_edpt_pair+0x74>
10005cb2:	0021      	movs	r1, r4
10005cb4:	4648      	mov	r0, r9
10005cb6:	f7ff fa5b 	bl	10005170 <dcd_edpt_open>
10005cba:	2800      	cmp	r0, #0
10005cbc:	d016      	beq.n	10005cec <usbd_open_edpt_pair+0x74>
10005cbe:	78a3      	ldrb	r3, [r4, #2]
10005cc0:	09da      	lsrs	r2, r3, #7
10005cc2:	2a01      	cmp	r2, #1
10005cc4:	d019      	beq.n	10005cfa <usbd_open_edpt_pair+0x82>
10005cc6:	9a0a      	ldr	r2, [sp, #40]	; 0x28
10005cc8:	3501      	adds	r5, #1
10005cca:	7013      	strb	r3, [r2, #0]
10005ccc:	7823      	ldrb	r3, [r4, #0]
10005cce:	18e4      	adds	r4, r4, r3
10005cd0:	42b5      	cmp	r5, r6
10005cd2:	da19      	bge.n	10005d08 <usbd_open_edpt_pair+0x90>
10005cd4:	7863      	ldrb	r3, [r4, #1]
10005cd6:	2b05      	cmp	r3, #5
10005cd8:	d108      	bne.n	10005cec <usbd_open_edpt_pair+0x74>
10005cda:	78e3      	ldrb	r3, [r4, #3]
10005cdc:	079b      	lsls	r3, r3, #30
10005cde:	0f9b      	lsrs	r3, r3, #30
10005ce0:	42bb      	cmp	r3, r7
10005ce2:	d103      	bne.n	10005cec <usbd_open_edpt_pair+0x74>
10005ce4:	4642      	mov	r2, r8
10005ce6:	78a3      	ldrb	r3, [r4, #2]
10005ce8:	421a      	tst	r2, r3
10005cea:	d0d8      	beq.n	10005c9e <usbd_open_edpt_pair+0x26>
10005cec:	2000      	movs	r0, #0
10005cee:	bcf0      	pop	{r4, r5, r6, r7}
10005cf0:	46bb      	mov	fp, r7
10005cf2:	46b2      	mov	sl, r6
10005cf4:	46a9      	mov	r9, r5
10005cf6:	46a0      	mov	r8, r4
10005cf8:	bdf8      	pop	{r3, r4, r5, r6, r7, pc}
10005cfa:	9a0b      	ldr	r2, [sp, #44]	; 0x2c
10005cfc:	3501      	adds	r5, #1
10005cfe:	7013      	strb	r3, [r2, #0]
10005d00:	7823      	ldrb	r3, [r4, #0]
10005d02:	18e4      	adds	r4, r4, r3
10005d04:	42b5      	cmp	r5, r6
10005d06:	dbe5      	blt.n	10005cd4 <usbd_open_edpt_pair+0x5c>
10005d08:	2001      	movs	r0, #1
10005d0a:	e7f0      	b.n	10005cee <usbd_open_edpt_pair+0x76>
10005d0c:	200010a4 	.word	0x200010a4
10005d10:	200015e8 	.word	0x200015e8

10005d14 <usbd_edpt_open>:
10005d14:	2270      	movs	r2, #112	; 0x70
10005d16:	b570      	push	{r4, r5, r6, lr}
10005d18:	788b      	ldrb	r3, [r1, #2]
10005d1a:	000c      	movs	r4, r1
10005d1c:	421a      	tst	r2, r3
10005d1e:	d001      	beq.n	10005d24 <usbd_edpt_open+0x10>
10005d20:	2000      	movs	r0, #0
10005d22:	bd70      	pop	{r4, r5, r6, pc}
10005d24:	4b06      	ldr	r3, [pc, #24]	; (10005d40 <usbd_edpt_open+0x2c>)
10005d26:	0020      	movs	r0, r4
10005d28:	781d      	ldrb	r5, [r3, #0]
10005d2a:	4b06      	ldr	r3, [pc, #24]	; (10005d44 <usbd_edpt_open+0x30>)
10005d2c:	7899      	ldrb	r1, [r3, #2]
10005d2e:	f000 fc8f 	bl	10006650 <tu_edpt_validate>
10005d32:	2800      	cmp	r0, #0
10005d34:	d0f4      	beq.n	10005d20 <usbd_edpt_open+0xc>
10005d36:	0021      	movs	r1, r4
10005d38:	0028      	movs	r0, r5
10005d3a:	f7ff fa19 	bl	10005170 <dcd_edpt_open>
10005d3e:	e7f0      	b.n	10005d22 <usbd_edpt_open+0xe>
10005d40:	200010a4 	.word	0x200010a4
10005d44:	200015e8 	.word	0x200015e8

10005d48 <usbd_edpt_claim>:
10005d48:	4b07      	ldr	r3, [pc, #28]	; (10005d68 <usbd_edpt_claim+0x20>)
10005d4a:	0008      	movs	r0, r1
10005d4c:	6819      	ldr	r1, [r3, #0]
10005d4e:	237f      	movs	r3, #127	; 0x7f
10005d50:	b510      	push	{r4, lr}
10005d52:	4003      	ands	r3, r0
10005d54:	09c0      	lsrs	r0, r0, #7
10005d56:	005b      	lsls	r3, r3, #1
10005d58:	3034      	adds	r0, #52	; 0x34
10005d5a:	1818      	adds	r0, r3, r0
10005d5c:	4b03      	ldr	r3, [pc, #12]	; (10005d6c <usbd_edpt_claim+0x24>)
10005d5e:	1818      	adds	r0, r3, r0
10005d60:	f000 fc32 	bl	100065c8 <tu_edpt_claim>
10005d64:	bd10      	pop	{r4, pc}
10005d66:	46c0      	nop			; (mov r8, r8)
10005d68:	2000163c 	.word	0x2000163c
10005d6c:	200015e8 	.word	0x200015e8

10005d70 <usbd_edpt_release>:
10005d70:	4b07      	ldr	r3, [pc, #28]	; (10005d90 <usbd_edpt_release+0x20>)
10005d72:	0008      	movs	r0, r1
10005d74:	6819      	ldr	r1, [r3, #0]
10005d76:	237f      	movs	r3, #127	; 0x7f
10005d78:	b510      	push	{r4, lr}
10005d7a:	4003      	ands	r3, r0
10005d7c:	09c0      	lsrs	r0, r0, #7
10005d7e:	005b      	lsls	r3, r3, #1
10005d80:	3034      	adds	r0, #52	; 0x34
10005d82:	1818      	adds	r0, r3, r0
10005d84:	4b03      	ldr	r3, [pc, #12]	; (10005d94 <usbd_edpt_release+0x24>)
10005d86:	1818      	adds	r0, r3, r0
10005d88:	f000 fc46 	bl	10006618 <tu_edpt_release>
10005d8c:	bd10      	pop	{r4, pc}
10005d8e:	46c0      	nop			; (mov r8, r8)
10005d90:	2000163c 	.word	0x2000163c
10005d94:	200015e8 	.word	0x200015e8

10005d98 <usbd_edpt_xfer>:
10005d98:	207f      	movs	r0, #127	; 0x7f
10005d9a:	b570      	push	{r4, r5, r6, lr}
10005d9c:	4008      	ands	r0, r1
10005d9e:	4c0f      	ldr	r4, [pc, #60]	; (10005ddc <usbd_edpt_xfer+0x44>)
10005da0:	0040      	lsls	r0, r0, #1
10005da2:	09cd      	lsrs	r5, r1, #7
10005da4:	1824      	adds	r4, r4, r0
10005da6:	1964      	adds	r4, r4, r5
10005da8:	3430      	adds	r4, #48	; 0x30
10005daa:	7925      	ldrb	r5, [r4, #4]
10005dac:	2000      	movs	r0, #0
10005dae:	07ed      	lsls	r5, r5, #31
10005db0:	d500      	bpl.n	10005db4 <usbd_edpt_xfer+0x1c>
10005db2:	bd70      	pop	{r4, r5, r6, pc}
10005db4:	2601      	movs	r6, #1
10005db6:	7925      	ldrb	r5, [r4, #4]
10005db8:	4809      	ldr	r0, [pc, #36]	; (10005de0 <usbd_edpt_xfer+0x48>)
10005dba:	4335      	orrs	r5, r6
10005dbc:	7800      	ldrb	r0, [r0, #0]
10005dbe:	7125      	strb	r5, [r4, #4]
10005dc0:	f7ff fa56 	bl	10005270 <dcd_edpt_xfer>
10005dc4:	2800      	cmp	r0, #0
10005dc6:	d1f4      	bne.n	10005db2 <usbd_edpt_xfer+0x1a>
10005dc8:	2201      	movs	r2, #1
10005dca:	7923      	ldrb	r3, [r4, #4]
10005dcc:	4393      	bics	r3, r2
10005dce:	7123      	strb	r3, [r4, #4]
10005dd0:	7923      	ldrb	r3, [r4, #4]
10005dd2:	3203      	adds	r2, #3
10005dd4:	4393      	bics	r3, r2
10005dd6:	7123      	strb	r3, [r4, #4]
10005dd8:	e7eb      	b.n	10005db2 <usbd_edpt_xfer+0x1a>
10005dda:	46c0      	nop			; (mov r8, r8)
10005ddc:	200015e8 	.word	0x200015e8
10005de0:	200010a4 	.word	0x200010a4

10005de4 <tud_control_status>:
10005de4:	b570      	push	{r4, r5, r6, lr}
10005de6:	4e0a      	ldr	r6, [pc, #40]	; (10005e10 <tud_control_status+0x2c>)
10005de8:	0005      	movs	r5, r0
10005dea:	0030      	movs	r0, r6
10005dec:	2208      	movs	r2, #8
10005dee:	000c      	movs	r4, r1
10005df0:	f7fd f862 	bl	10002eb8 <__wrap___aeabi_memcpy>
10005df4:	2300      	movs	r3, #0
10005df6:	217f      	movs	r1, #127	; 0x7f
10005df8:	60f3      	str	r3, [r6, #12]
10005dfa:	7822      	ldrb	r2, [r4, #0]
10005dfc:	60b3      	str	r3, [r6, #8]
10005dfe:	4291      	cmp	r1, r2
10005e00:	415b      	adcs	r3, r3
10005e02:	0028      	movs	r0, r5
10005e04:	01d9      	lsls	r1, r3, #7
10005e06:	2200      	movs	r2, #0
10005e08:	2300      	movs	r3, #0
10005e0a:	f7ff ffc5 	bl	10005d98 <usbd_edpt_xfer>
10005e0e:	bd70      	pop	{r4, r5, r6, pc}
10005e10:	200015c8 	.word	0x200015c8

10005e14 <tud_control_xfer>:
10005e14:	b5f8      	push	{r3, r4, r5, r6, r7, lr}
10005e16:	46ce      	mov	lr, r9
10005e18:	4647      	mov	r7, r8
10005e1a:	4691      	mov	r9, r2
10005e1c:	4e2a      	ldr	r6, [pc, #168]	; (10005ec8 <tud_control_xfer+0xb4>)
10005e1e:	b580      	push	{r7, lr}
10005e20:	2208      	movs	r2, #8
10005e22:	0007      	movs	r7, r0
10005e24:	0030      	movs	r0, r6
10005e26:	000d      	movs	r5, r1
10005e28:	4698      	mov	r8, r3
10005e2a:	f7fd f845 	bl	10002eb8 <__wrap___aeabi_memcpy>
10005e2e:	464b      	mov	r3, r9
10005e30:	60b3      	str	r3, [r6, #8]
10005e32:	2300      	movs	r3, #0
10005e34:	81f3      	strh	r3, [r6, #14]
10005e36:	79ec      	ldrb	r4, [r5, #7]
10005e38:	79a9      	ldrb	r1, [r5, #6]
10005e3a:	0224      	lsls	r4, r4, #8
10005e3c:	430c      	orrs	r4, r1
10005e3e:	1c23      	adds	r3, r4, #0
10005e40:	4544      	cmp	r4, r8
10005e42:	d900      	bls.n	10005e46 <tud_control_xfer+0x32>
10005e44:	4643      	mov	r3, r8
10005e46:	b29a      	uxth	r2, r3
10005e48:	4690      	mov	r8, r2
10005e4a:	81b3      	strh	r3, [r6, #12]
10005e4c:	2c00      	cmp	r4, #0
10005e4e:	d013      	beq.n	10005e78 <tud_control_xfer+0x64>
10005e50:	2a00      	cmp	r2, #0
10005e52:	d01f      	beq.n	10005e94 <tud_control_xfer+0x80>
10005e54:	464b      	mov	r3, r9
10005e56:	2b00      	cmp	r3, #0
10005e58:	d034      	beq.n	10005ec4 <tud_control_xfer+0xb0>
10005e5a:	1c13      	adds	r3, r2, #0
10005e5c:	2a40      	cmp	r2, #64	; 0x40
10005e5e:	d81f      	bhi.n	10005ea0 <tud_control_xfer+0x8c>
10005e60:	b29b      	uxth	r3, r3
10005e62:	4698      	mov	r8, r3
10005e64:	7833      	ldrb	r3, [r6, #0]
10005e66:	2b7f      	cmp	r3, #127	; 0x7f
10005e68:	d820      	bhi.n	10005eac <tud_control_xfer+0x98>
10005e6a:	2100      	movs	r1, #0
10005e6c:	4a17      	ldr	r2, [pc, #92]	; (10005ecc <tud_control_xfer+0xb8>)
10005e6e:	4643      	mov	r3, r8
10005e70:	0038      	movs	r0, r7
10005e72:	f7ff ff91 	bl	10005d98 <usbd_edpt_xfer>
10005e76:	e009      	b.n	10005e8c <tud_control_xfer+0x78>
10005e78:	227f      	movs	r2, #127	; 0x7f
10005e7a:	782b      	ldrb	r3, [r5, #0]
10005e7c:	0038      	movs	r0, r7
10005e7e:	429a      	cmp	r2, r3
10005e80:	4164      	adcs	r4, r4
10005e82:	2300      	movs	r3, #0
10005e84:	2200      	movs	r2, #0
10005e86:	01e1      	lsls	r1, r4, #7
10005e88:	f7ff ff86 	bl	10005d98 <usbd_edpt_xfer>
10005e8c:	bcc0      	pop	{r6, r7}
10005e8e:	46b9      	mov	r9, r7
10005e90:	46b0      	mov	r8, r6
10005e92:	bdf8      	pop	{r3, r4, r5, r6, r7, pc}
10005e94:	7833      	ldrb	r3, [r6, #0]
10005e96:	2b7f      	cmp	r3, #127	; 0x7f
10005e98:	d911      	bls.n	10005ebe <tud_control_xfer+0xaa>
10005e9a:	2180      	movs	r1, #128	; 0x80
10005e9c:	2200      	movs	r2, #0
10005e9e:	e7e6      	b.n	10005e6e <tud_control_xfer+0x5a>
10005ea0:	2340      	movs	r3, #64	; 0x40
10005ea2:	b29b      	uxth	r3, r3
10005ea4:	4698      	mov	r8, r3
10005ea6:	7833      	ldrb	r3, [r6, #0]
10005ea8:	2b7f      	cmp	r3, #127	; 0x7f
10005eaa:	d9de      	bls.n	10005e6a <tud_control_xfer+0x56>
10005eac:	4c07      	ldr	r4, [pc, #28]	; (10005ecc <tud_control_xfer+0xb8>)
10005eae:	4642      	mov	r2, r8
10005eb0:	4649      	mov	r1, r9
10005eb2:	0020      	movs	r0, r4
10005eb4:	f7fd f800 	bl	10002eb8 <__wrap___aeabi_memcpy>
10005eb8:	2180      	movs	r1, #128	; 0x80
10005eba:	0022      	movs	r2, r4
10005ebc:	e7d7      	b.n	10005e6e <tud_control_xfer+0x5a>
10005ebe:	2100      	movs	r1, #0
10005ec0:	2200      	movs	r2, #0
10005ec2:	e7d4      	b.n	10005e6e <tud_control_xfer+0x5a>
10005ec4:	2000      	movs	r0, #0
10005ec6:	e7e1      	b.n	10005e8c <tud_control_xfer+0x78>
10005ec8:	200015c8 	.word	0x200015c8
10005ecc:	20001588 	.word	0x20001588

10005ed0 <usbd_control_reset>:
10005ed0:	b510      	push	{r4, lr}
10005ed2:	2214      	movs	r2, #20
10005ed4:	2100      	movs	r1, #0
10005ed6:	4802      	ldr	r0, [pc, #8]	; (10005ee0 <usbd_control_reset+0x10>)
10005ed8:	f7fc ffe8 	bl	10002eac <__wrap_memset>
10005edc:	bd10      	pop	{r4, pc}
10005ede:	46c0      	nop			; (mov r8, r8)
10005ee0:	200015c8 	.word	0x200015c8

10005ee4 <usbd_control_set_complete_callback>:
10005ee4:	4b01      	ldr	r3, [pc, #4]	; (10005eec <usbd_control_set_complete_callback+0x8>)
10005ee6:	6118      	str	r0, [r3, #16]
10005ee8:	4770      	bx	lr
10005eea:	46c0      	nop			; (mov r8, r8)
10005eec:	200015c8 	.word	0x200015c8

10005ef0 <usbd_control_set_request>:
10005ef0:	b510      	push	{r4, lr}
10005ef2:	4c05      	ldr	r4, [pc, #20]	; (10005f08 <usbd_control_set_request+0x18>)
10005ef4:	0001      	movs	r1, r0
10005ef6:	2208      	movs	r2, #8
10005ef8:	0020      	movs	r0, r4
10005efa:	f7fc ffdd 	bl	10002eb8 <__wrap___aeabi_memcpy>
10005efe:	2300      	movs	r3, #0
10005f00:	60a3      	str	r3, [r4, #8]
10005f02:	60e3      	str	r3, [r4, #12]
10005f04:	bd10      	pop	{r4, pc}
10005f06:	46c0      	nop			; (mov r8, r8)
10005f08:	200015c8 	.word	0x200015c8

10005f0c <usbd_control_xfer_cb>:
10005f0c:	b5f8      	push	{r3, r4, r5, r6, r7, lr}
10005f0e:	4c39      	ldr	r4, [pc, #228]	; (10005ff4 <usbd_control_xfer_cb+0xe8>)
10005f10:	001d      	movs	r5, r3
10005f12:	7823      	ldrb	r3, [r4, #0]
10005f14:	0006      	movs	r6, r0
10005f16:	09da      	lsrs	r2, r3, #7
10005f18:	09c9      	lsrs	r1, r1, #7
10005f1a:	428a      	cmp	r2, r1
10005f1c:	d010      	beq.n	10005f40 <usbd_control_xfer_cb+0x34>
10005f1e:	2000      	movs	r0, #0
10005f20:	2d00      	cmp	r5, #0
10005f22:	d000      	beq.n	10005f26 <usbd_control_xfer_cb+0x1a>
10005f24:	bdf8      	pop	{r3, r4, r5, r6, r7, pc}
10005f26:	0021      	movs	r1, r4
10005f28:	0030      	movs	r0, r6
10005f2a:	f7ff f913 	bl	10005154 <dcd_edpt0_status_complete>
10005f2e:	6923      	ldr	r3, [r4, #16]
10005f30:	2b00      	cmp	r3, #0
10005f32:	d042      	beq.n	10005fba <usbd_control_xfer_cb+0xae>
10005f34:	0022      	movs	r2, r4
10005f36:	2103      	movs	r1, #3
10005f38:	0030      	movs	r0, r6
10005f3a:	4798      	blx	r3
10005f3c:	2001      	movs	r0, #1
10005f3e:	e7f1      	b.n	10005f24 <usbd_control_xfer_cb+0x18>
10005f40:	2b7f      	cmp	r3, #127	; 0x7f
10005f42:	d806      	bhi.n	10005f52 <usbd_control_xfer_cb+0x46>
10005f44:	68a0      	ldr	r0, [r4, #8]
10005f46:	2800      	cmp	r0, #0
10005f48:	d039      	beq.n	10005fbe <usbd_control_xfer_cb+0xb2>
10005f4a:	002a      	movs	r2, r5
10005f4c:	492a      	ldr	r1, [pc, #168]	; (10005ff8 <usbd_control_xfer_cb+0xec>)
10005f4e:	f7fc ffb3 	bl	10002eb8 <__wrap___aeabi_memcpy>
10005f52:	68a3      	ldr	r3, [r4, #8]
10005f54:	89e2      	ldrh	r2, [r4, #14]
10005f56:	1959      	adds	r1, r3, r5
10005f58:	1952      	adds	r2, r2, r5
10005f5a:	88e3      	ldrh	r3, [r4, #6]
10005f5c:	b292      	uxth	r2, r2
10005f5e:	81e2      	strh	r2, [r4, #14]
10005f60:	60a1      	str	r1, [r4, #8]
10005f62:	4293      	cmp	r3, r2
10005f64:	d014      	beq.n	10005f90 <usbd_control_xfer_cb+0x84>
10005f66:	2d3f      	cmp	r5, #63	; 0x3f
10005f68:	d912      	bls.n	10005f90 <usbd_control_xfer_cb+0x84>
10005f6a:	89a5      	ldrh	r5, [r4, #12]
10005f6c:	1aa8      	subs	r0, r5, r2
10005f6e:	1c07      	adds	r7, r0, #0
10005f70:	b280      	uxth	r0, r0
10005f72:	2840      	cmp	r0, #64	; 0x40
10005f74:	d82f      	bhi.n	10005fd6 <usbd_control_xfer_cb+0xca>
10005f76:	7823      	ldrb	r3, [r4, #0]
10005f78:	b2bf      	uxth	r7, r7
10005f7a:	2b7f      	cmp	r3, #127	; 0x7f
10005f7c:	d82d      	bhi.n	10005fda <usbd_control_xfer_cb+0xce>
10005f7e:	2100      	movs	r1, #0
10005f80:	42aa      	cmp	r2, r5
10005f82:	d035      	beq.n	10005ff0 <usbd_control_xfer_cb+0xe4>
10005f84:	4a1c      	ldr	r2, [pc, #112]	; (10005ff8 <usbd_control_xfer_cb+0xec>)
10005f86:	003b      	movs	r3, r7
10005f88:	0030      	movs	r0, r6
10005f8a:	f7ff ff05 	bl	10005d98 <usbd_edpt_xfer>
10005f8e:	e7c9      	b.n	10005f24 <usbd_control_xfer_cb+0x18>
10005f90:	6923      	ldr	r3, [r4, #16]
10005f92:	2b00      	cmp	r3, #0
10005f94:	d005      	beq.n	10005fa2 <usbd_control_xfer_cb+0x96>
10005f96:	0022      	movs	r2, r4
10005f98:	2102      	movs	r1, #2
10005f9a:	0030      	movs	r0, r6
10005f9c:	4798      	blx	r3
10005f9e:	2800      	cmp	r0, #0
10005fa0:	d00f      	beq.n	10005fc2 <usbd_control_xfer_cb+0xb6>
10005fa2:	227f      	movs	r2, #127	; 0x7f
10005fa4:	2100      	movs	r1, #0
10005fa6:	7823      	ldrb	r3, [r4, #0]
10005fa8:	0030      	movs	r0, r6
10005faa:	429a      	cmp	r2, r3
10005fac:	4149      	adcs	r1, r1
10005fae:	2300      	movs	r3, #0
10005fb0:	2200      	movs	r2, #0
10005fb2:	01c9      	lsls	r1, r1, #7
10005fb4:	f7ff fef0 	bl	10005d98 <usbd_edpt_xfer>
10005fb8:	e7b4      	b.n	10005f24 <usbd_control_xfer_cb+0x18>
10005fba:	2001      	movs	r0, #1
10005fbc:	e7b2      	b.n	10005f24 <usbd_control_xfer_cb+0x18>
10005fbe:	2000      	movs	r0, #0
10005fc0:	e7b0      	b.n	10005f24 <usbd_control_xfer_cb+0x18>
10005fc2:	2100      	movs	r1, #0
10005fc4:	0030      	movs	r0, r6
10005fc6:	f7ff f965 	bl	10005294 <dcd_edpt_stall>
10005fca:	0030      	movs	r0, r6
10005fcc:	2180      	movs	r1, #128	; 0x80
10005fce:	f7ff f961 	bl	10005294 <dcd_edpt_stall>
10005fd2:	2001      	movs	r0, #1
10005fd4:	e7a6      	b.n	10005f24 <usbd_control_xfer_cb+0x18>
10005fd6:	2740      	movs	r7, #64	; 0x40
10005fd8:	e7cd      	b.n	10005f76 <usbd_control_xfer_cb+0x6a>
10005fda:	42aa      	cmp	r2, r5
10005fdc:	d007      	beq.n	10005fee <usbd_control_xfer_cb+0xe2>
10005fde:	4c06      	ldr	r4, [pc, #24]	; (10005ff8 <usbd_control_xfer_cb+0xec>)
10005fe0:	003a      	movs	r2, r7
10005fe2:	0020      	movs	r0, r4
10005fe4:	f7fc ff68 	bl	10002eb8 <__wrap___aeabi_memcpy>
10005fe8:	2180      	movs	r1, #128	; 0x80
10005fea:	0022      	movs	r2, r4
10005fec:	e7cb      	b.n	10005f86 <usbd_control_xfer_cb+0x7a>
10005fee:	2180      	movs	r1, #128	; 0x80
10005ff0:	2200      	movs	r2, #0
10005ff2:	e7c8      	b.n	10005f86 <usbd_control_xfer_cb+0x7a>
10005ff4:	200015c8 	.word	0x200015c8
10005ff8:	20001588 	.word	0x20001588

10005ffc <_prep_out_transaction.isra.0>:
10005ffc:	b570      	push	{r4, r5, r6, lr}
10005ffe:	0005      	movs	r5, r0
10006000:	f7ff f9d4 	bl	100053ac <tud_mounted>
10006004:	2800      	cmp	r0, #0
10006006:	d100      	bne.n	1000600a <_prep_out_transaction.isra.0+0xe>
10006008:	bd70      	pop	{r4, r5, r6, pc}
1000600a:	f7ff f9d7 	bl	100053bc <tud_suspended>
1000600e:	2800      	cmp	r0, #0
10006010:	d1fa      	bne.n	10006008 <_prep_out_transaction.isra.0+0xc>
10006012:	23c8      	movs	r3, #200	; 0xc8
10006014:	436b      	muls	r3, r5
10006016:	4a12      	ldr	r2, [pc, #72]	; (10006060 <_prep_out_transaction.isra.0+0x64>)
10006018:	18d6      	adds	r6, r2, r3
1000601a:	78f1      	ldrb	r1, [r6, #3]
1000601c:	2900      	cmp	r1, #0
1000601e:	d0f3      	beq.n	10006008 <_prep_out_transaction.isra.0+0xc>
10006020:	3310      	adds	r3, #16
10006022:	189c      	adds	r4, r3, r2
10006024:	0020      	movs	r0, r4
10006026:	f000 fbbf 	bl	100067a8 <tu_fifo_remaining>
1000602a:	283f      	cmp	r0, #63	; 0x3f
1000602c:	d9ec      	bls.n	10006008 <_prep_out_transaction.isra.0+0xc>
1000602e:	2000      	movs	r0, #0
10006030:	78f1      	ldrb	r1, [r6, #3]
10006032:	f7ff fe89 	bl	10005d48 <usbd_edpt_claim>
10006036:	2800      	cmp	r0, #0
10006038:	d0e6      	beq.n	10006008 <_prep_out_transaction.isra.0+0xc>
1000603a:	0020      	movs	r0, r4
1000603c:	f000 fbb4 	bl	100067a8 <tu_fifo_remaining>
10006040:	283f      	cmp	r0, #63	; 0x3f
10006042:	d908      	bls.n	10006056 <_prep_out_transaction.isra.0+0x5a>
10006044:	01ea      	lsls	r2, r5, #7
10006046:	4d07      	ldr	r5, [pc, #28]	; (10006064 <_prep_out_transaction.isra.0+0x68>)
10006048:	2340      	movs	r3, #64	; 0x40
1000604a:	78f1      	ldrb	r1, [r6, #3]
1000604c:	1952      	adds	r2, r2, r5
1000604e:	2000      	movs	r0, #0
10006050:	f7ff fea2 	bl	10005d98 <usbd_edpt_xfer>
10006054:	e7d8      	b.n	10006008 <_prep_out_transaction.isra.0+0xc>
10006056:	78f1      	ldrb	r1, [r6, #3]
10006058:	2000      	movs	r0, #0
1000605a:	f7ff fe89 	bl	10005d70 <usbd_edpt_release>
1000605e:	e7d3      	b.n	10006008 <_prep_out_transaction.isra.0+0xc>
10006060:	200014c0 	.word	0x200014c0
10006064:	2000143c 	.word	0x2000143c

10006068 <tud_cdc_n_connected>:
10006068:	b510      	push	{r4, lr}
1000606a:	0004      	movs	r4, r0
1000606c:	f7ff f99e 	bl	100053ac <tud_mounted>
10006070:	2800      	cmp	r0, #0
10006072:	d101      	bne.n	10006078 <tud_cdc_n_connected+0x10>
10006074:	2000      	movs	r0, #0
10006076:	bd10      	pop	{r4, pc}
10006078:	f7ff f9a0 	bl	100053bc <tud_suspended>
1000607c:	2800      	cmp	r0, #0
1000607e:	d1f9      	bne.n	10006074 <tud_cdc_n_connected+0xc>
10006080:	30c8      	adds	r0, #200	; 0xc8
10006082:	4344      	muls	r4, r0
10006084:	4802      	ldr	r0, [pc, #8]	; (10006090 <tud_cdc_n_connected+0x28>)
10006086:	1900      	adds	r0, r0, r4
10006088:	7903      	ldrb	r3, [r0, #4]
1000608a:	2001      	movs	r0, #1
1000608c:	4018      	ands	r0, r3
1000608e:	e7f2      	b.n	10006076 <tud_cdc_n_connected+0xe>
10006090:	200014c0 	.word	0x200014c0

10006094 <tud_cdc_n_available>:
10006094:	23c8      	movs	r3, #200	; 0xc8
10006096:	4358      	muls	r0, r3
10006098:	b510      	push	{r4, lr}
1000609a:	4b03      	ldr	r3, [pc, #12]	; (100060a8 <tud_cdc_n_available+0x14>)
1000609c:	3010      	adds	r0, #16
1000609e:	18c0      	adds	r0, r0, r3
100060a0:	f000 fb64 	bl	1000676c <tu_fifo_count>
100060a4:	bd10      	pop	{r4, pc}
100060a6:	46c0      	nop			; (mov r8, r8)
100060a8:	200014c0 	.word	0x200014c0

100060ac <tud_cdc_n_read>:
100060ac:	b5f0      	push	{r4, r5, r6, r7, lr}
100060ae:	24c8      	movs	r4, #200	; 0xc8
100060b0:	46c6      	mov	lr, r8
100060b2:	4344      	muls	r4, r0
100060b4:	4f1e      	ldr	r7, [pc, #120]	; (10006130 <tud_cdc_n_read+0x84>)
100060b6:	4b1f      	ldr	r3, [pc, #124]	; (10006134 <tud_cdc_n_read+0x88>)
100060b8:	3410      	adds	r4, #16
100060ba:	0005      	movs	r5, r0
100060bc:	b500      	push	{lr}
100060be:	193c      	adds	r4, r7, r4
100060c0:	429a      	cmp	r2, r3
100060c2:	d900      	bls.n	100060c6 <tud_cdc_n_read+0x1a>
100060c4:	4a1c      	ldr	r2, [pc, #112]	; (10006138 <tud_cdc_n_read+0x8c>)
100060c6:	0020      	movs	r0, r4
100060c8:	b292      	uxth	r2, r2
100060ca:	f000 fbd3 	bl	10006874 <tu_fifo_read_n>
100060ce:	4680      	mov	r8, r0
100060d0:	f7ff f96c 	bl	100053ac <tud_mounted>
100060d4:	2800      	cmp	r0, #0
100060d6:	d103      	bne.n	100060e0 <tud_cdc_n_read+0x34>
100060d8:	4640      	mov	r0, r8
100060da:	bc80      	pop	{r7}
100060dc:	46b8      	mov	r8, r7
100060de:	bdf0      	pop	{r4, r5, r6, r7, pc}
100060e0:	f7ff f96c 	bl	100053bc <tud_suspended>
100060e4:	2800      	cmp	r0, #0
100060e6:	d1f7      	bne.n	100060d8 <tud_cdc_n_read+0x2c>
100060e8:	26c8      	movs	r6, #200	; 0xc8
100060ea:	436e      	muls	r6, r5
100060ec:	19be      	adds	r6, r7, r6
100060ee:	78f3      	ldrb	r3, [r6, #3]
100060f0:	2b00      	cmp	r3, #0
100060f2:	d0f1      	beq.n	100060d8 <tud_cdc_n_read+0x2c>
100060f4:	0020      	movs	r0, r4
100060f6:	f000 fb57 	bl	100067a8 <tu_fifo_remaining>
100060fa:	283f      	cmp	r0, #63	; 0x3f
100060fc:	d9ec      	bls.n	100060d8 <tud_cdc_n_read+0x2c>
100060fe:	2000      	movs	r0, #0
10006100:	78f1      	ldrb	r1, [r6, #3]
10006102:	f7ff fe21 	bl	10005d48 <usbd_edpt_claim>
10006106:	2800      	cmp	r0, #0
10006108:	d0e6      	beq.n	100060d8 <tud_cdc_n_read+0x2c>
1000610a:	0020      	movs	r0, r4
1000610c:	f000 fb4c 	bl	100067a8 <tu_fifo_remaining>
10006110:	283f      	cmp	r0, #63	; 0x3f
10006112:	d908      	bls.n	10006126 <tud_cdc_n_read+0x7a>
10006114:	01ea      	lsls	r2, r5, #7
10006116:	4d09      	ldr	r5, [pc, #36]	; (1000613c <tud_cdc_n_read+0x90>)
10006118:	2340      	movs	r3, #64	; 0x40
1000611a:	78f1      	ldrb	r1, [r6, #3]
1000611c:	1952      	adds	r2, r2, r5
1000611e:	2000      	movs	r0, #0
10006120:	f7ff fe3a 	bl	10005d98 <usbd_edpt_xfer>
10006124:	e7d8      	b.n	100060d8 <tud_cdc_n_read+0x2c>
10006126:	78f1      	ldrb	r1, [r6, #3]
10006128:	2000      	movs	r0, #0
1000612a:	f7ff fe21 	bl	10005d70 <usbd_edpt_release>
1000612e:	e7d3      	b.n	100060d8 <tud_cdc_n_read+0x2c>
10006130:	200014c0 	.word	0x200014c0
10006134:	0000fffe 	.word	0x0000fffe
10006138:	0000ffff 	.word	0x0000ffff
1000613c:	2000143c 	.word	0x2000143c

10006140 <tud_cdc_n_write_flush>:
10006140:	b5f8      	push	{r3, r4, r5, r6, r7, lr}
10006142:	0006      	movs	r6, r0
10006144:	f7ff f932 	bl	100053ac <tud_mounted>
10006148:	2800      	cmp	r0, #0
1000614a:	d101      	bne.n	10006150 <tud_cdc_n_write_flush+0x10>
1000614c:	2000      	movs	r0, #0
1000614e:	bdf8      	pop	{r3, r4, r5, r6, r7, pc}
10006150:	f7ff f934 	bl	100053bc <tud_suspended>
10006154:	2800      	cmp	r0, #0
10006156:	d1f9      	bne.n	1000614c <tud_cdc_n_write_flush+0xc>
10006158:	24c8      	movs	r4, #200	; 0xc8
1000615a:	4374      	muls	r4, r6
1000615c:	0025      	movs	r5, r4
1000615e:	4f14      	ldr	r7, [pc, #80]	; (100061b0 <tud_cdc_n_write_flush+0x70>)
10006160:	3524      	adds	r5, #36	; 0x24
10006162:	19ed      	adds	r5, r5, r7
10006164:	0028      	movs	r0, r5
10006166:	f000 fb01 	bl	1000676c <tu_fifo_count>
1000616a:	2800      	cmp	r0, #0
1000616c:	d0ee      	beq.n	1000614c <tud_cdc_n_write_flush+0xc>
1000616e:	193f      	adds	r7, r7, r4
10006170:	2000      	movs	r0, #0
10006172:	78b9      	ldrb	r1, [r7, #2]
10006174:	f7ff fde8 	bl	10005d48 <usbd_edpt_claim>
10006178:	2800      	cmp	r0, #0
1000617a:	d0e7      	beq.n	1000614c <tud_cdc_n_write_flush+0xc>
1000617c:	480d      	ldr	r0, [pc, #52]	; (100061b4 <tud_cdc_n_write_flush+0x74>)
1000617e:	01f6      	lsls	r6, r6, #7
10006180:	3640      	adds	r6, #64	; 0x40
10006182:	1836      	adds	r6, r6, r0
10006184:	0031      	movs	r1, r6
10006186:	2240      	movs	r2, #64	; 0x40
10006188:	0028      	movs	r0, r5
1000618a:	f000 fb73 	bl	10006874 <tu_fifo_read_n>
1000618e:	78b9      	ldrb	r1, [r7, #2]
10006190:	1e04      	subs	r4, r0, #0
10006192:	d008      	beq.n	100061a6 <tud_cdc_n_write_flush+0x66>
10006194:	0003      	movs	r3, r0
10006196:	0032      	movs	r2, r6
10006198:	2000      	movs	r0, #0
1000619a:	f7ff fdfd 	bl	10005d98 <usbd_edpt_xfer>
1000619e:	2800      	cmp	r0, #0
100061a0:	d0d4      	beq.n	1000614c <tud_cdc_n_write_flush+0xc>
100061a2:	0020      	movs	r0, r4
100061a4:	e7d3      	b.n	1000614e <tud_cdc_n_write_flush+0xe>
100061a6:	2000      	movs	r0, #0
100061a8:	f7ff fde2 	bl	10005d70 <usbd_edpt_release>
100061ac:	e7ce      	b.n	1000614c <tud_cdc_n_write_flush+0xc>
100061ae:	46c0      	nop			; (mov r8, r8)
100061b0:	200014c0 	.word	0x200014c0
100061b4:	2000143c 	.word	0x2000143c

100061b8 <tud_cdc_n_write>:
100061b8:	b570      	push	{r4, r5, r6, lr}
100061ba:	24c8      	movs	r4, #200	; 0xc8
100061bc:	4344      	muls	r4, r0
100061be:	4b0c      	ldr	r3, [pc, #48]	; (100061f0 <tud_cdc_n_write+0x38>)
100061c0:	3424      	adds	r4, #36	; 0x24
100061c2:	18e4      	adds	r4, r4, r3
100061c4:	4b0b      	ldr	r3, [pc, #44]	; (100061f4 <tud_cdc_n_write+0x3c>)
100061c6:	0005      	movs	r5, r0
100061c8:	429a      	cmp	r2, r3
100061ca:	d900      	bls.n	100061ce <tud_cdc_n_write+0x16>
100061cc:	4a0a      	ldr	r2, [pc, #40]	; (100061f8 <tud_cdc_n_write+0x40>)
100061ce:	0020      	movs	r0, r4
100061d0:	b292      	uxth	r2, r2
100061d2:	f000 fc09 	bl	100069e8 <tu_fifo_write_n>
100061d6:	0006      	movs	r6, r0
100061d8:	0020      	movs	r0, r4
100061da:	f000 fac7 	bl	1000676c <tu_fifo_count>
100061de:	283f      	cmp	r0, #63	; 0x3f
100061e0:	d801      	bhi.n	100061e6 <tud_cdc_n_write+0x2e>
100061e2:	0030      	movs	r0, r6
100061e4:	bd70      	pop	{r4, r5, r6, pc}
100061e6:	0028      	movs	r0, r5
100061e8:	f7ff ffaa 	bl	10006140 <tud_cdc_n_write_flush>
100061ec:	e7f9      	b.n	100061e2 <tud_cdc_n_write+0x2a>
100061ee:	46c0      	nop			; (mov r8, r8)
100061f0:	200014c0 	.word	0x200014c0
100061f4:	0000fffe 	.word	0x0000fffe
100061f8:	0000ffff 	.word	0x0000ffff

100061fc <tud_cdc_n_write_available>:
100061fc:	23c8      	movs	r3, #200	; 0xc8
100061fe:	4358      	muls	r0, r3
10006200:	b510      	push	{r4, lr}
10006202:	4b03      	ldr	r3, [pc, #12]	; (10006210 <tud_cdc_n_write_available+0x14>)
10006204:	3024      	adds	r0, #36	; 0x24
10006206:	18c0      	adds	r0, r0, r3
10006208:	f000 face 	bl	100067a8 <tu_fifo_remaining>
1000620c:	bd10      	pop	{r4, pc}
1000620e:	46c0      	nop			; (mov r8, r8)
10006210:	200014c0 	.word	0x200014c0

10006214 <cdcd_init>:
10006214:	b5f0      	push	{r4, r5, r6, r7, lr}
10006216:	2500      	movs	r5, #0
10006218:	4c18      	ldr	r4, [pc, #96]	; (1000627c <cdcd_init+0x68>)
1000621a:	b083      	sub	sp, #12
1000621c:	22c8      	movs	r2, #200	; 0xc8
1000621e:	2100      	movs	r1, #0
10006220:	0020      	movs	r0, r4
10006222:	f7fc fe43 	bl	10002eac <__wrap_memset>
10006226:	4b16      	ldr	r3, [pc, #88]	; (10006280 <cdcd_init+0x6c>)
10006228:	0021      	movs	r1, r4
1000622a:	701d      	strb	r5, [r3, #0]
1000622c:	23ff      	movs	r3, #255	; 0xff
1000622e:	7163      	strb	r3, [r4, #5]
10006230:	23e1      	movs	r3, #225	; 0xe1
10006232:	025b      	lsls	r3, r3, #9
10006234:	60a3      	str	r3, [r4, #8]
10006236:	0020      	movs	r0, r4
10006238:	2308      	movs	r3, #8
1000623a:	2240      	movs	r2, #64	; 0x40
1000623c:	73a3      	strb	r3, [r4, #14]
1000623e:	3138      	adds	r1, #56	; 0x38
10006240:	9500      	str	r5, [sp, #0]
10006242:	3b07      	subs	r3, #7
10006244:	3010      	adds	r0, #16
10006246:	f000 fa59 	bl	100066fc <tu_fifo_config>
1000624a:	0027      	movs	r7, r4
1000624c:	2301      	movs	r3, #1
1000624e:	0021      	movs	r1, r4
10006250:	0020      	movs	r0, r4
10006252:	0026      	movs	r6, r4
10006254:	2240      	movs	r2, #64	; 0x40
10006256:	3178      	adds	r1, #120	; 0x78
10006258:	9300      	str	r3, [sp, #0]
1000625a:	37b8      	adds	r7, #184	; 0xb8
1000625c:	3024      	adds	r0, #36	; 0x24
1000625e:	f000 fa4d 	bl	100066fc <tu_fifo_config>
10006262:	36c0      	adds	r6, #192	; 0xc0
10006264:	0038      	movs	r0, r7
10006266:	f7fa ffe1 	bl	1000122c <mutex_init>
1000626a:	0030      	movs	r0, r6
1000626c:	f7fa ffde 	bl	1000122c <mutex_init>
10006270:	61e5      	str	r5, [r4, #28]
10006272:	6227      	str	r7, [r4, #32]
10006274:	6326      	str	r6, [r4, #48]	; 0x30
10006276:	6365      	str	r5, [r4, #52]	; 0x34
10006278:	b003      	add	sp, #12
1000627a:	bdf0      	pop	{r4, r5, r6, r7, pc}
1000627c:	200014c0 	.word	0x200014c0
10006280:	200014bc 	.word	0x200014bc

10006284 <cdcd_deinit>:
10006284:	4b07      	ldr	r3, [pc, #28]	; (100062a4 <cdcd_deinit+0x20>)
10006286:	6a1a      	ldr	r2, [r3, #32]
10006288:	6b19      	ldr	r1, [r3, #48]	; 0x30
1000628a:	2a00      	cmp	r2, #0
1000628c:	d002      	beq.n	10006294 <cdcd_deinit+0x10>
1000628e:	2200      	movs	r2, #0
10006290:	61da      	str	r2, [r3, #28]
10006292:	621a      	str	r2, [r3, #32]
10006294:	2900      	cmp	r1, #0
10006296:	d002      	beq.n	1000629e <cdcd_deinit+0x1a>
10006298:	2200      	movs	r2, #0
1000629a:	631a      	str	r2, [r3, #48]	; 0x30
1000629c:	635a      	str	r2, [r3, #52]	; 0x34
1000629e:	2001      	movs	r0, #1
100062a0:	4770      	bx	lr
100062a2:	46c0      	nop			; (mov r8, r8)
100062a4:	200014c0 	.word	0x200014c0

100062a8 <cdcd_reset>:
100062a8:	b570      	push	{r4, r5, r6, lr}
100062aa:	4c0f      	ldr	r4, [pc, #60]	; (100062e8 <cdcd_reset+0x40>)
100062ac:	2205      	movs	r2, #5
100062ae:	2100      	movs	r1, #0
100062b0:	0020      	movs	r0, r4
100062b2:	f7fc fdfb 	bl	10002eac <__wrap_memset>
100062b6:	4d0d      	ldr	r5, [pc, #52]	; (100062ec <cdcd_reset+0x44>)
100062b8:	782b      	ldrb	r3, [r5, #0]
100062ba:	07da      	lsls	r2, r3, #31
100062bc:	d507      	bpl.n	100062ce <cdcd_reset+0x26>
100062be:	4c0c      	ldr	r4, [pc, #48]	; (100062f0 <cdcd_reset+0x48>)
100062c0:	079b      	lsls	r3, r3, #30
100062c2:	d50c      	bpl.n	100062de <cdcd_reset+0x36>
100062c4:	2101      	movs	r1, #1
100062c6:	0020      	movs	r0, r4
100062c8:	f000 fc62 	bl	10006b90 <tu_fifo_set_overwritable>
100062cc:	bd70      	pop	{r4, r5, r6, pc}
100062ce:	0020      	movs	r0, r4
100062d0:	3010      	adds	r0, #16
100062d2:	f000 fc3d 	bl	10006b50 <tu_fifo_clear>
100062d6:	782b      	ldrb	r3, [r5, #0]
100062d8:	4c05      	ldr	r4, [pc, #20]	; (100062f0 <cdcd_reset+0x48>)
100062da:	079b      	lsls	r3, r3, #30
100062dc:	d4f2      	bmi.n	100062c4 <cdcd_reset+0x1c>
100062de:	0020      	movs	r0, r4
100062e0:	f000 fc36 	bl	10006b50 <tu_fifo_clear>
100062e4:	e7ee      	b.n	100062c4 <cdcd_reset+0x1c>
100062e6:	46c0      	nop			; (mov r8, r8)
100062e8:	200014c0 	.word	0x200014c0
100062ec:	200014bc 	.word	0x200014bc
100062f0:	200014e4 	.word	0x200014e4

100062f4 <cdcd_open>:
100062f4:	b5f0      	push	{r4, r5, r6, r7, lr}
100062f6:	794b      	ldrb	r3, [r1, #5]
100062f8:	0006      	movs	r6, r0
100062fa:	b083      	sub	sp, #12
100062fc:	2b02      	cmp	r3, #2
100062fe:	d102      	bne.n	10006306 <cdcd_open+0x12>
10006300:	798b      	ldrb	r3, [r1, #6]
10006302:	2b02      	cmp	r3, #2
10006304:	d003      	beq.n	1000630e <cdcd_open+0x1a>
10006306:	2500      	movs	r5, #0
10006308:	0028      	movs	r0, r5
1000630a:	b003      	add	sp, #12
1000630c:	bdf0      	pop	{r4, r5, r6, r7, pc}
1000630e:	4f21      	ldr	r7, [pc, #132]	; (10006394 <cdcd_open+0xa0>)
10006310:	78bb      	ldrb	r3, [r7, #2]
10006312:	2b00      	cmp	r3, #0
10006314:	d1f7      	bne.n	10006306 <cdcd_open+0x12>
10006316:	788b      	ldrb	r3, [r1, #2]
10006318:	2509      	movs	r5, #9
1000631a:	703b      	strb	r3, [r7, #0]
1000631c:	780c      	ldrb	r4, [r1, #0]
1000631e:	190c      	adds	r4, r1, r4
10006320:	7863      	ldrb	r3, [r4, #1]
10006322:	2b24      	cmp	r3, #36	; 0x24
10006324:	d10b      	bne.n	1000633e <cdcd_open+0x4a>
10006326:	2a08      	cmp	r2, #8
10006328:	d802      	bhi.n	10006330 <cdcd_open+0x3c>
1000632a:	e00f      	b.n	1000634c <cdcd_open+0x58>
1000632c:	42aa      	cmp	r2, r5
1000632e:	d30d      	bcc.n	1000634c <cdcd_open+0x58>
10006330:	7823      	ldrb	r3, [r4, #0]
10006332:	18e4      	adds	r4, r4, r3
10006334:	18ed      	adds	r5, r5, r3
10006336:	7863      	ldrb	r3, [r4, #1]
10006338:	b2ad      	uxth	r5, r5
1000633a:	2b24      	cmp	r3, #36	; 0x24
1000633c:	d0f6      	beq.n	1000632c <cdcd_open+0x38>
1000633e:	2b05      	cmp	r3, #5
10006340:	d008      	beq.n	10006354 <cdcd_open+0x60>
10006342:	2b04      	cmp	r3, #4
10006344:	d102      	bne.n	1000634c <cdcd_open+0x58>
10006346:	7963      	ldrb	r3, [r4, #5]
10006348:	2b0a      	cmp	r3, #10
1000634a:	d011      	beq.n	10006370 <cdcd_open+0x7c>
1000634c:	2000      	movs	r0, #0
1000634e:	f7ff fe55 	bl	10005ffc <_prep_out_transaction.isra.0>
10006352:	e7d9      	b.n	10006308 <cdcd_open+0x14>
10006354:	0021      	movs	r1, r4
10006356:	0030      	movs	r0, r6
10006358:	f7ff fcdc 	bl	10005d14 <usbd_edpt_open>
1000635c:	2800      	cmp	r0, #0
1000635e:	d0d2      	beq.n	10006306 <cdcd_open+0x12>
10006360:	78a3      	ldrb	r3, [r4, #2]
10006362:	707b      	strb	r3, [r7, #1]
10006364:	7823      	ldrb	r3, [r4, #0]
10006366:	18ed      	adds	r5, r5, r3
10006368:	18e4      	adds	r4, r4, r3
1000636a:	7863      	ldrb	r3, [r4, #1]
1000636c:	b2ad      	uxth	r5, r5
1000636e:	e7e8      	b.n	10006342 <cdcd_open+0x4e>
10006370:	4b09      	ldr	r3, [pc, #36]	; (10006398 <cdcd_open+0xa4>)
10006372:	7827      	ldrb	r7, [r4, #0]
10006374:	9301      	str	r3, [sp, #4]
10006376:	3301      	adds	r3, #1
10006378:	9300      	str	r3, [sp, #0]
1000637a:	2202      	movs	r2, #2
1000637c:	2302      	movs	r3, #2
1000637e:	0030      	movs	r0, r6
10006380:	19e1      	adds	r1, r4, r7
10006382:	f7ff fc79 	bl	10005c78 <usbd_open_edpt_pair>
10006386:	2800      	cmp	r0, #0
10006388:	d0bd      	beq.n	10006306 <cdcd_open+0x12>
1000638a:	350e      	adds	r5, #14
1000638c:	19ed      	adds	r5, r5, r7
1000638e:	b2ad      	uxth	r5, r5
10006390:	e7dc      	b.n	1000634c <cdcd_open+0x58>
10006392:	46c0      	nop			; (mov r8, r8)
10006394:	200014c0 	.word	0x200014c0
10006398:	200014c2 	.word	0x200014c2

1000639c <cdcd_control_xfer_cb>:
1000639c:	b5f8      	push	{r3, r4, r5, r6, r7, lr}
1000639e:	2360      	movs	r3, #96	; 0x60
100063a0:	0014      	movs	r4, r2
100063a2:	7812      	ldrb	r2, [r2, #0]
100063a4:	0005      	movs	r5, r0
100063a6:	4013      	ands	r3, r2
100063a8:	2000      	movs	r0, #0
100063aa:	2b20      	cmp	r3, #32
100063ac:	d107      	bne.n	100063be <cdcd_control_xfer_cb+0x22>
100063ae:	4a30      	ldr	r2, [pc, #192]	; (10006470 <cdcd_control_xfer_cb+0xd4>)
100063b0:	7963      	ldrb	r3, [r4, #5]
100063b2:	7927      	ldrb	r7, [r4, #4]
100063b4:	7816      	ldrb	r6, [r2, #0]
100063b6:	021b      	lsls	r3, r3, #8
100063b8:	433b      	orrs	r3, r7
100063ba:	429e      	cmp	r6, r3
100063bc:	d000      	beq.n	100063c0 <cdcd_control_xfer_cb+0x24>
100063be:	bdf8      	pop	{r3, r4, r5, r6, r7, pc}
100063c0:	7863      	ldrb	r3, [r4, #1]
100063c2:	2b22      	cmp	r3, #34	; 0x22
100063c4:	d028      	beq.n	10006418 <cdcd_control_xfer_cb+0x7c>
100063c6:	d807      	bhi.n	100063d8 <cdcd_control_xfer_cb+0x3c>
100063c8:	2b20      	cmp	r3, #32
100063ca:	d017      	beq.n	100063fc <cdcd_control_xfer_cb+0x60>
100063cc:	2b21      	cmp	r3, #33	; 0x21
100063ce:	d1f6      	bne.n	100063be <cdcd_control_xfer_cb+0x22>
100063d0:	2901      	cmp	r1, #1
100063d2:	d03e      	beq.n	10006452 <cdcd_control_xfer_cb+0xb6>
100063d4:	2001      	movs	r0, #1
100063d6:	e7f2      	b.n	100063be <cdcd_control_xfer_cb+0x22>
100063d8:	2b23      	cmp	r3, #35	; 0x23
100063da:	d1f0      	bne.n	100063be <cdcd_control_xfer_cb+0x22>
100063dc:	2901      	cmp	r1, #1
100063de:	d040      	beq.n	10006462 <cdcd_control_xfer_cb+0xc6>
100063e0:	2903      	cmp	r1, #3
100063e2:	d1f7      	bne.n	100063d4 <cdcd_control_xfer_cb+0x38>
100063e4:	4b23      	ldr	r3, [pc, #140]	; (10006474 <cdcd_control_xfer_cb+0xd8>)
100063e6:	2b00      	cmp	r3, #0
100063e8:	d0f4      	beq.n	100063d4 <cdcd_control_xfer_cb+0x38>
100063ea:	78e1      	ldrb	r1, [r4, #3]
100063ec:	78a3      	ldrb	r3, [r4, #2]
100063ee:	0209      	lsls	r1, r1, #8
100063f0:	2000      	movs	r0, #0
100063f2:	4319      	orrs	r1, r3
100063f4:	e000      	b.n	100063f8 <cdcd_control_xfer_cb+0x5c>
100063f6:	bf00      	nop
100063f8:	2001      	movs	r0, #1
100063fa:	e7e0      	b.n	100063be <cdcd_control_xfer_cb+0x22>
100063fc:	2901      	cmp	r1, #1
100063fe:	d028      	beq.n	10006452 <cdcd_control_xfer_cb+0xb6>
10006400:	2903      	cmp	r1, #3
10006402:	d1e7      	bne.n	100063d4 <cdcd_control_xfer_cb+0x38>
10006404:	4b1c      	ldr	r3, [pc, #112]	; (10006478 <cdcd_control_xfer_cb+0xdc>)
10006406:	2b00      	cmp	r3, #0
10006408:	d0e4      	beq.n	100063d4 <cdcd_control_xfer_cb+0x38>
1000640a:	3208      	adds	r2, #8
1000640c:	2000      	movs	r0, #0
1000640e:	0011      	movs	r1, r2
10006410:	f7fe fe24 	bl	1000505c <tud_cdc_line_coding_cb>
10006414:	2001      	movs	r0, #1
10006416:	e7d2      	b.n	100063be <cdcd_control_xfer_cb+0x22>
10006418:	2901      	cmp	r1, #1
1000641a:	d022      	beq.n	10006462 <cdcd_control_xfer_cb+0xc6>
1000641c:	2903      	cmp	r1, #3
1000641e:	d1d9      	bne.n	100063d4 <cdcd_control_xfer_cb+0x38>
10006420:	2501      	movs	r5, #1
10006422:	78a1      	ldrb	r1, [r4, #2]
10006424:	78e4      	ldrb	r4, [r4, #3]
10006426:	002e      	movs	r6, r5
10006428:	0224      	lsls	r4, r4, #8
1000642a:	430c      	orrs	r4, r1
1000642c:	2101      	movs	r1, #1
1000642e:	7114      	strb	r4, [r2, #4]
10006430:	4026      	ands	r6, r4
10006432:	3224      	adds	r2, #36	; 0x24
10006434:	0010      	movs	r0, r2
10006436:	4071      	eors	r1, r6
10006438:	f000 fbaa 	bl	10006b90 <tu_fifo_set_overwritable>
1000643c:	4b0f      	ldr	r3, [pc, #60]	; (1000647c <cdcd_control_xfer_cb+0xe0>)
1000643e:	2b00      	cmp	r3, #0
10006440:	d0c8      	beq.n	100063d4 <cdcd_control_xfer_cb+0x38>
10006442:	0862      	lsrs	r2, r4, #1
10006444:	2000      	movs	r0, #0
10006446:	0031      	movs	r1, r6
10006448:	402a      	ands	r2, r5
1000644a:	e000      	b.n	1000644e <cdcd_control_xfer_cb+0xb2>
1000644c:	bf00      	nop
1000644e:	2001      	movs	r0, #1
10006450:	e7b5      	b.n	100063be <cdcd_control_xfer_cb+0x22>
10006452:	2307      	movs	r3, #7
10006454:	0021      	movs	r1, r4
10006456:	0028      	movs	r0, r5
10006458:	4a09      	ldr	r2, [pc, #36]	; (10006480 <cdcd_control_xfer_cb+0xe4>)
1000645a:	f7ff fcdb 	bl	10005e14 <tud_control_xfer>
1000645e:	2001      	movs	r0, #1
10006460:	e7ad      	b.n	100063be <cdcd_control_xfer_cb+0x22>
10006462:	0021      	movs	r1, r4
10006464:	0028      	movs	r0, r5
10006466:	f7ff fcbd 	bl	10005de4 <tud_control_status>
1000646a:	2001      	movs	r0, #1
1000646c:	e7a7      	b.n	100063be <cdcd_control_xfer_cb+0x22>
1000646e:	46c0      	nop			; (mov r8, r8)
10006470:	200014c0 	.word	0x200014c0
10006474:	00000000 	.word	0x00000000
10006478:	1000505d 	.word	0x1000505d
1000647c:	00000000 	.word	0x00000000
10006480:	200014c8 	.word	0x200014c8

10006484 <cdcd_xfer_cb>:
10006484:	b5f0      	push	{r4, r5, r6, r7, lr}
10006486:	464f      	mov	r7, r9
10006488:	4646      	mov	r6, r8
1000648a:	46d6      	mov	lr, sl
1000648c:	b5c0      	push	{r6, r7, lr}
1000648e:	4d35      	ldr	r5, [pc, #212]	; (10006564 <cdcd_xfer_cb+0xe0>)
10006490:	4680      	mov	r8, r0
10006492:	78ea      	ldrb	r2, [r5, #3]
10006494:	000c      	movs	r4, r1
10006496:	001f      	movs	r7, r3
10006498:	428a      	cmp	r2, r1
1000649a:	d15b      	bne.n	10006554 <cdcd_xfer_cb+0xd0>
1000649c:	b29a      	uxth	r2, r3
1000649e:	2310      	movs	r3, #16
100064a0:	469a      	mov	sl, r3
100064a2:	4e31      	ldr	r6, [pc, #196]	; (10006568 <cdcd_xfer_cb+0xe4>)
100064a4:	44aa      	add	sl, r5
100064a6:	0031      	movs	r1, r6
100064a8:	4650      	mov	r0, sl
100064aa:	f000 fa9d 	bl	100069e8 <tu_fifo_write_n>
100064ae:	4b2f      	ldr	r3, [pc, #188]	; (1000656c <cdcd_xfer_cb+0xe8>)
100064b0:	2b00      	cmp	r3, #0
100064b2:	d017      	beq.n	100064e4 <cdcd_xfer_cb+0x60>
100064b4:	796b      	ldrb	r3, [r5, #5]
100064b6:	2bff      	cmp	r3, #255	; 0xff
100064b8:	d014      	beq.n	100064e4 <cdcd_xfer_cb+0x60>
100064ba:	2f00      	cmp	r7, #0
100064bc:	d012      	beq.n	100064e4 <cdcd_xfer_cb+0x60>
100064be:	19f2      	adds	r2, r6, r7
100064c0:	4691      	mov	r9, r2
100064c2:	e003      	b.n	100064cc <cdcd_xfer_cb+0x48>
100064c4:	3601      	adds	r6, #1
100064c6:	454e      	cmp	r6, r9
100064c8:	d00c      	beq.n	100064e4 <cdcd_xfer_cb+0x60>
100064ca:	796b      	ldrb	r3, [r5, #5]
100064cc:	7832      	ldrb	r2, [r6, #0]
100064ce:	429a      	cmp	r2, r3
100064d0:	d1f8      	bne.n	100064c4 <cdcd_xfer_cb+0x40>
100064d2:	4650      	mov	r0, sl
100064d4:	f000 f960 	bl	10006798 <tu_fifo_empty>
100064d8:	2800      	cmp	r0, #0
100064da:	d1f3      	bne.n	100064c4 <cdcd_xfer_cb+0x40>
100064dc:	7969      	ldrb	r1, [r5, #5]
100064de:	e000      	b.n	100064e2 <cdcd_xfer_cb+0x5e>
100064e0:	bf00      	nop
100064e2:	e7ef      	b.n	100064c4 <cdcd_xfer_cb+0x40>
100064e4:	4b22      	ldr	r3, [pc, #136]	; (10006570 <cdcd_xfer_cb+0xec>)
100064e6:	2b00      	cmp	r3, #0
100064e8:	d004      	beq.n	100064f4 <cdcd_xfer_cb+0x70>
100064ea:	4822      	ldr	r0, [pc, #136]	; (10006574 <cdcd_xfer_cb+0xf0>)
100064ec:	f000 f954 	bl	10006798 <tu_fifo_empty>
100064f0:	2800      	cmp	r0, #0
100064f2:	d034      	beq.n	1000655e <cdcd_xfer_cb+0xda>
100064f4:	2000      	movs	r0, #0
100064f6:	f7ff fd81 	bl	10005ffc <_prep_out_transaction.isra.0>
100064fa:	78ab      	ldrb	r3, [r5, #2]
100064fc:	42a3      	cmp	r3, r4
100064fe:	d006      	beq.n	1000650e <cdcd_xfer_cb+0x8a>
10006500:	2401      	movs	r4, #1
10006502:	0020      	movs	r0, r4
10006504:	bce0      	pop	{r5, r6, r7}
10006506:	46ba      	mov	sl, r7
10006508:	46b1      	mov	r9, r6
1000650a:	46a8      	mov	r8, r5
1000650c:	bdf0      	pop	{r4, r5, r6, r7, pc}
1000650e:	4b1a      	ldr	r3, [pc, #104]	; (10006578 <cdcd_xfer_cb+0xf4>)
10006510:	2b00      	cmp	r3, #0
10006512:	d002      	beq.n	1000651a <cdcd_xfer_cb+0x96>
10006514:	2000      	movs	r0, #0
10006516:	e000      	b.n	1000651a <cdcd_xfer_cb+0x96>
10006518:	bf00      	nop
1000651a:	2000      	movs	r0, #0
1000651c:	f7ff fe10 	bl	10006140 <tud_cdc_n_write_flush>
10006520:	2800      	cmp	r0, #0
10006522:	d1ed      	bne.n	10006500 <cdcd_xfer_cb+0x7c>
10006524:	4d15      	ldr	r5, [pc, #84]	; (1000657c <cdcd_xfer_cb+0xf8>)
10006526:	0028      	movs	r0, r5
10006528:	f000 f920 	bl	1000676c <tu_fifo_count>
1000652c:	2800      	cmp	r0, #0
1000652e:	d1e7      	bne.n	10006500 <cdcd_xfer_cb+0x7c>
10006530:	2f00      	cmp	r7, #0
10006532:	d0e5      	beq.n	10006500 <cdcd_xfer_cb+0x7c>
10006534:	06bb      	lsls	r3, r7, #26
10006536:	d1e3      	bne.n	10006500 <cdcd_xfer_cb+0x7c>
10006538:	3d24      	subs	r5, #36	; 0x24
1000653a:	4640      	mov	r0, r8
1000653c:	78a9      	ldrb	r1, [r5, #2]
1000653e:	f7ff fc03 	bl	10005d48 <usbd_edpt_claim>
10006542:	1e04      	subs	r4, r0, #0
10006544:	d0dc      	beq.n	10006500 <cdcd_xfer_cb+0x7c>
10006546:	2300      	movs	r3, #0
10006548:	2200      	movs	r2, #0
1000654a:	4640      	mov	r0, r8
1000654c:	78a9      	ldrb	r1, [r5, #2]
1000654e:	f7ff fc23 	bl	10005d98 <usbd_edpt_xfer>
10006552:	e7d6      	b.n	10006502 <cdcd_xfer_cb+0x7e>
10006554:	78ab      	ldrb	r3, [r5, #2]
10006556:	428b      	cmp	r3, r1
10006558:	d0d9      	beq.n	1000650e <cdcd_xfer_cb+0x8a>
1000655a:	2400      	movs	r4, #0
1000655c:	e7d1      	b.n	10006502 <cdcd_xfer_cb+0x7e>
1000655e:	e000      	b.n	10006562 <cdcd_xfer_cb+0xde>
10006560:	bf00      	nop
10006562:	e7c7      	b.n	100064f4 <cdcd_xfer_cb+0x70>
10006564:	200014c0 	.word	0x200014c0
10006568:	2000143c 	.word	0x2000143c
	...
10006574:	200014d0 	.word	0x200014d0
10006578:	00000000 	.word	0x00000000
1000657c:	200014e4 	.word	0x200014e4

10006580 <tusb_rhport_init>:
10006580:	b500      	push	{lr}
10006582:	0003      	movs	r3, r0
10006584:	b083      	sub	sp, #12
10006586:	2900      	cmp	r1, #0
10006588:	d010      	beq.n	100065ac <tusb_rhport_init+0x2c>
1000658a:	2000      	movs	r0, #0
1000658c:	2b01      	cmp	r3, #1
1000658e:	d807      	bhi.n	100065a0 <tusb_rhport_init+0x20>
10006590:	780a      	ldrb	r2, [r1, #0]
10006592:	2a00      	cmp	r2, #0
10006594:	d004      	beq.n	100065a0 <tusb_rhport_init+0x20>
10006596:	480b      	ldr	r0, [pc, #44]	; (100065c4 <tusb_rhport_init+0x44>)
10006598:	54c2      	strb	r2, [r0, r3]
1000659a:	2001      	movs	r0, #1
1000659c:	2a01      	cmp	r2, #1
1000659e:	d001      	beq.n	100065a4 <tusb_rhport_init+0x24>
100065a0:	b003      	add	sp, #12
100065a2:	bd00      	pop	{pc}
100065a4:	0018      	movs	r0, r3
100065a6:	f7fe ff11 	bl	100053cc <tud_rhport_init>
100065aa:	e7f9      	b.n	100065a0 <tusb_rhport_init+0x20>
100065ac:	2301      	movs	r3, #1
100065ae:	a901      	add	r1, sp, #4
100065b0:	2000      	movs	r0, #0
100065b2:	800b      	strh	r3, [r1, #0]
100065b4:	f7fe ff0a 	bl	100053cc <tud_rhport_init>
100065b8:	2800      	cmp	r0, #0
100065ba:	d0f1      	beq.n	100065a0 <tusb_rhport_init+0x20>
100065bc:	2201      	movs	r2, #1
100065be:	4b01      	ldr	r3, [pc, #4]	; (100065c4 <tusb_rhport_init+0x44>)
100065c0:	701a      	strb	r2, [r3, #0]
100065c2:	e7ed      	b.n	100065a0 <tusb_rhport_init+0x20>
100065c4:	200015dc 	.word	0x200015dc

100065c8 <tu_edpt_claim>:
100065c8:	7803      	ldrb	r3, [r0, #0]
100065ca:	b570      	push	{r4, r5, r6, lr}
100065cc:	07db      	lsls	r3, r3, #31
100065ce:	0004      	movs	r4, r0
100065d0:	000e      	movs	r6, r1
100065d2:	0fdd      	lsrs	r5, r3, #31
100065d4:	2b00      	cmp	r3, #0
100065d6:	d117      	bne.n	10006608 <tu_edpt_claim+0x40>
100065d8:	7803      	ldrb	r3, [r0, #0]
100065da:	075b      	lsls	r3, r3, #29
100065dc:	d501      	bpl.n	100065e2 <tu_edpt_claim+0x1a>
100065de:	0028      	movs	r0, r5
100065e0:	bd70      	pop	{r4, r5, r6, pc}
100065e2:	2101      	movs	r1, #1
100065e4:	0030      	movs	r0, r6
100065e6:	4249      	negs	r1, r1
100065e8:	f000 fb46 	bl	10006c78 <__mutex_enter_timeout_ms_veneer>
100065ec:	7823      	ldrb	r3, [r4, #0]
100065ee:	07db      	lsls	r3, r3, #31
100065f0:	0fdd      	lsrs	r5, r3, #31
100065f2:	2b00      	cmp	r3, #0
100065f4:	d10a      	bne.n	1000660c <tu_edpt_claim+0x44>
100065f6:	7823      	ldrb	r3, [r4, #0]
100065f8:	075b      	lsls	r3, r3, #29
100065fa:	d408      	bmi.n	1000660e <tu_edpt_claim+0x46>
100065fc:	2204      	movs	r2, #4
100065fe:	7823      	ldrb	r3, [r4, #0]
10006600:	2501      	movs	r5, #1
10006602:	4313      	orrs	r3, r2
10006604:	7023      	strb	r3, [r4, #0]
10006606:	e002      	b.n	1000660e <tu_edpt_claim+0x46>
10006608:	2500      	movs	r5, #0
1000660a:	e7e8      	b.n	100065de <tu_edpt_claim+0x16>
1000660c:	2500      	movs	r5, #0
1000660e:	0030      	movs	r0, r6
10006610:	f000 fb6a 	bl	10006ce8 <__mutex_exit_veneer>
10006614:	e7e3      	b.n	100065de <tu_edpt_claim+0x16>
10006616:	46c0      	nop			; (mov r8, r8)

10006618 <tu_edpt_release>:
10006618:	b570      	push	{r4, r5, r6, lr}
1000661a:	000d      	movs	r5, r1
1000661c:	2101      	movs	r1, #1
1000661e:	0004      	movs	r4, r0
10006620:	4249      	negs	r1, r1
10006622:	0028      	movs	r0, r5
10006624:	f000 fb28 	bl	10006c78 <__mutex_enter_timeout_ms_veneer>
10006628:	7823      	ldrb	r3, [r4, #0]
1000662a:	075b      	lsls	r3, r3, #29
1000662c:	0fde      	lsrs	r6, r3, #31
1000662e:	2b00      	cmp	r3, #0
10006630:	db04      	blt.n	1000663c <tu_edpt_release+0x24>
10006632:	0028      	movs	r0, r5
10006634:	f000 fb58 	bl	10006ce8 <__mutex_exit_veneer>
10006638:	0030      	movs	r0, r6
1000663a:	bd70      	pop	{r4, r5, r6, pc}
1000663c:	7823      	ldrb	r3, [r4, #0]
1000663e:	07db      	lsls	r3, r3, #31
10006640:	d404      	bmi.n	1000664c <tu_edpt_release+0x34>
10006642:	2204      	movs	r2, #4
10006644:	7823      	ldrb	r3, [r4, #0]
10006646:	4393      	bics	r3, r2
10006648:	7023      	strb	r3, [r4, #0]
1000664a:	e7f2      	b.n	10006632 <tu_edpt_release+0x1a>
1000664c:	2600      	movs	r6, #0
1000664e:	e7f0      	b.n	10006632 <tu_edpt_release+0x1a>

10006650 <tu_edpt_validate>:
10006650:	b510      	push	{r4, lr}
10006652:	7943      	ldrb	r3, [r0, #5]
10006654:	7904      	ldrb	r4, [r0, #4]
10006656:	021b      	lsls	r3, r3, #8
10006658:	4323      	orrs	r3, r4
1000665a:	055b      	lsls	r3, r3, #21
1000665c:	0d5a      	lsrs	r2, r3, #21
1000665e:	78c3      	ldrb	r3, [r0, #3]
10006660:	079b      	lsls	r3, r3, #30
10006662:	0f9b      	lsrs	r3, r3, #30
10006664:	2b02      	cmp	r3, #2
10006666:	d005      	beq.n	10006674 <tu_edpt_validate+0x24>
10006668:	2b03      	cmp	r3, #3
1000666a:	d015      	beq.n	10006698 <tu_edpt_validate+0x48>
1000666c:	2000      	movs	r0, #0
1000666e:	2b01      	cmp	r3, #1
10006670:	d008      	beq.n	10006684 <tu_edpt_validate+0x34>
10006672:	bd10      	pop	{r4, pc}
10006674:	2902      	cmp	r1, #2
10006676:	d01c      	beq.n	100066b2 <tu_edpt_validate+0x62>
10006678:	2000      	movs	r0, #0
1000667a:	2340      	movs	r3, #64	; 0x40
1000667c:	4293      	cmp	r3, r2
1000667e:	4140      	adcs	r0, r0
10006680:	b2c0      	uxtb	r0, r0
10006682:	e7f6      	b.n	10006672 <tu_edpt_validate+0x22>
10006684:	3902      	subs	r1, #2
10006686:	424b      	negs	r3, r1
10006688:	4159      	adcs	r1, r3
1000668a:	4b0d      	ldr	r3, [pc, #52]	; (100066c0 <tu_edpt_validate+0x70>)
1000668c:	469c      	mov	ip, r3
1000668e:	4461      	add	r1, ip
10006690:	4291      	cmp	r1, r2
10006692:	4140      	adcs	r0, r0
10006694:	b2c0      	uxtb	r0, r0
10006696:	e7ec      	b.n	10006672 <tu_edpt_validate+0x22>
10006698:	3902      	subs	r1, #2
1000669a:	424b      	negs	r3, r1
1000669c:	4159      	adcs	r1, r3
1000669e:	23f0      	movs	r3, #240	; 0xf0
100066a0:	2000      	movs	r0, #0
100066a2:	4249      	negs	r1, r1
100066a4:	009b      	lsls	r3, r3, #2
100066a6:	4019      	ands	r1, r3
100066a8:	3140      	adds	r1, #64	; 0x40
100066aa:	4291      	cmp	r1, r2
100066ac:	4140      	adcs	r0, r0
100066ae:	b2c0      	uxtb	r0, r0
100066b0:	e7df      	b.n	10006672 <tu_edpt_validate+0x22>
100066b2:	4b04      	ldr	r3, [pc, #16]	; (100066c4 <tu_edpt_validate+0x74>)
100066b4:	18d3      	adds	r3, r2, r3
100066b6:	425a      	negs	r2, r3
100066b8:	4153      	adcs	r3, r2
100066ba:	b2d8      	uxtb	r0, r3
100066bc:	e7d9      	b.n	10006672 <tu_edpt_validate+0x22>
100066be:	46c0      	nop			; (mov r8, r8)
100066c0:	000003ff 	.word	0x000003ff
100066c4:	fffffe00 	.word	0xfffffe00

100066c8 <tu_edpt_bind_driver>:
100066c8:	188a      	adds	r2, r1, r2
100066ca:	b570      	push	{r4, r5, r6, lr}
100066cc:	4291      	cmp	r1, r2
100066ce:	d207      	bcs.n	100066e0 <tu_edpt_bind_driver+0x18>
100066d0:	267f      	movs	r6, #127	; 0x7f
100066d2:	784c      	ldrb	r4, [r1, #1]
100066d4:	2c05      	cmp	r4, #5
100066d6:	d004      	beq.n	100066e2 <tu_edpt_bind_driver+0x1a>
100066d8:	780c      	ldrb	r4, [r1, #0]
100066da:	1909      	adds	r1, r1, r4
100066dc:	428a      	cmp	r2, r1
100066de:	d8f8      	bhi.n	100066d2 <tu_edpt_bind_driver+0xa>
100066e0:	bd70      	pop	{r4, r5, r6, pc}
100066e2:	0034      	movs	r4, r6
100066e4:	788d      	ldrb	r5, [r1, #2]
100066e6:	402c      	ands	r4, r5
100066e8:	0064      	lsls	r4, r4, #1
100066ea:	1904      	adds	r4, r0, r4
100066ec:	09ed      	lsrs	r5, r5, #7
100066ee:	5563      	strb	r3, [r4, r5]
100066f0:	780c      	ldrb	r4, [r1, #0]
100066f2:	1909      	adds	r1, r1, r4
100066f4:	428a      	cmp	r2, r1
100066f6:	d8ec      	bhi.n	100066d2 <tu_edpt_bind_driver+0xa>
100066f8:	e7f2      	b.n	100066e0 <tu_edpt_bind_driver+0x18>
100066fa:	46c0      	nop			; (mov r8, r8)

100066fc <tu_fifo_config>:
100066fc:	b5f0      	push	{r4, r5, r6, r7, lr}
100066fe:	46c6      	mov	lr, r8
10006700:	b500      	push	{lr}
10006702:	0004      	movs	r4, r0
10006704:	a806      	add	r0, sp, #24
10006706:	7805      	ldrb	r5, [r0, #0]
10006708:	2080      	movs	r0, #128	; 0x80
1000670a:	4688      	mov	r8, r1
1000670c:	0017      	movs	r7, r2
1000670e:	001e      	movs	r6, r3
10006710:	0200      	lsls	r0, r0, #8
10006712:	4282      	cmp	r2, r0
10006714:	d827      	bhi.n	10006766 <tu_fifo_config+0x6a>
10006716:	68e0      	ldr	r0, [r4, #12]
10006718:	2800      	cmp	r0, #0
1000671a:	d003      	beq.n	10006724 <tu_fifo_config+0x28>
1000671c:	2101      	movs	r1, #1
1000671e:	4249      	negs	r1, r1
10006720:	f000 faaa 	bl	10006c78 <__mutex_enter_timeout_ms_veneer>
10006724:	6920      	ldr	r0, [r4, #16]
10006726:	2800      	cmp	r0, #0
10006728:	d003      	beq.n	10006732 <tu_fifo_config+0x36>
1000672a:	2101      	movs	r1, #1
1000672c:	4249      	negs	r1, r1
1000672e:	f000 faa3 	bl	10006c78 <__mutex_enter_timeout_ms_veneer>
10006732:	4643      	mov	r3, r8
10006734:	6023      	str	r3, [r4, #0]
10006736:	0473      	lsls	r3, r6, #17
10006738:	0c5b      	lsrs	r3, r3, #17
1000673a:	03ed      	lsls	r5, r5, #15
1000673c:	431d      	orrs	r5, r3
1000673e:	2300      	movs	r3, #0
10006740:	68e0      	ldr	r0, [r4, #12]
10006742:	8163      	strh	r3, [r4, #10]
10006744:	80a7      	strh	r7, [r4, #4]
10006746:	80e5      	strh	r5, [r4, #6]
10006748:	8123      	strh	r3, [r4, #8]
1000674a:	2800      	cmp	r0, #0
1000674c:	d001      	beq.n	10006752 <tu_fifo_config+0x56>
1000674e:	f000 facb 	bl	10006ce8 <__mutex_exit_veneer>
10006752:	6920      	ldr	r0, [r4, #16]
10006754:	2401      	movs	r4, #1
10006756:	2800      	cmp	r0, #0
10006758:	d001      	beq.n	1000675e <tu_fifo_config+0x62>
1000675a:	f000 fac5 	bl	10006ce8 <__mutex_exit_veneer>
1000675e:	0020      	movs	r0, r4
10006760:	bc80      	pop	{r7}
10006762:	46b8      	mov	r8, r7
10006764:	bdf0      	pop	{r4, r5, r6, r7, pc}
10006766:	2400      	movs	r4, #0
10006768:	e7f9      	b.n	1000675e <tu_fifo_config+0x62>
1000676a:	46c0      	nop			; (mov r8, r8)

1000676c <tu_fifo_count>:
1000676c:	b510      	push	{r4, lr}
1000676e:	8904      	ldrh	r4, [r0, #8]
10006770:	8941      	ldrh	r1, [r0, #10]
10006772:	8882      	ldrh	r2, [r0, #4]
10006774:	b2a3      	uxth	r3, r4
10006776:	b288      	uxth	r0, r1
10006778:	428c      	cmp	r4, r1
1000677a:	d307      	bcc.n	1000678c <tu_fifo_count+0x20>
1000677c:	1a1b      	subs	r3, r3, r0
1000677e:	b29b      	uxth	r3, r3
10006780:	1c10      	adds	r0, r2, #0
10006782:	429a      	cmp	r2, r3
10006784:	d900      	bls.n	10006788 <tu_fifo_count+0x1c>
10006786:	1c18      	adds	r0, r3, #0
10006788:	b280      	uxth	r0, r0
1000678a:	bd10      	pop	{r4, pc}
1000678c:	0051      	lsls	r1, r2, #1
1000678e:	1a09      	subs	r1, r1, r0
10006790:	185b      	adds	r3, r3, r1
10006792:	b29b      	uxth	r3, r3
10006794:	e7f4      	b.n	10006780 <tu_fifo_count+0x14>
10006796:	46c0      	nop			; (mov r8, r8)

10006798 <tu_fifo_empty>:
10006798:	0003      	movs	r3, r0
1000679a:	8900      	ldrh	r0, [r0, #8]
1000679c:	895b      	ldrh	r3, [r3, #10]
1000679e:	1ac0      	subs	r0, r0, r3
100067a0:	4243      	negs	r3, r0
100067a2:	4158      	adcs	r0, r3
100067a4:	b2c0      	uxtb	r0, r0
100067a6:	4770      	bx	lr

100067a8 <tu_fifo_remaining>:
100067a8:	b510      	push	{r4, lr}
100067aa:	8904      	ldrh	r4, [r0, #8]
100067ac:	8941      	ldrh	r1, [r0, #10]
100067ae:	8882      	ldrh	r2, [r0, #4]
100067b0:	b2a3      	uxth	r3, r4
100067b2:	b288      	uxth	r0, r1
100067b4:	428c      	cmp	r4, r1
100067b6:	d307      	bcc.n	100067c8 <tu_fifo_remaining+0x20>
100067b8:	1a1b      	subs	r3, r3, r0
100067ba:	b29b      	uxth	r3, r3
100067bc:	2000      	movs	r0, #0
100067be:	429a      	cmp	r2, r3
100067c0:	d901      	bls.n	100067c6 <tu_fifo_remaining+0x1e>
100067c2:	1ad3      	subs	r3, r2, r3
100067c4:	b298      	uxth	r0, r3
100067c6:	bd10      	pop	{r4, pc}
100067c8:	0051      	lsls	r1, r2, #1
100067ca:	1a09      	subs	r1, r1, r0
100067cc:	185b      	adds	r3, r3, r1
100067ce:	b29b      	uxth	r3, r3
100067d0:	e7f4      	b.n	100067bc <tu_fifo_remaining+0x14>
100067d2:	46c0      	nop			; (mov r8, r8)

100067d4 <tu_fifo_read>:
100067d4:	b570      	push	{r4, r5, r6, lr}
100067d6:	0004      	movs	r4, r0
100067d8:	6900      	ldr	r0, [r0, #16]
100067da:	000e      	movs	r6, r1
100067dc:	2800      	cmp	r0, #0
100067de:	d003      	beq.n	100067e8 <tu_fifo_read+0x14>
100067e0:	2101      	movs	r1, #1
100067e2:	4249      	negs	r1, r1
100067e4:	f000 fa48 	bl	10006c78 <__mutex_enter_timeout_ms_veneer>
100067e8:	8925      	ldrh	r5, [r4, #8]
100067ea:	8960      	ldrh	r0, [r4, #10]
100067ec:	88a2      	ldrh	r2, [r4, #4]
100067ee:	b2a9      	uxth	r1, r5
100067f0:	b283      	uxth	r3, r0
100067f2:	4285      	cmp	r5, r0
100067f4:	d32c      	bcc.n	10006850 <tu_fifo_read+0x7c>
100067f6:	1acd      	subs	r5, r1, r3
100067f8:	b2ad      	uxth	r5, r5
100067fa:	2d00      	cmp	r5, #0
100067fc:	d02e      	beq.n	1000685c <tu_fifo_read+0x88>
100067fe:	42aa      	cmp	r2, r5
10006800:	d208      	bcs.n	10006814 <tu_fifo_read+0x40>
10006802:	4291      	cmp	r1, r2
10006804:	d331      	bcc.n	1000686a <tu_fifo_read+0x96>
10006806:	1a8b      	subs	r3, r1, r2
10006808:	b29b      	uxth	r3, r3
1000680a:	8163      	strh	r3, [r4, #10]
1000680c:	429a      	cmp	r2, r3
1000680e:	d803      	bhi.n	10006818 <tu_fifo_read+0x44>
10006810:	1a9b      	subs	r3, r3, r2
10006812:	b29b      	uxth	r3, r3
10006814:	429a      	cmp	r2, r3
10006816:	d9fb      	bls.n	10006810 <tu_fifo_read+0x3c>
10006818:	88e2      	ldrh	r2, [r4, #6]
1000681a:	6821      	ldr	r1, [r4, #0]
1000681c:	0452      	lsls	r2, r2, #17
1000681e:	0c52      	lsrs	r2, r2, #17
10006820:	4353      	muls	r3, r2
10006822:	0030      	movs	r0, r6
10006824:	18c9      	adds	r1, r1, r3
10006826:	f7fc fb47 	bl	10002eb8 <__wrap___aeabi_memcpy>
1000682a:	8961      	ldrh	r1, [r4, #10]
1000682c:	2501      	movs	r5, #1
1000682e:	1c4b      	adds	r3, r1, #1
10006830:	b29b      	uxth	r3, r3
10006832:	88a2      	ldrh	r2, [r4, #4]
10006834:	4299      	cmp	r1, r3
10006836:	d914      	bls.n	10006862 <tu_fifo_read+0x8e>
10006838:	2300      	movs	r3, #0
1000683a:	0052      	lsls	r2, r2, #1
1000683c:	1a9b      	subs	r3, r3, r2
1000683e:	b29b      	uxth	r3, r3
10006840:	6920      	ldr	r0, [r4, #16]
10006842:	8163      	strh	r3, [r4, #10]
10006844:	2800      	cmp	r0, #0
10006846:	d001      	beq.n	1000684c <tu_fifo_read+0x78>
10006848:	f000 fa4e 	bl	10006ce8 <__mutex_exit_veneer>
1000684c:	0028      	movs	r0, r5
1000684e:	bd70      	pop	{r4, r5, r6, pc}
10006850:	0055      	lsls	r5, r2, #1
10006852:	1aed      	subs	r5, r5, r3
10006854:	194d      	adds	r5, r1, r5
10006856:	b2ad      	uxth	r5, r5
10006858:	2d00      	cmp	r5, #0
1000685a:	d1d0      	bne.n	100067fe <tu_fifo_read+0x2a>
1000685c:	2500      	movs	r5, #0
1000685e:	8963      	ldrh	r3, [r4, #10]
10006860:	b29b      	uxth	r3, r3
10006862:	0052      	lsls	r2, r2, #1
10006864:	4293      	cmp	r3, r2
10006866:	dbeb      	blt.n	10006840 <tu_fifo_read+0x6c>
10006868:	e7e8      	b.n	1000683c <tu_fifo_read+0x68>
1000686a:	1889      	adds	r1, r1, r2
1000686c:	b28b      	uxth	r3, r1
1000686e:	8163      	strh	r3, [r4, #10]
10006870:	e7cc      	b.n	1000680c <tu_fifo_read+0x38>
10006872:	46c0      	nop			; (mov r8, r8)

10006874 <tu_fifo_read_n>:
10006874:	b5f0      	push	{r4, r5, r6, r7, lr}
10006876:	4646      	mov	r6, r8
10006878:	464f      	mov	r7, r9
1000687a:	46d6      	mov	lr, sl
1000687c:	b5c0      	push	{r6, r7, lr}
1000687e:	0006      	movs	r6, r0
10006880:	6900      	ldr	r0, [r0, #16]
10006882:	4689      	mov	r9, r1
10006884:	4690      	mov	r8, r2
10006886:	2800      	cmp	r0, #0
10006888:	d003      	beq.n	10006892 <tu_fifo_read_n+0x1e>
1000688a:	2101      	movs	r1, #1
1000688c:	4249      	negs	r1, r1
1000688e:	f000 f9f3 	bl	10006c78 <__mutex_enter_timeout_ms_veneer>
10006892:	8931      	ldrh	r1, [r6, #8]
10006894:	8972      	ldrh	r2, [r6, #10]
10006896:	88b5      	ldrh	r5, [r6, #4]
10006898:	b28b      	uxth	r3, r1
1000689a:	b294      	uxth	r4, r2
1000689c:	4291      	cmp	r1, r2
1000689e:	d357      	bcc.n	10006950 <tu_fifo_read_n+0xdc>
100068a0:	1b1f      	subs	r7, r3, r4
100068a2:	b2bf      	uxth	r7, r7
100068a4:	2f00      	cmp	r7, #0
100068a6:	d04d      	beq.n	10006944 <tu_fifo_read_n+0xd0>
100068a8:	42bd      	cmp	r5, r7
100068aa:	d205      	bcs.n	100068b8 <tu_fifo_read_n+0x44>
100068ac:	42ab      	cmp	r3, r5
100068ae:	d254      	bcs.n	1000695a <tu_fifo_read_n+0xe6>
100068b0:	195b      	adds	r3, r3, r5
100068b2:	b29c      	uxth	r4, r3
100068b4:	002f      	movs	r7, r5
100068b6:	8174      	strh	r4, [r6, #10]
100068b8:	4643      	mov	r3, r8
100068ba:	45b8      	cmp	r8, r7
100068bc:	d840      	bhi.n	10006940 <tu_fifo_read_n+0xcc>
100068be:	b29f      	uxth	r7, r3
100068c0:	42a5      	cmp	r5, r4
100068c2:	d803      	bhi.n	100068cc <tu_fifo_read_n+0x58>
100068c4:	1b64      	subs	r4, r4, r5
100068c6:	b2a4      	uxth	r4, r4
100068c8:	42a5      	cmp	r5, r4
100068ca:	d9fb      	bls.n	100068c4 <tu_fifo_read_n+0x50>
100068cc:	88f2      	ldrh	r2, [r6, #6]
100068ce:	1b28      	subs	r0, r5, r4
100068d0:	0452      	lsls	r2, r2, #17
100068d2:	0c53      	lsrs	r3, r2, #17
100068d4:	0019      	movs	r1, r3
100068d6:	4698      	mov	r8, r3
100068d8:	6833      	ldr	r3, [r6, #0]
100068da:	4361      	muls	r1, r4
100068dc:	469c      	mov	ip, r3
100068de:	b280      	uxth	r0, r0
100068e0:	4461      	add	r1, ip
100068e2:	4287      	cmp	r7, r0
100068e4:	d926      	bls.n	10006934 <tu_fifo_read_n+0xc0>
100068e6:	4643      	mov	r3, r8
100068e8:	4358      	muls	r0, r3
100068ea:	b283      	uxth	r3, r0
100068ec:	001a      	movs	r2, r3
100068ee:	4648      	mov	r0, r9
100068f0:	469a      	mov	sl, r3
100068f2:	f7fc fae1 	bl	10002eb8 <__wrap___aeabi_memcpy>
100068f6:	4643      	mov	r3, r8
100068f8:	4648      	mov	r0, r9
100068fa:	1b7d      	subs	r5, r7, r5
100068fc:	1964      	adds	r4, r4, r5
100068fe:	435c      	muls	r4, r3
10006900:	6831      	ldr	r1, [r6, #0]
10006902:	4450      	add	r0, sl
10006904:	b2a2      	uxth	r2, r4
10006906:	f7fc fad7 	bl	10002eb8 <__wrap___aeabi_memcpy>
1000690a:	8971      	ldrh	r1, [r6, #10]
1000690c:	88b5      	ldrh	r5, [r6, #4]
1000690e:	19cb      	adds	r3, r1, r7
10006910:	b29b      	uxth	r3, r3
10006912:	006a      	lsls	r2, r5, #1
10006914:	4299      	cmp	r1, r3
10006916:	d917      	bls.n	10006948 <tu_fifo_read_n+0xd4>
10006918:	1a9b      	subs	r3, r3, r2
1000691a:	b29b      	uxth	r3, r3
1000691c:	6930      	ldr	r0, [r6, #16]
1000691e:	8173      	strh	r3, [r6, #10]
10006920:	2800      	cmp	r0, #0
10006922:	d001      	beq.n	10006928 <tu_fifo_read_n+0xb4>
10006924:	f000 f9e0 	bl	10006ce8 <__mutex_exit_veneer>
10006928:	0038      	movs	r0, r7
1000692a:	bce0      	pop	{r5, r6, r7}
1000692c:	46ba      	mov	sl, r7
1000692e:	46b1      	mov	r9, r6
10006930:	46a8      	mov	r8, r5
10006932:	bdf0      	pop	{r4, r5, r6, r7, pc}
10006934:	4642      	mov	r2, r8
10006936:	4648      	mov	r0, r9
10006938:	437a      	muls	r2, r7
1000693a:	f7fc fabd 	bl	10002eb8 <__wrap___aeabi_memcpy>
1000693e:	e7e4      	b.n	1000690a <tu_fifo_read_n+0x96>
10006940:	1c3b      	adds	r3, r7, #0
10006942:	e7bc      	b.n	100068be <tu_fifo_read_n+0x4a>
10006944:	8973      	ldrh	r3, [r6, #10]
10006946:	b29b      	uxth	r3, r3
10006948:	006a      	lsls	r2, r5, #1
1000694a:	4293      	cmp	r3, r2
1000694c:	dbe6      	blt.n	1000691c <tu_fifo_read_n+0xa8>
1000694e:	e7e3      	b.n	10006918 <tu_fifo_read_n+0xa4>
10006950:	006f      	lsls	r7, r5, #1
10006952:	1b3f      	subs	r7, r7, r4
10006954:	19df      	adds	r7, r3, r7
10006956:	b2bf      	uxth	r7, r7
10006958:	e7a4      	b.n	100068a4 <tu_fifo_read_n+0x30>
1000695a:	1b5b      	subs	r3, r3, r5
1000695c:	b29c      	uxth	r4, r3
1000695e:	e7a9      	b.n	100068b4 <tu_fifo_read_n+0x40>

10006960 <tu_fifo_write>:
10006960:	b5f8      	push	{r3, r4, r5, r6, r7, lr}
10006962:	0004      	movs	r4, r0
10006964:	68c0      	ldr	r0, [r0, #12]
10006966:	000e      	movs	r6, r1
10006968:	2800      	cmp	r0, #0
1000696a:	d003      	beq.n	10006974 <tu_fifo_write+0x14>
1000696c:	2101      	movs	r1, #1
1000696e:	4249      	negs	r1, r1
10006970:	f000 f982 	bl	10006c78 <__mutex_enter_timeout_ms_veneer>
10006974:	8925      	ldrh	r5, [r4, #8]
10006976:	8920      	ldrh	r0, [r4, #8]
10006978:	8961      	ldrh	r1, [r4, #10]
1000697a:	88a2      	ldrh	r2, [r4, #4]
1000697c:	b2ad      	uxth	r5, r5
1000697e:	b283      	uxth	r3, r0
10006980:	b28f      	uxth	r7, r1
10006982:	4288      	cmp	r0, r1
10006984:	d328      	bcc.n	100069d8 <tu_fifo_write+0x78>
10006986:	1bdb      	subs	r3, r3, r7
10006988:	b29b      	uxth	r3, r3
1000698a:	429a      	cmp	r2, r3
1000698c:	d809      	bhi.n	100069a2 <tu_fifo_write+0x42>
1000698e:	79e7      	ldrb	r7, [r4, #7]
10006990:	09ff      	lsrs	r7, r7, #7
10006992:	d106      	bne.n	100069a2 <tu_fifo_write+0x42>
10006994:	68e0      	ldr	r0, [r4, #12]
10006996:	2800      	cmp	r0, #0
10006998:	d001      	beq.n	1000699e <tu_fifo_write+0x3e>
1000699a:	f000 f9a5 	bl	10006ce8 <__mutex_exit_veneer>
1000699e:	0038      	movs	r0, r7
100069a0:	bdf8      	pop	{r3, r4, r5, r6, r7, pc}
100069a2:	002b      	movs	r3, r5
100069a4:	4295      	cmp	r5, r2
100069a6:	d303      	bcc.n	100069b0 <tu_fifo_write+0x50>
100069a8:	1a9b      	subs	r3, r3, r2
100069aa:	b29b      	uxth	r3, r3
100069ac:	4293      	cmp	r3, r2
100069ae:	d2fb      	bcs.n	100069a8 <tu_fifo_write+0x48>
100069b0:	88e2      	ldrh	r2, [r4, #6]
100069b2:	6821      	ldr	r1, [r4, #0]
100069b4:	0452      	lsls	r2, r2, #17
100069b6:	0c52      	lsrs	r2, r2, #17
100069b8:	4353      	muls	r3, r2
100069ba:	18c8      	adds	r0, r1, r3
100069bc:	0031      	movs	r1, r6
100069be:	f7fc fa7b 	bl	10002eb8 <__wrap___aeabi_memcpy>
100069c2:	88a2      	ldrh	r2, [r4, #4]
100069c4:	1c6b      	adds	r3, r5, #1
100069c6:	b29b      	uxth	r3, r3
100069c8:	0052      	lsls	r2, r2, #1
100069ca:	429d      	cmp	r5, r3
100069cc:	d909      	bls.n	100069e2 <tu_fifo_write+0x82>
100069ce:	1a9b      	subs	r3, r3, r2
100069d0:	b29b      	uxth	r3, r3
100069d2:	2701      	movs	r7, #1
100069d4:	8123      	strh	r3, [r4, #8]
100069d6:	e7dd      	b.n	10006994 <tu_fifo_write+0x34>
100069d8:	0051      	lsls	r1, r2, #1
100069da:	1bc9      	subs	r1, r1, r7
100069dc:	185b      	adds	r3, r3, r1
100069de:	b29b      	uxth	r3, r3
100069e0:	e7d3      	b.n	1000698a <tu_fifo_write+0x2a>
100069e2:	4293      	cmp	r3, r2
100069e4:	dbf5      	blt.n	100069d2 <tu_fifo_write+0x72>
100069e6:	e7f2      	b.n	100069ce <tu_fifo_write+0x6e>

100069e8 <tu_fifo_write_n>:
100069e8:	b5f0      	push	{r4, r5, r6, r7, lr}
100069ea:	464e      	mov	r6, r9
100069ec:	4645      	mov	r5, r8
100069ee:	46de      	mov	lr, fp
100069f0:	4657      	mov	r7, sl
100069f2:	b5e0      	push	{r5, r6, r7, lr}
100069f4:	4689      	mov	r9, r1
100069f6:	0005      	movs	r5, r0
100069f8:	0014      	movs	r4, r2
100069fa:	b083      	sub	sp, #12
100069fc:	2a00      	cmp	r2, #0
100069fe:	d06e      	beq.n	10006ade <tu_fifo_write_n+0xf6>
10006a00:	68c0      	ldr	r0, [r0, #12]
10006a02:	2800      	cmp	r0, #0
10006a04:	d003      	beq.n	10006a0e <tu_fifo_write_n+0x26>
10006a06:	2101      	movs	r1, #1
10006a08:	4249      	negs	r1, r1
10006a0a:	f000 f935 	bl	10006c78 <__mutex_enter_timeout_ms_veneer>
10006a0e:	892f      	ldrh	r7, [r5, #8]
10006a10:	79ea      	ldrb	r2, [r5, #7]
10006a12:	896b      	ldrh	r3, [r5, #10]
10006a14:	b2bf      	uxth	r7, r7
10006a16:	b29b      	uxth	r3, r3
10006a18:	09d2      	lsrs	r2, r2, #7
10006a1a:	d142      	bne.n	10006aa2 <tu_fifo_write_n+0xba>
10006a1c:	88ae      	ldrh	r6, [r5, #4]
10006a1e:	429f      	cmp	r7, r3
10006a20:	d267      	bcs.n	10006af2 <tu_fifo_write_n+0x10a>
10006a22:	0072      	lsls	r2, r6, #1
10006a24:	1ad3      	subs	r3, r2, r3
10006a26:	18fb      	adds	r3, r7, r3
10006a28:	b29b      	uxth	r3, r3
10006a2a:	2200      	movs	r2, #0
10006a2c:	4690      	mov	r8, r2
10006a2e:	429e      	cmp	r6, r3
10006a30:	d931      	bls.n	10006a96 <tu_fifo_write_n+0xae>
10006a32:	1af3      	subs	r3, r6, r3
10006a34:	1c1a      	adds	r2, r3, #0
10006a36:	b29b      	uxth	r3, r3
10006a38:	42a3      	cmp	r3, r4
10006a3a:	d900      	bls.n	10006a3e <tu_fifo_write_n+0x56>
10006a3c:	1c22      	adds	r2, r4, #0
10006a3e:	b293      	uxth	r3, r2
10006a40:	4698      	mov	r8, r3
10006a42:	88e8      	ldrh	r0, [r5, #6]
10006a44:	4643      	mov	r3, r8
10006a46:	19db      	adds	r3, r3, r7
10006a48:	b29b      	uxth	r3, r3
10006a4a:	469b      	mov	fp, r3
10006a4c:	003c      	movs	r4, r7
10006a4e:	42be      	cmp	r6, r7
10006a50:	d803      	bhi.n	10006a5a <tu_fifo_write_n+0x72>
10006a52:	1ba4      	subs	r4, r4, r6
10006a54:	b2a4      	uxth	r4, r4
10006a56:	42b4      	cmp	r4, r6
10006a58:	d2fb      	bcs.n	10006a52 <tu_fifo_write_n+0x6a>
10006a5a:	0440      	lsls	r0, r0, #17
10006a5c:	0c43      	lsrs	r3, r0, #17
10006a5e:	0018      	movs	r0, r3
10006a60:	469a      	mov	sl, r3
10006a62:	682b      	ldr	r3, [r5, #0]
10006a64:	4360      	muls	r0, r4
10006a66:	469c      	mov	ip, r3
10006a68:	1b31      	subs	r1, r6, r4
10006a6a:	b289      	uxth	r1, r1
10006a6c:	4460      	add	r0, ip
10006a6e:	4541      	cmp	r1, r8
10006a70:	d34e      	bcc.n	10006b10 <tu_fifo_write_n+0x128>
10006a72:	4652      	mov	r2, sl
10006a74:	4643      	mov	r3, r8
10006a76:	4649      	mov	r1, r9
10006a78:	435a      	muls	r2, r3
10006a7a:	f7fc fa1d 	bl	10002eb8 <__wrap___aeabi_memcpy>
10006a7e:	88ab      	ldrh	r3, [r5, #4]
10006a80:	005b      	lsls	r3, r3, #1
10006a82:	45bb      	cmp	fp, r7
10006a84:	d301      	bcc.n	10006a8a <tu_fifo_write_n+0xa2>
10006a86:	459b      	cmp	fp, r3
10006a88:	db03      	blt.n	10006a92 <tu_fifo_write_n+0xaa>
10006a8a:	465a      	mov	r2, fp
10006a8c:	1ad3      	subs	r3, r2, r3
10006a8e:	b29b      	uxth	r3, r3
10006a90:	469b      	mov	fp, r3
10006a92:	465b      	mov	r3, fp
10006a94:	812b      	strh	r3, [r5, #8]
10006a96:	68e8      	ldr	r0, [r5, #12]
10006a98:	2800      	cmp	r0, #0
10006a9a:	d022      	beq.n	10006ae2 <tu_fifo_write_n+0xfa>
10006a9c:	f000 f924 	bl	10006ce8 <__mutex_exit_veneer>
10006aa0:	e01f      	b.n	10006ae2 <tu_fifo_write_n+0xfa>
10006aa2:	88aa      	ldrh	r2, [r5, #4]
10006aa4:	4690      	mov	r8, r2
10006aa6:	4294      	cmp	r4, r2
10006aa8:	d226      	bcs.n	10006af8 <tu_fifo_write_n+0x110>
10006aaa:	429f      	cmp	r7, r3
10006aac:	d344      	bcc.n	10006b38 <tu_fifo_write_n+0x150>
10006aae:	4641      	mov	r1, r8
10006ab0:	1afa      	subs	r2, r7, r3
10006ab2:	b292      	uxth	r2, r2
10006ab4:	0049      	lsls	r1, r1, #1
10006ab6:	1912      	adds	r2, r2, r4
10006ab8:	428a      	cmp	r2, r1
10006aba:	db09      	blt.n	10006ad0 <tu_fifo_write_n+0xe8>
10006abc:	4642      	mov	r2, r8
10006abe:	189a      	adds	r2, r3, r2
10006ac0:	b292      	uxth	r2, r2
10006ac2:	1b17      	subs	r7, r2, r4
10006ac4:	b2bf      	uxth	r7, r7
10006ac6:	4693      	mov	fp, r2
10006ac8:	42bb      	cmp	r3, r7
10006aca:	d93a      	bls.n	10006b42 <tu_fifo_write_n+0x15a>
10006acc:	1a7f      	subs	r7, r7, r1
10006ace:	b2bf      	uxth	r7, r7
10006ad0:	19e3      	adds	r3, r4, r7
10006ad2:	b29b      	uxth	r3, r3
10006ad4:	4646      	mov	r6, r8
10006ad6:	469b      	mov	fp, r3
10006ad8:	46a0      	mov	r8, r4
10006ada:	88e8      	ldrh	r0, [r5, #6]
10006adc:	e7b6      	b.n	10006a4c <tu_fifo_write_n+0x64>
10006ade:	2300      	movs	r3, #0
10006ae0:	4698      	mov	r8, r3
10006ae2:	4640      	mov	r0, r8
10006ae4:	b003      	add	sp, #12
10006ae6:	bcf0      	pop	{r4, r5, r6, r7}
10006ae8:	46bb      	mov	fp, r7
10006aea:	46b2      	mov	sl, r6
10006aec:	46a9      	mov	r9, r5
10006aee:	46a0      	mov	r8, r4
10006af0:	bdf0      	pop	{r4, r5, r6, r7, pc}
10006af2:	1afb      	subs	r3, r7, r3
10006af4:	b29b      	uxth	r3, r3
10006af6:	e798      	b.n	10006a2a <tu_fifo_write_n+0x42>
10006af8:	88e8      	ldrh	r0, [r5, #6]
10006afa:	1aa2      	subs	r2, r4, r2
10006afc:	0444      	lsls	r4, r0, #17
10006afe:	0c64      	lsrs	r4, r4, #17
10006b00:	4354      	muls	r4, r2
10006b02:	4642      	mov	r2, r8
10006b04:	44a1      	add	r9, r4
10006b06:	2a00      	cmp	r2, #0
10006b08:	d0c5      	beq.n	10006a96 <tu_fifo_write_n+0xae>
10006b0a:	4646      	mov	r6, r8
10006b0c:	001f      	movs	r7, r3
10006b0e:	e799      	b.n	10006a44 <tu_fifo_write_n+0x5c>
10006b10:	4653      	mov	r3, sl
10006b12:	4359      	muls	r1, r3
10006b14:	b289      	uxth	r1, r1
10006b16:	000a      	movs	r2, r1
10006b18:	9101      	str	r1, [sp, #4]
10006b1a:	4649      	mov	r1, r9
10006b1c:	f7fc f9cc 	bl	10002eb8 <__wrap___aeabi_memcpy>
10006b20:	4643      	mov	r3, r8
10006b22:	1b9a      	subs	r2, r3, r6
10006b24:	4653      	mov	r3, sl
10006b26:	18a2      	adds	r2, r4, r2
10006b28:	435a      	muls	r2, r3
10006b2a:	9901      	ldr	r1, [sp, #4]
10006b2c:	6828      	ldr	r0, [r5, #0]
10006b2e:	b292      	uxth	r2, r2
10006b30:	4449      	add	r1, r9
10006b32:	f7fc f9c1 	bl	10002eb8 <__wrap___aeabi_memcpy>
10006b36:	e7a2      	b.n	10006a7e <tu_fifo_write_n+0x96>
10006b38:	0051      	lsls	r1, r2, #1
10006b3a:	1aca      	subs	r2, r1, r3
10006b3c:	18ba      	adds	r2, r7, r2
10006b3e:	b292      	uxth	r2, r2
10006b40:	e7b9      	b.n	10006ab6 <tu_fifo_write_n+0xce>
10006b42:	42b9      	cmp	r1, r7
10006b44:	ddc2      	ble.n	10006acc <tu_fifo_write_n+0xe4>
10006b46:	4646      	mov	r6, r8
10006b48:	88e8      	ldrh	r0, [r5, #6]
10006b4a:	46a0      	mov	r8, r4
10006b4c:	e77e      	b.n	10006a4c <tu_fifo_write_n+0x64>
10006b4e:	46c0      	nop			; (mov r8, r8)

10006b50 <tu_fifo_clear>:
10006b50:	b510      	push	{r4, lr}
10006b52:	0004      	movs	r4, r0
10006b54:	68c0      	ldr	r0, [r0, #12]
10006b56:	2800      	cmp	r0, #0
10006b58:	d003      	beq.n	10006b62 <tu_fifo_clear+0x12>
10006b5a:	2101      	movs	r1, #1
10006b5c:	4249      	negs	r1, r1
10006b5e:	f000 f88b 	bl	10006c78 <__mutex_enter_timeout_ms_veneer>
10006b62:	6920      	ldr	r0, [r4, #16]
10006b64:	2800      	cmp	r0, #0
10006b66:	d003      	beq.n	10006b70 <tu_fifo_clear+0x20>
10006b68:	2101      	movs	r1, #1
10006b6a:	4249      	negs	r1, r1
10006b6c:	f000 f884 	bl	10006c78 <__mutex_enter_timeout_ms_veneer>
10006b70:	2300      	movs	r3, #0
10006b72:	68e0      	ldr	r0, [r4, #12]
10006b74:	8163      	strh	r3, [r4, #10]
10006b76:	8123      	strh	r3, [r4, #8]
10006b78:	2800      	cmp	r0, #0
10006b7a:	d001      	beq.n	10006b80 <tu_fifo_clear+0x30>
10006b7c:	f000 f8b4 	bl	10006ce8 <__mutex_exit_veneer>
10006b80:	6920      	ldr	r0, [r4, #16]
10006b82:	2800      	cmp	r0, #0
10006b84:	d001      	beq.n	10006b8a <tu_fifo_clear+0x3a>
10006b86:	f000 f8af 	bl	10006ce8 <__mutex_exit_veneer>
10006b8a:	2001      	movs	r0, #1
10006b8c:	bd10      	pop	{r4, pc}
10006b8e:	46c0      	nop			; (mov r8, r8)

10006b90 <tu_fifo_set_overwritable>:
10006b90:	b570      	push	{r4, r5, r6, lr}
10006b92:	0004      	movs	r4, r0
10006b94:	68c0      	ldr	r0, [r0, #12]
10006b96:	000d      	movs	r5, r1
10006b98:	2800      	cmp	r0, #0
10006b9a:	d003      	beq.n	10006ba4 <tu_fifo_set_overwritable+0x14>
10006b9c:	2101      	movs	r1, #1
10006b9e:	4249      	negs	r1, r1
10006ba0:	f000 f86a 	bl	10006c78 <__mutex_enter_timeout_ms_veneer>
10006ba4:	6920      	ldr	r0, [r4, #16]
10006ba6:	2800      	cmp	r0, #0
10006ba8:	d003      	beq.n	10006bb2 <tu_fifo_set_overwritable+0x22>
10006baa:	2101      	movs	r1, #1
10006bac:	4249      	negs	r1, r1
10006bae:	f000 f863 	bl	10006c78 <__mutex_enter_timeout_ms_veneer>
10006bb2:	217f      	movs	r1, #127	; 0x7f
10006bb4:	79e3      	ldrb	r3, [r4, #7]
10006bb6:	01ed      	lsls	r5, r5, #7
10006bb8:	4019      	ands	r1, r3
10006bba:	68e0      	ldr	r0, [r4, #12]
10006bbc:	4329      	orrs	r1, r5
10006bbe:	71e1      	strb	r1, [r4, #7]
10006bc0:	2800      	cmp	r0, #0
10006bc2:	d001      	beq.n	10006bc8 <tu_fifo_set_overwritable+0x38>
10006bc4:	f000 f890 	bl	10006ce8 <__mutex_exit_veneer>
10006bc8:	6920      	ldr	r0, [r4, #16]
10006bca:	2800      	cmp	r0, #0
10006bcc:	d001      	beq.n	10006bd2 <tu_fifo_set_overwritable+0x42>
10006bce:	f000 f88b 	bl	10006ce8 <__mutex_exit_veneer>
10006bd2:	2001      	movs	r0, #1
10006bd4:	bd70      	pop	{r4, r5, r6, pc}
10006bd6:	46c0      	nop			; (mov r8, r8)

10006bd8 <strlen>:
10006bd8:	b510      	push	{r4, lr}
10006bda:	0783      	lsls	r3, r0, #30
10006bdc:	d00a      	beq.n	10006bf4 <strlen+0x1c>
10006bde:	0003      	movs	r3, r0
10006be0:	2103      	movs	r1, #3
10006be2:	e002      	b.n	10006bea <strlen+0x12>
10006be4:	3301      	adds	r3, #1
10006be6:	420b      	tst	r3, r1
10006be8:	d005      	beq.n	10006bf6 <strlen+0x1e>
10006bea:	781a      	ldrb	r2, [r3, #0]
10006bec:	2a00      	cmp	r2, #0
10006bee:	d1f9      	bne.n	10006be4 <strlen+0xc>
10006bf0:	1a18      	subs	r0, r3, r0
10006bf2:	bd10      	pop	{r4, pc}
10006bf4:	0003      	movs	r3, r0
10006bf6:	6819      	ldr	r1, [r3, #0]
10006bf8:	4a0c      	ldr	r2, [pc, #48]	; (10006c2c <strlen+0x54>)
10006bfa:	4c0d      	ldr	r4, [pc, #52]	; (10006c30 <strlen+0x58>)
10006bfc:	188a      	adds	r2, r1, r2
10006bfe:	438a      	bics	r2, r1
10006c00:	4222      	tst	r2, r4
10006c02:	d10f      	bne.n	10006c24 <strlen+0x4c>
10006c04:	6859      	ldr	r1, [r3, #4]
10006c06:	4a09      	ldr	r2, [pc, #36]	; (10006c2c <strlen+0x54>)
10006c08:	3304      	adds	r3, #4
10006c0a:	188a      	adds	r2, r1, r2
10006c0c:	438a      	bics	r2, r1
10006c0e:	4222      	tst	r2, r4
10006c10:	d108      	bne.n	10006c24 <strlen+0x4c>
10006c12:	6859      	ldr	r1, [r3, #4]
10006c14:	4a05      	ldr	r2, [pc, #20]	; (10006c2c <strlen+0x54>)
10006c16:	3304      	adds	r3, #4
10006c18:	188a      	adds	r2, r1, r2
10006c1a:	438a      	bics	r2, r1
10006c1c:	4222      	tst	r2, r4
10006c1e:	d0f1      	beq.n	10006c04 <strlen+0x2c>
10006c20:	e000      	b.n	10006c24 <strlen+0x4c>
10006c22:	3301      	adds	r3, #1
10006c24:	781a      	ldrb	r2, [r3, #0]
10006c26:	2a00      	cmp	r2, #0
10006c28:	d1fb      	bne.n	10006c22 <strlen+0x4a>
10006c2a:	e7e1      	b.n	10006bf0 <strlen+0x18>
10006c2c:	fefefeff 	.word	0xfefefeff
10006c30:	80808080 	.word	0x80808080
10006c34:	00000000 	.word	0x00000000

10006c38 <___hw_endpoint_buffer_control_update32_veneer>:
10006c38:	b401      	push	{r0}
10006c3a:	4802      	ldr	r0, [pc, #8]	; (10006c44 <___hw_endpoint_buffer_control_update32_veneer+0xc>)
10006c3c:	4684      	mov	ip, r0
10006c3e:	bc01      	pop	{r0}
10006c40:	4760      	bx	ip
10006c42:	bf00      	nop
10006c44:	20000c61 	.word	0x20000c61

10006c48 <____aeabi_idiv0_veneer>:
10006c48:	b401      	push	{r0}
10006c4a:	4802      	ldr	r0, [pc, #8]	; (10006c54 <____aeabi_idiv0_veneer+0xc>)
10006c4c:	4684      	mov	ip, r0
10006c4e:	bc01      	pop	{r0}
10006c50:	4760      	bx	ip
10006c52:	bf00      	nop
10006c54:	20000f45 	.word	0x20000f45

10006c58 <__mutex_try_enter_veneer>:
10006c58:	b401      	push	{r0}
10006c5a:	4802      	ldr	r0, [pc, #8]	; (10006c64 <__mutex_try_enter_veneer+0xc>)
10006c5c:	4684      	mov	ip, r0
10006c5e:	bc01      	pop	{r0}
10006c60:	4760      	bx	ip
10006c62:	bf00      	nop
10006c64:	200000c1 	.word	0x200000c1

10006c68 <__mutex_try_enter_block_until_veneer>:
10006c68:	b401      	push	{r0}
10006c6a:	4802      	ldr	r0, [pc, #8]	; (10006c74 <__mutex_try_enter_block_until_veneer+0xc>)
10006c6c:	4684      	mov	ip, r0
10006c6e:	bc01      	pop	{r0}
10006c70:	4760      	bx	ip
10006c72:	bf00      	nop
10006c74:	20000179 	.word	0x20000179

10006c78 <__mutex_enter_timeout_ms_veneer>:
10006c78:	b401      	push	{r0}
10006c7a:	4802      	ldr	r0, [pc, #8]	; (10006c84 <__mutex_enter_timeout_ms_veneer+0xc>)
10006c7c:	4684      	mov	ip, r0
10006c7e:	bc01      	pop	{r0}
10006c80:	4760      	bx	ip
10006c82:	bf00      	nop
10006c84:	200001ad 	.word	0x200001ad

10006c88 <__hw_endpoint_reset_transfer_veneer>:
10006c88:	b401      	push	{r0}
10006c8a:	4802      	ldr	r0, [pc, #8]	; (10006c94 <__hw_endpoint_reset_transfer_veneer+0xc>)
10006c8c:	4684      	mov	ip, r0
10006c8e:	bc01      	pop	{r0}
10006c90:	4760      	bx	ip
10006c92:	bf00      	nop
10006c94:	20000c55 	.word	0x20000c55

10006c98 <__e15_is_critical_frame_period_veneer>:
10006c98:	b401      	push	{r0}
10006c9a:	4802      	ldr	r0, [pc, #8]	; (10006ca4 <__e15_is_critical_frame_period_veneer+0xc>)
10006c9c:	4684      	mov	ip, r0
10006c9e:	bc01      	pop	{r0}
10006ca0:	4760      	bx	ip
10006ca2:	bf00      	nop
10006ca4:	20000c21 	.word	0x20000c21

10006ca8 <__e15_is_bulkin_ep_veneer>:
10006ca8:	b401      	push	{r0}
10006caa:	4802      	ldr	r0, [pc, #8]	; (10006cb4 <__e15_is_bulkin_ep_veneer+0xc>)
10006cac:	4684      	mov	ip, r0
10006cae:	bc01      	pop	{r0}
10006cb0:	4760      	bx	ip
10006cb2:	bf00      	nop
10006cb4:	20000bf9 	.word	0x20000bf9

10006cb8 <__hw_endpoint_start_next_buffer_veneer>:
10006cb8:	b401      	push	{r0}
10006cba:	4802      	ldr	r0, [pc, #8]	; (10006cc4 <__hw_endpoint_start_next_buffer_veneer+0xc>)
10006cbc:	4684      	mov	ip, r0
10006cbe:	bc01      	pop	{r0}
10006cc0:	4760      	bx	ip
10006cc2:	bf00      	nop
10006cc4:	20000cb1 	.word	0x20000cb1

10006cc8 <__flash_do_cmd_cs_veneer>:
10006cc8:	b401      	push	{r0}
10006cca:	4802      	ldr	r0, [pc, #8]	; (10006cd4 <__flash_do_cmd_cs_veneer+0xc>)
10006ccc:	4684      	mov	ip, r0
10006cce:	bc01      	pop	{r0}
10006cd0:	4760      	bx	ip
10006cd2:	bf00      	nop
10006cd4:	200002b1 	.word	0x200002b1

10006cd8 <____aeabi_ldiv0_veneer>:
10006cd8:	b401      	push	{r0}
10006cda:	4802      	ldr	r0, [pc, #8]	; (10006ce4 <____aeabi_ldiv0_veneer+0xc>)
10006cdc:	4684      	mov	ip, r0
10006cde:	bc01      	pop	{r0}
10006ce0:	4760      	bx	ip
10006ce2:	bf00      	nop
10006ce4:	20000f45 	.word	0x20000f45

10006ce8 <__mutex_exit_veneer>:
10006ce8:	b401      	push	{r0}
10006cea:	4802      	ldr	r0, [pc, #8]	; (10006cf4 <__mutex_exit_veneer+0xc>)
10006cec:	4684      	mov	ip, r0
10006cee:	bc01      	pop	{r0}
10006cf0:	4760      	bx	ip
10006cf2:	bf00      	nop
10006cf4:	200001e9 	.word	0x200001e9

10006cf8 <__reset_non_control_endpoints_veneer>:
10006cf8:	b401      	push	{r0}
10006cfa:	4802      	ldr	r0, [pc, #8]	; (10006d04 <__reset_non_control_endpoints_veneer+0xc>)
10006cfc:	4684      	mov	ip, r0
10006cfe:	bc01      	pop	{r0}
10006d00:	4760      	bx	ip
10006d02:	bf00      	nop
10006d04:	200003a5 	.word	0x200003a5

10006d08 <__pre_init_runtime_init_early_resets>:
10006d08:	10001f25                                %...

10006d0c <__pre_init_runtime_init_usb_power_down>:
10006d0c:	10001f51 10002135 10002e9d 100027d9     Q...5!.......'..
10006d1c:	10002e0d                                ....

10006d20 <__pre_init_runtime_init_clocks>:
10006d20:	1000205d                                ] ..

10006d24 <__pre_init_runtime_init_post_clock_resets>:
10006d24:	10001f6d                                m...

10006d28 <__pre_init_runtime_init_rp2040_gpio_ie_disable>:
10006d28:	10001f8d                                ....

10006d2c <__pre_init_runtime_init_spin_locks_reset>:
10006d2c:	10001fa1                                ....

10006d30 <__pre_init_runtime_init_mutex>:
10006d30:	100011d5                                ....

10006d34 <__pre_init_runtime_init_install_ram_vector_table>:
10006d34:	10001fa9                                ....

10006d38 <__pre_init_runtime_init_default_alarm_pool>:
10006d38:	100015b5                                ....

10006d3c <__pre_init_first_per_core_initializer>:
10006d3c:	10001eed                                ....

10006d40 <__pre_init_runtime_init_per_core_irq_priorities>:
10006d40:	10000c75                                u...

10006d44 <__init_array_start>:
10006d44:	10004d79 	.word	0x10004d79

Disassembly of section .data:

200000c0 <mutex_try_enter>:
200000c0:	0003      	movs	r3, r0
200000c2:	6800      	ldr	r0, [r0, #0]
200000c4:	f3ef 8c10 	mrs	ip, PRIMASK
200000c8:	b672      	cpsid	i
200000ca:	6802      	ldr	r2, [r0, #0]
200000cc:	2a00      	cmp	r2, #0
200000ce:	d0fc      	beq.n	200000ca <mutex_try_enter+0xa>
200000d0:	f3bf 8f5f 	dmb	sy
200000d4:	2204      	movs	r2, #4
200000d6:	569a      	ldrsb	r2, [r3, r2]
200000d8:	2a00      	cmp	r2, #0
200000da:	db0b      	blt.n	200000f4 <mutex_try_enter+0x34>
200000dc:	2900      	cmp	r1, #0
200000de:	d00f      	beq.n	20000100 <mutex_try_enter+0x40>
200000e0:	2000      	movs	r0, #0
200000e2:	600a      	str	r2, [r1, #0]
200000e4:	681b      	ldr	r3, [r3, #0]
200000e6:	f3bf 8f5f 	dmb	sy
200000ea:	2200      	movs	r2, #0
200000ec:	601a      	str	r2, [r3, #0]
200000ee:	f38c 8810 	msr	PRIMASK, ip
200000f2:	4770      	bx	lr
200000f4:	22d0      	movs	r2, #208	; 0xd0
200000f6:	0612      	lsls	r2, r2, #24
200000f8:	6812      	ldr	r2, [r2, #0]
200000fa:	2001      	movs	r0, #1
200000fc:	711a      	strb	r2, [r3, #4]
200000fe:	e7f1      	b.n	200000e4 <mutex_try_enter+0x24>
20000100:	2000      	movs	r0, #0
20000102:	e7ef      	b.n	200000e4 <mutex_try_enter+0x24>

20000104 <mutex_enter_block_until>:
20000104:	b5f0      	push	{r4, r5, r6, r7, lr}
20000106:	464f      	mov	r7, r9
20000108:	46d6      	mov	lr, sl
2000010a:	4646      	mov	r6, r8
2000010c:	b5c0      	push	{r6, r7, lr}
2000010e:	001f      	movs	r7, r3
20000110:	23d0      	movs	r3, #208	; 0xd0
20000112:	061b      	lsls	r3, r3, #24
20000114:	681b      	ldr	r3, [r3, #0]
20000116:	0004      	movs	r4, r0
20000118:	469a      	mov	sl, r3
2000011a:	2300      	movs	r3, #0
2000011c:	4690      	mov	r8, r2
2000011e:	4699      	mov	r9, r3
20000120:	e00c      	b.n	2000013c <mutex_enter_block_until+0x38>
20000122:	6822      	ldr	r2, [r4, #0]
20000124:	f3bf 8f5f 	dmb	sy
20000128:	4649      	mov	r1, r9
2000012a:	6011      	str	r1, [r2, #0]
2000012c:	f383 8810 	msr	PRIMASK, r3
20000130:	4640      	mov	r0, r8
20000132:	0039      	movs	r1, r7
20000134:	f000 ff08 	bl	20000f48 <__best_effort_wfe_or_timeout_veneer>
20000138:	2800      	cmp	r0, #0
2000013a:	d11a      	bne.n	20000172 <mutex_enter_block_until+0x6e>
2000013c:	6826      	ldr	r6, [r4, #0]
2000013e:	f3ef 8310 	mrs	r3, PRIMASK
20000142:	b672      	cpsid	i
20000144:	6835      	ldr	r5, [r6, #0]
20000146:	2d00      	cmp	r5, #0
20000148:	d0fc      	beq.n	20000144 <mutex_enter_block_until+0x40>
2000014a:	f3bf 8f5f 	dmb	sy
2000014e:	7925      	ldrb	r5, [r4, #4]
20000150:	2d7f      	cmp	r5, #127	; 0x7f
20000152:	d9e6      	bls.n	20000122 <mutex_enter_block_until+0x1e>
20000154:	4652      	mov	r2, sl
20000156:	7122      	strb	r2, [r4, #4]
20000158:	6822      	ldr	r2, [r4, #0]
2000015a:	f3bf 8f5f 	dmb	sy
2000015e:	2100      	movs	r1, #0
20000160:	6011      	str	r1, [r2, #0]
20000162:	f383 8810 	msr	PRIMASK, r3
20000166:	2001      	movs	r0, #1
20000168:	bce0      	pop	{r5, r6, r7}
2000016a:	46ba      	mov	sl, r7
2000016c:	46b1      	mov	r9, r6
2000016e:	46a8      	mov	r8, r5
20000170:	bdf0      	pop	{r4, r5, r6, r7, pc}
20000172:	2000      	movs	r0, #0
20000174:	e7f8      	b.n	20000168 <mutex_enter_block_until+0x64>
20000176:	46c0      	nop			; (mov r8, r8)

20000178 <mutex_try_enter_block_until>:
20000178:	b570      	push	{r4, r5, r6, lr}
2000017a:	b082      	sub	sp, #8
2000017c:	a901      	add	r1, sp, #4
2000017e:	0004      	movs	r4, r0
20000180:	0016      	movs	r6, r2
20000182:	001d      	movs	r5, r3
20000184:	f7ff ff9c 	bl	200000c0 <mutex_try_enter>
20000188:	2800      	cmp	r0, #0
2000018a:	d107      	bne.n	2000019c <mutex_try_enter_block_until+0x24>
2000018c:	22d0      	movs	r2, #208	; 0xd0
2000018e:	0612      	lsls	r2, r2, #24
20000190:	9b01      	ldr	r3, [sp, #4]
20000192:	7812      	ldrb	r2, [r2, #0]
20000194:	b25b      	sxtb	r3, r3
20000196:	b252      	sxtb	r2, r2
20000198:	4293      	cmp	r3, r2
2000019a:	d101      	bne.n	200001a0 <mutex_try_enter_block_until+0x28>
2000019c:	b002      	add	sp, #8
2000019e:	bd70      	pop	{r4, r5, r6, pc}
200001a0:	0032      	movs	r2, r6
200001a2:	002b      	movs	r3, r5
200001a4:	0020      	movs	r0, r4
200001a6:	f7ff ffad 	bl	20000104 <mutex_enter_block_until>
200001aa:	e7f7      	b.n	2000019c <mutex_try_enter_block_until+0x24>

200001ac <mutex_enter_timeout_ms>:
200001ac:	b5f8      	push	{r3, r4, r5, r6, r7, lr}
200001ae:	000f      	movs	r7, r1
200001b0:	0006      	movs	r6, r0
200001b2:	f000 fed9 	bl	20000f68 <__time_us_64_veneer>
200001b6:	22fa      	movs	r2, #250	; 0xfa
200001b8:	0004      	movs	r4, r0
200001ba:	000d      	movs	r5, r1
200001bc:	2300      	movs	r3, #0
200001be:	0092      	lsls	r2, r2, #2
200001c0:	0038      	movs	r0, r7
200001c2:	2100      	movs	r1, #0
200001c4:	f000 fee8 	bl	20000f98 <____wrap___aeabi_lmul_veneer>
200001c8:	0002      	movs	r2, r0
200001ca:	000b      	movs	r3, r1
200001cc:	1912      	adds	r2, r2, r4
200001ce:	416b      	adcs	r3, r5
200001d0:	2b00      	cmp	r3, #0
200001d2:	db03      	blt.n	200001dc <mutex_enter_timeout_ms+0x30>
200001d4:	0030      	movs	r0, r6
200001d6:	f7ff ff95 	bl	20000104 <mutex_enter_block_until>
200001da:	bdf8      	pop	{r3, r4, r5, r6, r7, pc}
200001dc:	2201      	movs	r2, #1
200001de:	4b01      	ldr	r3, [pc, #4]	; (200001e4 <mutex_enter_timeout_ms+0x38>)
200001e0:	4252      	negs	r2, r2
200001e2:	e7f7      	b.n	200001d4 <mutex_enter_timeout_ms+0x28>
200001e4:	7fffffff 	.word	0x7fffffff

200001e8 <mutex_exit>:
200001e8:	6802      	ldr	r2, [r0, #0]
200001ea:	f3ef 8110 	mrs	r1, PRIMASK
200001ee:	b672      	cpsid	i
200001f0:	6813      	ldr	r3, [r2, #0]
200001f2:	2b00      	cmp	r3, #0
200001f4:	d0fc      	beq.n	200001f0 <mutex_exit+0x8>
200001f6:	f3bf 8f5f 	dmb	sy
200001fa:	23ff      	movs	r3, #255	; 0xff
200001fc:	7103      	strb	r3, [r0, #4]
200001fe:	6803      	ldr	r3, [r0, #0]
20000200:	f3bf 8f5f 	dmb	sy
20000204:	2200      	movs	r2, #0
20000206:	601a      	str	r2, [r3, #0]
20000208:	f381 8810 	msr	PRIMASK, r1
2000020c:	bf40      	sev
2000020e:	4770      	bx	lr

20000210 <flash_init_boot2_copyout>:
20000210:	b510      	push	{r4, lr}
20000212:	4c08      	ldr	r4, [pc, #32]	; (20000234 <flash_init_boot2_copyout+0x24>)
20000214:	7823      	ldrb	r3, [r4, #0]
20000216:	2b00      	cmp	r3, #0
20000218:	d10a      	bne.n	20000230 <flash_init_boot2_copyout+0x20>
2000021a:	2380      	movs	r3, #128	; 0x80
2000021c:	4806      	ldr	r0, [pc, #24]	; (20000238 <flash_init_boot2_copyout+0x28>)
2000021e:	4907      	ldr	r1, [pc, #28]	; (2000023c <flash_init_boot2_copyout+0x2c>)
20000220:	055b      	lsls	r3, r3, #21
20000222:	681a      	ldr	r2, [r3, #0]
20000224:	50c2      	str	r2, [r0, r3]
20000226:	3304      	adds	r3, #4
20000228:	428b      	cmp	r3, r1
2000022a:	d1fa      	bne.n	20000222 <flash_init_boot2_copyout+0x12>
2000022c:	2301      	movs	r3, #1
2000022e:	7023      	strb	r3, [r4, #0]
20000230:	bd10      	pop	{r4, pc}
20000232:	46c0      	nop			; (mov r8, r8)
20000234:	20001cd8 	.word	0x20001cd8
20000238:	10001704 	.word	0x10001704
2000023c:	10000100 	.word	0x10000100

20000240 <flash_enable_xip_via_boot2>:
20000240:	b510      	push	{r4, lr}
20000242:	4b02      	ldr	r3, [pc, #8]	; (2000024c <flash_enable_xip_via_boot2+0xc>)
20000244:	3301      	adds	r3, #1
20000246:	4798      	blx	r3
20000248:	bd10      	pop	{r4, pc}
2000024a:	46c0      	nop			; (mov r8, r8)
2000024c:	20001704 	.word	0x20001704

20000250 <flash_save_hardware_state>:
20000250:	4b09      	ldr	r3, [pc, #36]	; (20000278 <flash_save_hardware_state+0x28>)
20000252:	685b      	ldr	r3, [r3, #4]
20000254:	6043      	str	r3, [r0, #4]
20000256:	4b09      	ldr	r3, [pc, #36]	; (2000027c <flash_save_hardware_state+0x2c>)
20000258:	685a      	ldr	r2, [r3, #4]
2000025a:	6082      	str	r2, [r0, #8]
2000025c:	689a      	ldr	r2, [r3, #8]
2000025e:	60c2      	str	r2, [r0, #12]
20000260:	68da      	ldr	r2, [r3, #12]
20000262:	6102      	str	r2, [r0, #16]
20000264:	691a      	ldr	r2, [r3, #16]
20000266:	695b      	ldr	r3, [r3, #20]
20000268:	6142      	str	r2, [r0, #20]
2000026a:	6183      	str	r3, [r0, #24]
2000026c:	23a0      	movs	r3, #160	; 0xa0
2000026e:	055b      	lsls	r3, r3, #21
20000270:	681b      	ldr	r3, [r3, #0]
20000272:	6003      	str	r3, [r0, #0]
20000274:	4770      	bx	lr
20000276:	46c0      	nop			; (mov r8, r8)
20000278:	40020000 	.word	0x40020000
2000027c:	40020004 	.word	0x40020004

20000280 <flash_restore_hardware_state>:
20000280:	6842      	ldr	r2, [r0, #4]
20000282:	4b09      	ldr	r3, [pc, #36]	; (200002a8 <flash_restore_hardware_state+0x28>)
20000284:	605a      	str	r2, [r3, #4]
20000286:	6882      	ldr	r2, [r0, #8]
20000288:	4b08      	ldr	r3, [pc, #32]	; (200002ac <flash_restore_hardware_state+0x2c>)
2000028a:	605a      	str	r2, [r3, #4]
2000028c:	68c2      	ldr	r2, [r0, #12]
2000028e:	609a      	str	r2, [r3, #8]
20000290:	6902      	ldr	r2, [r0, #16]
20000292:	60da      	str	r2, [r3, #12]
20000294:	6942      	ldr	r2, [r0, #20]
20000296:	611a      	str	r2, [r3, #16]
20000298:	6982      	ldr	r2, [r0, #24]
2000029a:	615a      	str	r2, [r3, #20]
2000029c:	23a0      	movs	r3, #160	; 0xa0
2000029e:	6802      	ldr	r2, [r0, #0]
200002a0:	055b      	lsls	r3, r3, #21
200002a2:	601a      	str	r2, [r3, #0]
200002a4:	4770      	bx	lr
200002a6:	46c0      	nop			; (mov r8, r8)
200002a8:	40020000 	.word	0x40020000
200002ac:	40020004 	.word	0x40020004

200002b0 <flash_do_cmd_cs>:
200002b0:	2314      	movs	r3, #20
200002b2:	b5f0      	push	{r4, r5, r6, r7, lr}
200002b4:	46d6      	mov	lr, sl
200002b6:	464f      	mov	r7, r9
200002b8:	4646      	mov	r6, r8
200002ba:	469a      	mov	sl, r3
200002bc:	b5c0      	push	{r6, r7, lr}
200002be:	4681      	mov	r9, r0
200002c0:	8818      	ldrh	r0, [r3, #0]
200002c2:	3304      	adds	r3, #4
200002c4:	b088      	sub	sp, #32
200002c6:	4698      	mov	r8, r3
200002c8:	000e      	movs	r6, r1
200002ca:	881b      	ldrh	r3, [r3, #0]
200002cc:	4930      	ldr	r1, [pc, #192]	; (20000390 <flash_do_cmd_cs+0xe0>)
200002ce:	0014      	movs	r4, r2
200002d0:	4798      	blx	r3
200002d2:	4653      	mov	r3, sl
200002d4:	0007      	movs	r7, r0
200002d6:	8818      	ldrh	r0, [r3, #0]
200002d8:	4643      	mov	r3, r8
200002da:	492e      	ldr	r1, [pc, #184]	; (20000394 <flash_do_cmd_cs+0xe4>)
200002dc:	881b      	ldrh	r3, [r3, #0]
200002de:	4798      	blx	r3
200002e0:	4653      	mov	r3, sl
200002e2:	0005      	movs	r5, r0
200002e4:	8818      	ldrh	r0, [r3, #0]
200002e6:	4643      	mov	r3, r8
200002e8:	492b      	ldr	r1, [pc, #172]	; (20000398 <flash_do_cmd_cs+0xe8>)
200002ea:	881b      	ldrh	r3, [r3, #0]
200002ec:	4798      	blx	r3
200002ee:	4680      	mov	r8, r0
200002f0:	f7ff ff8e 	bl	20000210 <flash_init_boot2_copyout>
200002f4:	a801      	add	r0, sp, #4
200002f6:	f7ff ffab 	bl	20000250 <flash_save_hardware_state>
200002fa:	47b8      	blx	r7
200002fc:	47a8      	blx	r5
200002fe:	4b27      	ldr	r3, [pc, #156]	; (2000039c <flash_do_cmd_cs+0xec>)
20000300:	681a      	ldr	r2, [r3, #0]
20000302:	2380      	movs	r3, #128	; 0x80
20000304:	009b      	lsls	r3, r3, #2
20000306:	4053      	eors	r3, r2
20000308:	22c0      	movs	r2, #192	; 0xc0
2000030a:	0092      	lsls	r2, r2, #2
2000030c:	4013      	ands	r3, r2
2000030e:	4a24      	ldr	r2, [pc, #144]	; (200003a0 <flash_do_cmd_cs+0xf0>)
20000310:	6013      	str	r3, [r2, #0]
20000312:	2c00      	cmp	r4, #0
20000314:	d01b      	beq.n	2000034e <flash_do_cmd_cs+0x9e>
20000316:	21c0      	movs	r1, #192	; 0xc0
20000318:	0022      	movs	r2, r4
2000031a:	2708      	movs	r7, #8
2000031c:	2002      	movs	r0, #2
2000031e:	0549      	lsls	r1, r1, #21
20000320:	003d      	movs	r5, r7
20000322:	6a8b      	ldr	r3, [r1, #40]	; 0x28
20000324:	401d      	ands	r5, r3
20000326:	4218      	tst	r0, r3
20000328:	d00b      	beq.n	20000342 <flash_do_cmd_cs+0x92>
2000032a:	2c00      	cmp	r4, #0
2000032c:	d009      	beq.n	20000342 <flash_do_cmd_cs+0x92>
2000032e:	1b13      	subs	r3, r2, r4
20000330:	2b0d      	cmp	r3, #13
20000332:	d828      	bhi.n	20000386 <flash_do_cmd_cs+0xd6>
20000334:	464b      	mov	r3, r9
20000336:	781b      	ldrb	r3, [r3, #0]
20000338:	3c01      	subs	r4, #1
2000033a:	660b      	str	r3, [r1, #96]	; 0x60
2000033c:	2301      	movs	r3, #1
2000033e:	469c      	mov	ip, r3
20000340:	44e1      	add	r9, ip
20000342:	0023      	movs	r3, r4
20000344:	2d00      	cmp	r5, #0
20000346:	d115      	bne.n	20000374 <flash_do_cmd_cs+0xc4>
20000348:	4313      	orrs	r3, r2
2000034a:	2b00      	cmp	r3, #0
2000034c:	d1e8      	bne.n	20000320 <flash_do_cmd_cs+0x70>
2000034e:	4b13      	ldr	r3, [pc, #76]	; (2000039c <flash_do_cmd_cs+0xec>)
20000350:	681a      	ldr	r2, [r3, #0]
20000352:	23c0      	movs	r3, #192	; 0xc0
20000354:	009b      	lsls	r3, r3, #2
20000356:	4393      	bics	r3, r2
20000358:	4a11      	ldr	r2, [pc, #68]	; (200003a0 <flash_do_cmd_cs+0xf0>)
2000035a:	6013      	str	r3, [r2, #0]
2000035c:	47c0      	blx	r8
2000035e:	f7ff ff6f 	bl	20000240 <flash_enable_xip_via_boot2>
20000362:	a801      	add	r0, sp, #4
20000364:	f7ff ff8c 	bl	20000280 <flash_restore_hardware_state>
20000368:	b008      	add	sp, #32
2000036a:	bce0      	pop	{r5, r6, r7}
2000036c:	46ba      	mov	sl, r7
2000036e:	46b1      	mov	r9, r6
20000370:	46a8      	mov	r8, r5
20000372:	bdf0      	pop	{r4, r5, r6, r7, pc}
20000374:	2a00      	cmp	r2, #0
20000376:	d0e8      	beq.n	2000034a <flash_do_cmd_cs+0x9a>
20000378:	6e0b      	ldr	r3, [r1, #96]	; 0x60
2000037a:	3a01      	subs	r2, #1
2000037c:	7033      	strb	r3, [r6, #0]
2000037e:	0013      	movs	r3, r2
20000380:	3601      	adds	r6, #1
20000382:	4323      	orrs	r3, r4
20000384:	e7e1      	b.n	2000034a <flash_do_cmd_cs+0x9a>
20000386:	2d00      	cmp	r5, #0
20000388:	d0ca      	beq.n	20000320 <flash_do_cmd_cs+0x70>
2000038a:	2a00      	cmp	r2, #0
2000038c:	d0c8      	beq.n	20000320 <flash_do_cmd_cs+0x70>
2000038e:	e7f3      	b.n	20000378 <flash_do_cmd_cs+0xc8>
20000390:	00004649 	.word	0x00004649
20000394:	00005845 	.word	0x00005845
20000398:	00004346 	.word	0x00004346
2000039c:	4001800c 	.word	0x4001800c
200003a0:	4001900c 	.word	0x4001900c

200003a4 <reset_non_control_endpoints>:
200003a4:	2300      	movs	r3, #0
200003a6:	4a1c      	ldr	r2, [pc, #112]	; (20000418 <reset_non_control_endpoints+0x74>)
200003a8:	b510      	push	{r4, lr}
200003aa:	6093      	str	r3, [r2, #8]
200003ac:	60d3      	str	r3, [r2, #12]
200003ae:	4a1b      	ldr	r2, [pc, #108]	; (2000041c <reset_non_control_endpoints+0x78>)
200003b0:	2100      	movs	r1, #0
200003b2:	6093      	str	r3, [r2, #8]
200003b4:	60d3      	str	r3, [r2, #12]
200003b6:	4a1a      	ldr	r2, [pc, #104]	; (20000420 <reset_non_control_endpoints+0x7c>)
200003b8:	481a      	ldr	r0, [pc, #104]	; (20000424 <reset_non_control_endpoints+0x80>)
200003ba:	6093      	str	r3, [r2, #8]
200003bc:	60d3      	str	r3, [r2, #12]
200003be:	4a1a      	ldr	r2, [pc, #104]	; (20000428 <reset_non_control_endpoints+0x84>)
200003c0:	6093      	str	r3, [r2, #8]
200003c2:	60d3      	str	r3, [r2, #12]
200003c4:	4a19      	ldr	r2, [pc, #100]	; (2000042c <reset_non_control_endpoints+0x88>)
200003c6:	6093      	str	r3, [r2, #8]
200003c8:	60d3      	str	r3, [r2, #12]
200003ca:	4a19      	ldr	r2, [pc, #100]	; (20000430 <reset_non_control_endpoints+0x8c>)
200003cc:	6093      	str	r3, [r2, #8]
200003ce:	60d3      	str	r3, [r2, #12]
200003d0:	4a18      	ldr	r2, [pc, #96]	; (20000434 <reset_non_control_endpoints+0x90>)
200003d2:	6093      	str	r3, [r2, #8]
200003d4:	60d3      	str	r3, [r2, #12]
200003d6:	4a18      	ldr	r2, [pc, #96]	; (20000438 <reset_non_control_endpoints+0x94>)
200003d8:	6093      	str	r3, [r2, #8]
200003da:	60d3      	str	r3, [r2, #12]
200003dc:	4a17      	ldr	r2, [pc, #92]	; (2000043c <reset_non_control_endpoints+0x98>)
200003de:	6093      	str	r3, [r2, #8]
200003e0:	60d3      	str	r3, [r2, #12]
200003e2:	4a17      	ldr	r2, [pc, #92]	; (20000440 <reset_non_control_endpoints+0x9c>)
200003e4:	6093      	str	r3, [r2, #8]
200003e6:	60d3      	str	r3, [r2, #12]
200003e8:	4a16      	ldr	r2, [pc, #88]	; (20000444 <reset_non_control_endpoints+0xa0>)
200003ea:	6093      	str	r3, [r2, #8]
200003ec:	60d3      	str	r3, [r2, #12]
200003ee:	4a16      	ldr	r2, [pc, #88]	; (20000448 <reset_non_control_endpoints+0xa4>)
200003f0:	6093      	str	r3, [r2, #8]
200003f2:	60d3      	str	r3, [r2, #12]
200003f4:	4a15      	ldr	r2, [pc, #84]	; (2000044c <reset_non_control_endpoints+0xa8>)
200003f6:	6093      	str	r3, [r2, #8]
200003f8:	60d3      	str	r3, [r2, #12]
200003fa:	4a15      	ldr	r2, [pc, #84]	; (20000450 <reset_non_control_endpoints+0xac>)
200003fc:	6093      	str	r3, [r2, #8]
200003fe:	60d3      	str	r3, [r2, #12]
20000400:	4a14      	ldr	r2, [pc, #80]	; (20000454 <reset_non_control_endpoints+0xb0>)
20000402:	6093      	str	r3, [r2, #8]
20000404:	60d3      	str	r3, [r2, #12]
20000406:	22f0      	movs	r2, #240	; 0xf0
20000408:	0092      	lsls	r2, r2, #2
2000040a:	f000 fda5 	bl	20000f58 <____wrap_memset_veneer>
2000040e:	4b12      	ldr	r3, [pc, #72]	; (20000458 <reset_non_control_endpoints+0xb4>)
20000410:	4a12      	ldr	r2, [pc, #72]	; (2000045c <reset_non_control_endpoints+0xb8>)
20000412:	601a      	str	r2, [r3, #0]
20000414:	bd10      	pop	{r4, pc}
20000416:	46c0      	nop			; (mov r8, r8)
20000418:	50100000 	.word	0x50100000
2000041c:	50100008 	.word	0x50100008
20000420:	50100010 	.word	0x50100010
20000424:	200018b8 	.word	0x200018b8
20000428:	50100018 	.word	0x50100018
2000042c:	50100020 	.word	0x50100020
20000430:	50100028 	.word	0x50100028
20000434:	50100030 	.word	0x50100030
20000438:	50100038 	.word	0x50100038
2000043c:	50100040 	.word	0x50100040
20000440:	50100048 	.word	0x50100048
20000444:	50100050 	.word	0x50100050
20000448:	50100058 	.word	0x50100058
2000044c:	50100060 	.word	0x50100060
20000450:	50100068 	.word	0x50100068
20000454:	50100070 	.word	0x50100070
20000458:	20001c84 	.word	0x20001c84
2000045c:	50100180 	.word	0x50100180

20000460 <hw_handle_buff_status>:
20000460:	b5f0      	push	{r4, r5, r6, r7, lr}
20000462:	464f      	mov	r7, r9
20000464:	46d6      	mov	lr, sl
20000466:	4646      	mov	r6, r8
20000468:	b5c0      	push	{r6, r7, lr}
2000046a:	4b20      	ldr	r3, [pc, #128]	; (200004ec <hw_handle_buff_status+0x8c>)
2000046c:	b084      	sub	sp, #16
2000046e:	6d9f      	ldr	r7, [r3, #88]	; 0x58
20000470:	2f00      	cmp	r7, #0
20000472:	d023      	beq.n	200004bc <hw_handle_buff_status+0x5c>
20000474:	4b1e      	ldr	r3, [pc, #120]	; (200004f0 <hw_handle_buff_status+0x90>)
20000476:	2400      	movs	r4, #0
20000478:	469a      	mov	sl, r3
2000047a:	2301      	movs	r3, #1
2000047c:	4699      	mov	r9, r3
2000047e:	4b1d      	ldr	r3, [pc, #116]	; (200004f4 <hw_handle_buff_status+0x94>)
20000480:	2601      	movs	r6, #1
20000482:	4698      	mov	r8, r3
20000484:	e004      	b.n	20000490 <hw_handle_buff_status+0x30>
20000486:	3401      	adds	r4, #1
20000488:	0076      	lsls	r6, r6, #1
2000048a:	b2e4      	uxtb	r4, r4
2000048c:	2c20      	cmp	r4, #32
2000048e:	d015      	beq.n	200004bc <hw_handle_buff_status+0x5c>
20000490:	423e      	tst	r6, r7
20000492:	d0f8      	beq.n	20000486 <hw_handle_buff_status+0x26>
20000494:	4653      	mov	r3, sl
20000496:	659e      	str	r6, [r3, #88]	; 0x58
20000498:	464b      	mov	r3, r9
2000049a:	0865      	lsrs	r5, r4, #1
2000049c:	006d      	lsls	r5, r5, #1
2000049e:	43a3      	bics	r3, r4
200004a0:	18ed      	adds	r5, r5, r3
200004a2:	016d      	lsls	r5, r5, #5
200004a4:	4445      	add	r5, r8
200004a6:	0028      	movs	r0, r5
200004a8:	f000 fc38 	bl	20000d1c <hw_endpoint_xfer_continue>
200004ac:	2800      	cmp	r0, #0
200004ae:	d10b      	bne.n	200004c8 <hw_handle_buff_status+0x68>
200004b0:	3401      	adds	r4, #1
200004b2:	43b7      	bics	r7, r6
200004b4:	b2e4      	uxtb	r4, r4
200004b6:	0076      	lsls	r6, r6, #1
200004b8:	2f00      	cmp	r7, #0
200004ba:	d1e7      	bne.n	2000048c <hw_handle_buff_status+0x2c>
200004bc:	b004      	add	sp, #16
200004be:	bce0      	pop	{r5, r6, r7}
200004c0:	46ba      	mov	sl, r7
200004c2:	46b1      	mov	r9, r6
200004c4:	46a8      	mov	r8, r5
200004c6:	bdf0      	pop	{r4, r5, r6, r7, pc}
200004c8:	8aeb      	ldrh	r3, [r5, #22]
200004ca:	21e0      	movs	r1, #224	; 0xe0
200004cc:	9303      	str	r3, [sp, #12]
200004ce:	2300      	movs	r3, #0
200004d0:	a801      	add	r0, sp, #4
200004d2:	78aa      	ldrb	r2, [r5, #2]
200004d4:	00c9      	lsls	r1, r1, #3
200004d6:	8001      	strh	r1, [r0, #0]
200004d8:	2101      	movs	r1, #1
200004da:	7102      	strb	r2, [r0, #4]
200004dc:	7143      	strb	r3, [r0, #5]
200004de:	f000 fc3d 	bl	20000d5c <dcd_event_handler>
200004e2:	0028      	movs	r0, r5
200004e4:	f000 fbb6 	bl	20000c54 <hw_endpoint_reset_transfer>
200004e8:	e7e2      	b.n	200004b0 <hw_handle_buff_status+0x50>
200004ea:	46c0      	nop			; (mov r8, r8)
200004ec:	50110000 	.word	0x50110000
200004f0:	50113000 	.word	0x50113000
200004f4:	20001878 	.word	0x20001878

200004f8 <dcd_rp2040_irq>:
200004f8:	2398      	movs	r3, #152	; 0x98
200004fa:	b5f0      	push	{r4, r5, r6, r7, lr}
200004fc:	4646      	mov	r6, r8
200004fe:	46d6      	mov	lr, sl
20000500:	464f      	mov	r7, r9
20000502:	4acd      	ldr	r2, [pc, #820]	; (20000838 <dcd_rp2040_irq+0x340>)
20000504:	b5c0      	push	{r6, r7, lr}
20000506:	58d5      	ldr	r5, [r2, r3]
20000508:	2380      	movs	r3, #128	; 0x80
2000050a:	002c      	movs	r4, r5
2000050c:	029b      	lsls	r3, r3, #10
2000050e:	2610      	movs	r6, #16
20000510:	b084      	sub	sp, #16
20000512:	401c      	ands	r4, r3
20000514:	421d      	tst	r5, r3
20000516:	d073      	beq.n	20000600 <dcd_rp2040_irq+0x108>
20000518:	4bc8      	ldr	r3, [pc, #800]	; (2000083c <dcd_rp2040_irq+0x344>)
2000051a:	4cc9      	ldr	r4, [pc, #804]	; (20000840 <dcd_rp2040_irq+0x348>)
2000051c:	6a9a      	ldr	r2, [r3, #40]	; 0x28
2000051e:	4bc9      	ldr	r3, [pc, #804]	; (20000844 <dcd_rp2040_irq+0x34c>)
20000520:	2600      	movs	r6, #0
20000522:	601a      	str	r2, [r3, #0]
20000524:	233b      	movs	r3, #59	; 0x3b
20000526:	5ce3      	ldrb	r3, [r4, r3]
20000528:	2b02      	cmp	r3, #2
2000052a:	d100      	bne.n	2000052e <dcd_rp2040_irq+0x36>
2000052c:	e0fe      	b.n	2000072c <dcd_rp2040_irq+0x234>
2000052e:	237b      	movs	r3, #123	; 0x7b
20000530:	5ce3      	ldrb	r3, [r4, r3]
20000532:	2b02      	cmp	r3, #2
20000534:	d100      	bne.n	20000538 <dcd_rp2040_irq+0x40>
20000536:	e11c      	b.n	20000772 <dcd_rp2040_irq+0x27a>
20000538:	23bb      	movs	r3, #187	; 0xbb
2000053a:	5ce3      	ldrb	r3, [r4, r3]
2000053c:	2b02      	cmp	r3, #2
2000053e:	d100      	bne.n	20000542 <dcd_rp2040_irq+0x4a>
20000540:	e105      	b.n	2000074e <dcd_rp2040_irq+0x256>
20000542:	23fb      	movs	r3, #251	; 0xfb
20000544:	5ce3      	ldrb	r3, [r4, r3]
20000546:	2b02      	cmp	r3, #2
20000548:	d100      	bne.n	2000054c <dcd_rp2040_irq+0x54>
2000054a:	e163      	b.n	20000814 <dcd_rp2040_irq+0x31c>
2000054c:	233c      	movs	r3, #60	; 0x3c
2000054e:	33ff      	adds	r3, #255	; 0xff
20000550:	5ce3      	ldrb	r3, [r4, r3]
20000552:	2b02      	cmp	r3, #2
20000554:	d100      	bne.n	20000558 <dcd_rp2040_irq+0x60>
20000556:	e148      	b.n	200007ea <dcd_rp2040_irq+0x2f2>
20000558:	237c      	movs	r3, #124	; 0x7c
2000055a:	33ff      	adds	r3, #255	; 0xff
2000055c:	5ce3      	ldrb	r3, [r4, r3]
2000055e:	2b02      	cmp	r3, #2
20000560:	d100      	bne.n	20000564 <dcd_rp2040_irq+0x6c>
20000562:	e12d      	b.n	200007c0 <dcd_rp2040_irq+0x2c8>
20000564:	23bc      	movs	r3, #188	; 0xbc
20000566:	33ff      	adds	r3, #255	; 0xff
20000568:	5ce3      	ldrb	r3, [r4, r3]
2000056a:	2b02      	cmp	r3, #2
2000056c:	d100      	bne.n	20000570 <dcd_rp2040_irq+0x78>
2000056e:	e112      	b.n	20000796 <dcd_rp2040_irq+0x29e>
20000570:	23fc      	movs	r3, #252	; 0xfc
20000572:	33ff      	adds	r3, #255	; 0xff
20000574:	5ce3      	ldrb	r3, [r4, r3]
20000576:	2b02      	cmp	r3, #2
20000578:	d100      	bne.n	2000057c <dcd_rp2040_irq+0x84>
2000057a:	e20d      	b.n	20000998 <dcd_rp2040_irq+0x4a0>
2000057c:	4bb2      	ldr	r3, [pc, #712]	; (20000848 <dcd_rp2040_irq+0x350>)
2000057e:	5ce3      	ldrb	r3, [r4, r3]
20000580:	2b02      	cmp	r3, #2
20000582:	d100      	bne.n	20000586 <dcd_rp2040_irq+0x8e>
20000584:	e1f4      	b.n	20000970 <dcd_rp2040_irq+0x478>
20000586:	4bb1      	ldr	r3, [pc, #708]	; (2000084c <dcd_rp2040_irq+0x354>)
20000588:	5ce3      	ldrb	r3, [r4, r3]
2000058a:	2b02      	cmp	r3, #2
2000058c:	d100      	bne.n	20000590 <dcd_rp2040_irq+0x98>
2000058e:	e1db      	b.n	20000948 <dcd_rp2040_irq+0x450>
20000590:	4baf      	ldr	r3, [pc, #700]	; (20000850 <dcd_rp2040_irq+0x358>)
20000592:	5ce3      	ldrb	r3, [r4, r3]
20000594:	2b02      	cmp	r3, #2
20000596:	d100      	bne.n	2000059a <dcd_rp2040_irq+0xa2>
20000598:	e1c2      	b.n	20000920 <dcd_rp2040_irq+0x428>
2000059a:	4bae      	ldr	r3, [pc, #696]	; (20000854 <dcd_rp2040_irq+0x35c>)
2000059c:	5ce3      	ldrb	r3, [r4, r3]
2000059e:	2b02      	cmp	r3, #2
200005a0:	d100      	bne.n	200005a4 <dcd_rp2040_irq+0xac>
200005a2:	e1a9      	b.n	200008f8 <dcd_rp2040_irq+0x400>
200005a4:	4bac      	ldr	r3, [pc, #688]	; (20000858 <dcd_rp2040_irq+0x360>)
200005a6:	5ce3      	ldrb	r3, [r4, r3]
200005a8:	2b02      	cmp	r3, #2
200005aa:	d100      	bne.n	200005ae <dcd_rp2040_irq+0xb6>
200005ac:	e190      	b.n	200008d0 <dcd_rp2040_irq+0x3d8>
200005ae:	4bab      	ldr	r3, [pc, #684]	; (2000085c <dcd_rp2040_irq+0x364>)
200005b0:	5ce3      	ldrb	r3, [r4, r3]
200005b2:	2b02      	cmp	r3, #2
200005b4:	d100      	bne.n	200005b8 <dcd_rp2040_irq+0xc0>
200005b6:	e177      	b.n	200008a8 <dcd_rp2040_irq+0x3b0>
200005b8:	4ba9      	ldr	r3, [pc, #676]	; (20000860 <dcd_rp2040_irq+0x368>)
200005ba:	5ce3      	ldrb	r3, [r4, r3]
200005bc:	2b02      	cmp	r3, #2
200005be:	d100      	bne.n	200005c2 <dcd_rp2040_irq+0xca>
200005c0:	e15c      	b.n	2000087c <dcd_rp2040_irq+0x384>
200005c2:	4ba8      	ldr	r3, [pc, #672]	; (20000864 <dcd_rp2040_irq+0x36c>)
200005c4:	5ce3      	ldrb	r3, [r4, r3]
200005c6:	2b02      	cmp	r3, #2
200005c8:	d100      	bne.n	200005cc <dcd_rp2040_irq+0xd4>
200005ca:	e1fa      	b.n	200009c2 <dcd_rp2040_irq+0x4ca>
200005cc:	2e00      	cmp	r6, #0
200005ce:	d108      	bne.n	200005e2 <dcd_rp2040_irq+0xea>
200005d0:	4ba5      	ldr	r3, [pc, #660]	; (20000868 <dcd_rp2040_irq+0x370>)
200005d2:	781b      	ldrb	r3, [r3, #0]
200005d4:	2b00      	cmp	r3, #0
200005d6:	d104      	bne.n	200005e2 <dcd_rp2040_irq+0xea>
200005d8:	2180      	movs	r1, #128	; 0x80
200005da:	4aa4      	ldr	r2, [pc, #656]	; (2000086c <dcd_rp2040_irq+0x374>)
200005dc:	3390      	adds	r3, #144	; 0x90
200005de:	0289      	lsls	r1, r1, #10
200005e0:	50d1      	str	r1, [r2, r3]
200005e2:	22c0      	movs	r2, #192	; 0xc0
200005e4:	4b94      	ldr	r3, [pc, #592]	; (20000838 <dcd_rp2040_irq+0x340>)
200005e6:	a801      	add	r0, sp, #4
200005e8:	6c9b      	ldr	r3, [r3, #72]	; 0x48
200005ea:	0092      	lsls	r2, r2, #2
200005ec:	055b      	lsls	r3, r3, #21
200005ee:	0d5b      	lsrs	r3, r3, #21
200005f0:	2101      	movs	r1, #1
200005f2:	2480      	movs	r4, #128	; 0x80
200005f4:	8002      	strh	r2, [r0, #0]
200005f6:	6043      	str	r3, [r0, #4]
200005f8:	f000 fbb0 	bl	20000d5c <dcd_event_handler>
200005fc:	4e9c      	ldr	r6, [pc, #624]	; (20000870 <dcd_rp2040_irq+0x378>)
200005fe:	02a4      	lsls	r4, r4, #10
20000600:	06eb      	lsls	r3, r5, #27
20000602:	d500      	bpl.n	20000606 <dcd_rp2040_irq+0x10e>
20000604:	e086      	b.n	20000714 <dcd_rp2040_irq+0x21c>
20000606:	2380      	movs	r3, #128	; 0x80
20000608:	025b      	lsls	r3, r3, #9
2000060a:	421d      	tst	r5, r3
2000060c:	d037      	beq.n	2000067e <dcd_rp2040_irq+0x186>
2000060e:	431c      	orrs	r4, r3
20000610:	2300      	movs	r3, #0
20000612:	4698      	mov	r8, r3
20000614:	3302      	adds	r3, #2
20000616:	4699      	mov	r9, r3
20000618:	4b96      	ldr	r3, [pc, #600]	; (20000874 <dcd_rp2040_irq+0x37c>)
2000061a:	4e89      	ldr	r6, [pc, #548]	; (20000840 <dcd_rp2040_irq+0x348>)
2000061c:	469a      	mov	sl, r3
2000061e:	7eb3      	ldrb	r3, [r6, #26]
20000620:	2b00      	cmp	r3, #0
20000622:	d017      	beq.n	20000654 <dcd_rp2040_irq+0x15c>
20000624:	464b      	mov	r3, r9
20000626:	4642      	mov	r2, r8
20000628:	1a9f      	subs	r7, r3, r2
2000062a:	f000 fca5 	bl	20000f78 <__rp2040_chip_version_veneer>
2000062e:	2801      	cmp	r0, #1
20000630:	d900      	bls.n	20000634 <dcd_rp2040_irq+0x13c>
20000632:	e073      	b.n	2000071c <dcd_rp2040_irq+0x224>
20000634:	22c0      	movs	r2, #192	; 0xc0
20000636:	2100      	movs	r1, #0
20000638:	0030      	movs	r0, r6
2000063a:	0192      	lsls	r2, r2, #6
2000063c:	f000 fb10 	bl	20000c60 <_hw_endpoint_buffer_control_update32>
20000640:	0030      	movs	r0, r6
20000642:	f000 fb07 	bl	20000c54 <hw_endpoint_reset_transfer>
20000646:	f000 fc97 	bl	20000f78 <__rp2040_chip_version_veneer>
2000064a:	2801      	cmp	r0, #1
2000064c:	d902      	bls.n	20000654 <dcd_rp2040_irq+0x15c>
2000064e:	4b87      	ldr	r3, [pc, #540]	; (2000086c <dcd_rp2040_irq+0x374>)
20000650:	665f      	str	r7, [r3, #100]	; 0x64
20000652:	661f      	str	r7, [r3, #96]	; 0x60
20000654:	2301      	movs	r3, #1
20000656:	70f3      	strb	r3, [r6, #3]
20000658:	4643      	mov	r3, r8
2000065a:	3620      	adds	r6, #32
2000065c:	2b01      	cmp	r3, #1
2000065e:	d123      	bne.n	200006a8 <dcd_rp2040_irq+0x1b0>
20000660:	23c0      	movs	r3, #192	; 0xc0
20000662:	a801      	add	r0, sp, #4
20000664:	00db      	lsls	r3, r3, #3
20000666:	4a84      	ldr	r2, [pc, #528]	; (20000878 <dcd_rp2040_irq+0x380>)
20000668:	8003      	strh	r3, [r0, #0]
2000066a:	ab02      	add	r3, sp, #8
2000066c:	ca42      	ldmia	r2!, {r1, r6}
2000066e:	c342      	stmia	r3!, {r1, r6}
20000670:	2101      	movs	r1, #1
20000672:	f000 fb73 	bl	20000d5c <dcd_event_handler>
20000676:	2280      	movs	r2, #128	; 0x80
20000678:	4b7c      	ldr	r3, [pc, #496]	; (2000086c <dcd_rp2040_irq+0x374>)
2000067a:	0292      	lsls	r2, r2, #10
2000067c:	651a      	str	r2, [r3, #80]	; 0x50
2000067e:	2380      	movs	r3, #128	; 0x80
20000680:	015b      	lsls	r3, r3, #5
20000682:	421d      	tst	r5, r3
20000684:	d113      	bne.n	200006ae <dcd_rp2040_irq+0x1b6>
20000686:	2380      	movs	r3, #128	; 0x80
20000688:	01db      	lsls	r3, r3, #7
2000068a:	421d      	tst	r5, r3
2000068c:	d126      	bne.n	200006dc <dcd_rp2040_irq+0x1e4>
2000068e:	2380      	movs	r3, #128	; 0x80
20000690:	021b      	lsls	r3, r3, #8
20000692:	421d      	tst	r5, r3
20000694:	d131      	bne.n	200006fa <dcd_rp2040_irq+0x202>
20000696:	42ac      	cmp	r4, r5
20000698:	d000      	beq.n	2000069c <dcd_rp2040_irq+0x1a4>
2000069a:	e1ac      	b.n	200009f6 <dcd_rp2040_irq+0x4fe>
2000069c:	b004      	add	sp, #16
2000069e:	bce0      	pop	{r5, r6, r7}
200006a0:	46ba      	mov	sl, r7
200006a2:	46b1      	mov	r9, r6
200006a4:	46a8      	mov	r8, r5
200006a6:	bdf0      	pop	{r4, r5, r6, r7, pc}
200006a8:	2301      	movs	r3, #1
200006aa:	4698      	mov	r8, r3
200006ac:	e7b7      	b.n	2000061e <dcd_rp2040_irq+0x126>
200006ae:	2600      	movs	r6, #0
200006b0:	431c      	orrs	r4, r3
200006b2:	4b61      	ldr	r3, [pc, #388]	; (20000838 <dcd_rp2040_irq+0x340>)
200006b4:	601e      	str	r6, [r3, #0]
200006b6:	f7ff fe75 	bl	200003a4 <reset_non_control_endpoints>
200006ba:	2380      	movs	r3, #128	; 0x80
200006bc:	466a      	mov	r2, sp
200006be:	005b      	lsls	r3, r3, #1
200006c0:	8093      	strh	r3, [r2, #4]
200006c2:	7216      	strb	r6, [r2, #8]
200006c4:	2101      	movs	r1, #1
200006c6:	a801      	add	r0, sp, #4
200006c8:	f000 fb48 	bl	20000d5c <dcd_event_handler>
200006cc:	2280      	movs	r2, #128	; 0x80
200006ce:	4b67      	ldr	r3, [pc, #412]	; (2000086c <dcd_rp2040_irq+0x374>)
200006d0:	0312      	lsls	r2, r2, #12
200006d2:	651a      	str	r2, [r3, #80]	; 0x50
200006d4:	2380      	movs	r3, #128	; 0x80
200006d6:	01db      	lsls	r3, r3, #7
200006d8:	421d      	tst	r5, r3
200006da:	d0d8      	beq.n	2000068e <dcd_rp2040_irq+0x196>
200006dc:	431c      	orrs	r4, r3
200006de:	2380      	movs	r3, #128	; 0x80
200006e0:	a801      	add	r0, sp, #4
200006e2:	00db      	lsls	r3, r3, #3
200006e4:	8003      	strh	r3, [r0, #0]
200006e6:	2101      	movs	r1, #1
200006e8:	f000 fb38 	bl	20000d5c <dcd_event_handler>
200006ec:	2210      	movs	r2, #16
200006ee:	4b5f      	ldr	r3, [pc, #380]	; (2000086c <dcd_rp2040_irq+0x374>)
200006f0:	651a      	str	r2, [r3, #80]	; 0x50
200006f2:	2380      	movs	r3, #128	; 0x80
200006f4:	021b      	lsls	r3, r3, #8
200006f6:	421d      	tst	r5, r3
200006f8:	d0cd      	beq.n	20000696 <dcd_rp2040_irq+0x19e>
200006fa:	431c      	orrs	r4, r3
200006fc:	23a0      	movs	r3, #160	; 0xa0
200006fe:	a801      	add	r0, sp, #4
20000700:	00db      	lsls	r3, r3, #3
20000702:	8003      	strh	r3, [r0, #0]
20000704:	2101      	movs	r1, #1
20000706:	f000 fb29 	bl	20000d5c <dcd_event_handler>
2000070a:	2280      	movs	r2, #128	; 0x80
2000070c:	4b57      	ldr	r3, [pc, #348]	; (2000086c <dcd_rp2040_irq+0x374>)
2000070e:	0112      	lsls	r2, r2, #4
20000710:	651a      	str	r2, [r3, #80]	; 0x50
20000712:	e7c0      	b.n	20000696 <dcd_rp2040_irq+0x19e>
20000714:	f7ff fea4 	bl	20000460 <hw_handle_buff_status>
20000718:	0034      	movs	r4, r6
2000071a:	e774      	b.n	20000606 <dcd_rp2040_irq+0x10e>
2000071c:	4653      	mov	r3, sl
2000071e:	4a46      	ldr	r2, [pc, #280]	; (20000838 <dcd_rp2040_irq+0x340>)
20000720:	661f      	str	r7, [r3, #96]	; 0x60
20000722:	6e53      	ldr	r3, [r2, #100]	; 0x64
20000724:	403b      	ands	r3, r7
20000726:	42bb      	cmp	r3, r7
20000728:	d1fb      	bne.n	20000722 <dcd_rp2040_irq+0x22a>
2000072a:	e783      	b.n	20000634 <dcd_rp2040_irq+0x13c>
2000072c:	3338      	adds	r3, #56	; 0x38
2000072e:	5ce6      	ldrb	r6, [r4, r3]
20000730:	2e00      	cmp	r6, #0
20000732:	d100      	bne.n	20000736 <dcd_rp2040_irq+0x23e>
20000734:	e6fb      	b.n	2000052e <dcd_rp2040_irq+0x36>
20000736:	3302      	adds	r3, #2
20000738:	5ce2      	ldrb	r2, [r4, r3]
2000073a:	2a00      	cmp	r2, #0
2000073c:	d100      	bne.n	20000740 <dcd_rp2040_irq+0x248>
2000073e:	e6f6      	b.n	2000052e <dcd_rp2040_irq+0x36>
20000740:	2200      	movs	r2, #0
20000742:	0020      	movs	r0, r4
20000744:	54e2      	strb	r2, [r4, r3]
20000746:	3020      	adds	r0, #32
20000748:	f000 fab2 	bl	20000cb0 <hw_endpoint_start_next_buffer>
2000074c:	e6ef      	b.n	2000052e <dcd_rp2040_irq+0x36>
2000074e:	33b8      	adds	r3, #184	; 0xb8
20000750:	5ce3      	ldrb	r3, [r4, r3]
20000752:	2b00      	cmp	r3, #0
20000754:	d100      	bne.n	20000758 <dcd_rp2040_irq+0x260>
20000756:	e6f4      	b.n	20000542 <dcd_rp2040_irq+0x4a>
20000758:	22bc      	movs	r2, #188	; 0xbc
2000075a:	5ca1      	ldrb	r1, [r4, r2]
2000075c:	001e      	movs	r6, r3
2000075e:	2900      	cmp	r1, #0
20000760:	d100      	bne.n	20000764 <dcd_rp2040_irq+0x26c>
20000762:	e6ee      	b.n	20000542 <dcd_rp2040_irq+0x4a>
20000764:	2300      	movs	r3, #0
20000766:	0020      	movs	r0, r4
20000768:	54a3      	strb	r3, [r4, r2]
2000076a:	30a0      	adds	r0, #160	; 0xa0
2000076c:	f000 faa0 	bl	20000cb0 <hw_endpoint_start_next_buffer>
20000770:	e6e7      	b.n	20000542 <dcd_rp2040_irq+0x4a>
20000772:	3378      	adds	r3, #120	; 0x78
20000774:	5ce3      	ldrb	r3, [r4, r3]
20000776:	2b00      	cmp	r3, #0
20000778:	d100      	bne.n	2000077c <dcd_rp2040_irq+0x284>
2000077a:	e6dd      	b.n	20000538 <dcd_rp2040_irq+0x40>
2000077c:	227c      	movs	r2, #124	; 0x7c
2000077e:	5ca1      	ldrb	r1, [r4, r2]
20000780:	001e      	movs	r6, r3
20000782:	2900      	cmp	r1, #0
20000784:	d100      	bne.n	20000788 <dcd_rp2040_irq+0x290>
20000786:	e6d7      	b.n	20000538 <dcd_rp2040_irq+0x40>
20000788:	2300      	movs	r3, #0
2000078a:	0020      	movs	r0, r4
2000078c:	54a3      	strb	r3, [r4, r2]
2000078e:	3060      	adds	r0, #96	; 0x60
20000790:	f000 fa8e 	bl	20000cb0 <hw_endpoint_start_next_buffer>
20000794:	e6d0      	b.n	20000538 <dcd_rp2040_irq+0x40>
20000796:	33b9      	adds	r3, #185	; 0xb9
20000798:	33ff      	adds	r3, #255	; 0xff
2000079a:	5ce3      	ldrb	r3, [r4, r3]
2000079c:	2b00      	cmp	r3, #0
2000079e:	d100      	bne.n	200007a2 <dcd_rp2040_irq+0x2aa>
200007a0:	e6e6      	b.n	20000570 <dcd_rp2040_irq+0x78>
200007a2:	22de      	movs	r2, #222	; 0xde
200007a4:	0052      	lsls	r2, r2, #1
200007a6:	5ca1      	ldrb	r1, [r4, r2]
200007a8:	001e      	movs	r6, r3
200007aa:	2900      	cmp	r1, #0
200007ac:	d100      	bne.n	200007b0 <dcd_rp2040_irq+0x2b8>
200007ae:	e6df      	b.n	20000570 <dcd_rp2040_irq+0x78>
200007b0:	0020      	movs	r0, r4
200007b2:	2300      	movs	r3, #0
200007b4:	30a1      	adds	r0, #161	; 0xa1
200007b6:	54a3      	strb	r3, [r4, r2]
200007b8:	30ff      	adds	r0, #255	; 0xff
200007ba:	f000 fa79 	bl	20000cb0 <hw_endpoint_start_next_buffer>
200007be:	e6d7      	b.n	20000570 <dcd_rp2040_irq+0x78>
200007c0:	3379      	adds	r3, #121	; 0x79
200007c2:	33ff      	adds	r3, #255	; 0xff
200007c4:	5ce3      	ldrb	r3, [r4, r3]
200007c6:	2b00      	cmp	r3, #0
200007c8:	d100      	bne.n	200007cc <dcd_rp2040_irq+0x2d4>
200007ca:	e6cb      	b.n	20000564 <dcd_rp2040_irq+0x6c>
200007cc:	22be      	movs	r2, #190	; 0xbe
200007ce:	0052      	lsls	r2, r2, #1
200007d0:	5ca1      	ldrb	r1, [r4, r2]
200007d2:	001e      	movs	r6, r3
200007d4:	2900      	cmp	r1, #0
200007d6:	d100      	bne.n	200007da <dcd_rp2040_irq+0x2e2>
200007d8:	e6c4      	b.n	20000564 <dcd_rp2040_irq+0x6c>
200007da:	0020      	movs	r0, r4
200007dc:	2300      	movs	r3, #0
200007de:	3061      	adds	r0, #97	; 0x61
200007e0:	54a3      	strb	r3, [r4, r2]
200007e2:	30ff      	adds	r0, #255	; 0xff
200007e4:	f000 fa64 	bl	20000cb0 <hw_endpoint_start_next_buffer>
200007e8:	e6bc      	b.n	20000564 <dcd_rp2040_irq+0x6c>
200007ea:	3339      	adds	r3, #57	; 0x39
200007ec:	33ff      	adds	r3, #255	; 0xff
200007ee:	5ce3      	ldrb	r3, [r4, r3]
200007f0:	2b00      	cmp	r3, #0
200007f2:	d100      	bne.n	200007f6 <dcd_rp2040_irq+0x2fe>
200007f4:	e6b0      	b.n	20000558 <dcd_rp2040_irq+0x60>
200007f6:	229e      	movs	r2, #158	; 0x9e
200007f8:	0052      	lsls	r2, r2, #1
200007fa:	5ca1      	ldrb	r1, [r4, r2]
200007fc:	001e      	movs	r6, r3
200007fe:	2900      	cmp	r1, #0
20000800:	d100      	bne.n	20000804 <dcd_rp2040_irq+0x30c>
20000802:	e6a9      	b.n	20000558 <dcd_rp2040_irq+0x60>
20000804:	0020      	movs	r0, r4
20000806:	2300      	movs	r3, #0
20000808:	3021      	adds	r0, #33	; 0x21
2000080a:	54a3      	strb	r3, [r4, r2]
2000080c:	30ff      	adds	r0, #255	; 0xff
2000080e:	f000 fa4f 	bl	20000cb0 <hw_endpoint_start_next_buffer>
20000812:	e6a1      	b.n	20000558 <dcd_rp2040_irq+0x60>
20000814:	33f8      	adds	r3, #248	; 0xf8
20000816:	5ce3      	ldrb	r3, [r4, r3]
20000818:	2b00      	cmp	r3, #0
2000081a:	d100      	bne.n	2000081e <dcd_rp2040_irq+0x326>
2000081c:	e696      	b.n	2000054c <dcd_rp2040_irq+0x54>
2000081e:	22fc      	movs	r2, #252	; 0xfc
20000820:	5ca1      	ldrb	r1, [r4, r2]
20000822:	001e      	movs	r6, r3
20000824:	2900      	cmp	r1, #0
20000826:	d100      	bne.n	2000082a <dcd_rp2040_irq+0x332>
20000828:	e690      	b.n	2000054c <dcd_rp2040_irq+0x54>
2000082a:	2300      	movs	r3, #0
2000082c:	0020      	movs	r0, r4
2000082e:	54a3      	strb	r3, [r4, r2]
20000830:	30e0      	adds	r0, #224	; 0xe0
20000832:	f000 fa3d 	bl	20000cb0 <hw_endpoint_start_next_buffer>
20000836:	e689      	b.n	2000054c <dcd_rp2040_irq+0x54>
20000838:	50110000 	.word	0x50110000
2000083c:	40054000 	.word	0x40054000
20000840:	20001878 	.word	0x20001878
20000844:	20001870 	.word	0x20001870
20000848:	0000023b 	.word	0x0000023b
2000084c:	0000027b 	.word	0x0000027b
20000850:	000002bb 	.word	0x000002bb
20000854:	000002fb 	.word	0x000002fb
20000858:	0000033b 	.word	0x0000033b
2000085c:	0000037b 	.word	0x0000037b
20000860:	000003bb 	.word	0x000003bb
20000864:	000003fb 	.word	0x000003fb
20000868:	20001cd6 	.word	0x20001cd6
2000086c:	50113000 	.word	0x50113000
20000870:	00020010 	.word	0x00020010
20000874:	50112000 	.word	0x50112000
20000878:	50100000 	.word	0x50100000
2000087c:	4b60      	ldr	r3, [pc, #384]	; (20000a00 <dcd_rp2040_irq+0x508>)
2000087e:	5ce3      	ldrb	r3, [r4, r3]
20000880:	2b00      	cmp	r3, #0
20000882:	d100      	bne.n	20000886 <dcd_rp2040_irq+0x38e>
20000884:	e69d      	b.n	200005c2 <dcd_rp2040_irq+0xca>
20000886:	23ef      	movs	r3, #239	; 0xef
20000888:	009b      	lsls	r3, r3, #2
2000088a:	5ce2      	ldrb	r2, [r4, r3]
2000088c:	2a00      	cmp	r2, #0
2000088e:	d000      	beq.n	20000892 <dcd_rp2040_irq+0x39a>
20000890:	e0a9      	b.n	200009e6 <dcd_rp2040_irq+0x4ee>
20000892:	4b5c      	ldr	r3, [pc, #368]	; (20000a04 <dcd_rp2040_irq+0x50c>)
20000894:	5ce3      	ldrb	r3, [r4, r3]
20000896:	2b02      	cmp	r3, #2
20000898:	d000      	beq.n	2000089c <dcd_rp2040_irq+0x3a4>
2000089a:	e6a2      	b.n	200005e2 <dcd_rp2040_irq+0xea>
2000089c:	4b5a      	ldr	r3, [pc, #360]	; (20000a08 <dcd_rp2040_irq+0x510>)
2000089e:	5ce3      	ldrb	r3, [r4, r3]
200008a0:	2b00      	cmp	r3, #0
200008a2:	d000      	beq.n	200008a6 <dcd_rp2040_irq+0x3ae>
200008a4:	e092      	b.n	200009cc <dcd_rp2040_irq+0x4d4>
200008a6:	e69c      	b.n	200005e2 <dcd_rp2040_irq+0xea>
200008a8:	4b58      	ldr	r3, [pc, #352]	; (20000a0c <dcd_rp2040_irq+0x514>)
200008aa:	5ce3      	ldrb	r3, [r4, r3]
200008ac:	2b00      	cmp	r3, #0
200008ae:	d100      	bne.n	200008b2 <dcd_rp2040_irq+0x3ba>
200008b0:	e682      	b.n	200005b8 <dcd_rp2040_irq+0xc0>
200008b2:	22df      	movs	r2, #223	; 0xdf
200008b4:	0092      	lsls	r2, r2, #2
200008b6:	5ca1      	ldrb	r1, [r4, r2]
200008b8:	001e      	movs	r6, r3
200008ba:	2900      	cmp	r1, #0
200008bc:	d100      	bne.n	200008c0 <dcd_rp2040_irq+0x3c8>
200008be:	e67b      	b.n	200005b8 <dcd_rp2040_irq+0xc0>
200008c0:	2300      	movs	r3, #0
200008c2:	54a3      	strb	r3, [r4, r2]
200008c4:	23d8      	movs	r3, #216	; 0xd8
200008c6:	009b      	lsls	r3, r3, #2
200008c8:	18e0      	adds	r0, r4, r3
200008ca:	f000 f9f1 	bl	20000cb0 <hw_endpoint_start_next_buffer>
200008ce:	e673      	b.n	200005b8 <dcd_rp2040_irq+0xc0>
200008d0:	4b4f      	ldr	r3, [pc, #316]	; (20000a10 <dcd_rp2040_irq+0x518>)
200008d2:	5ce3      	ldrb	r3, [r4, r3]
200008d4:	2b00      	cmp	r3, #0
200008d6:	d100      	bne.n	200008da <dcd_rp2040_irq+0x3e2>
200008d8:	e669      	b.n	200005ae <dcd_rp2040_irq+0xb6>
200008da:	22cf      	movs	r2, #207	; 0xcf
200008dc:	0092      	lsls	r2, r2, #2
200008de:	5ca1      	ldrb	r1, [r4, r2]
200008e0:	001e      	movs	r6, r3
200008e2:	2900      	cmp	r1, #0
200008e4:	d100      	bne.n	200008e8 <dcd_rp2040_irq+0x3f0>
200008e6:	e662      	b.n	200005ae <dcd_rp2040_irq+0xb6>
200008e8:	2300      	movs	r3, #0
200008ea:	54a3      	strb	r3, [r4, r2]
200008ec:	23c8      	movs	r3, #200	; 0xc8
200008ee:	009b      	lsls	r3, r3, #2
200008f0:	18e0      	adds	r0, r4, r3
200008f2:	f000 f9dd 	bl	20000cb0 <hw_endpoint_start_next_buffer>
200008f6:	e65a      	b.n	200005ae <dcd_rp2040_irq+0xb6>
200008f8:	4b46      	ldr	r3, [pc, #280]	; (20000a14 <dcd_rp2040_irq+0x51c>)
200008fa:	5ce3      	ldrb	r3, [r4, r3]
200008fc:	2b00      	cmp	r3, #0
200008fe:	d100      	bne.n	20000902 <dcd_rp2040_irq+0x40a>
20000900:	e650      	b.n	200005a4 <dcd_rp2040_irq+0xac>
20000902:	22bf      	movs	r2, #191	; 0xbf
20000904:	0092      	lsls	r2, r2, #2
20000906:	5ca1      	ldrb	r1, [r4, r2]
20000908:	001e      	movs	r6, r3
2000090a:	2900      	cmp	r1, #0
2000090c:	d100      	bne.n	20000910 <dcd_rp2040_irq+0x418>
2000090e:	e649      	b.n	200005a4 <dcd_rp2040_irq+0xac>
20000910:	2300      	movs	r3, #0
20000912:	54a3      	strb	r3, [r4, r2]
20000914:	23b8      	movs	r3, #184	; 0xb8
20000916:	009b      	lsls	r3, r3, #2
20000918:	18e0      	adds	r0, r4, r3
2000091a:	f000 f9c9 	bl	20000cb0 <hw_endpoint_start_next_buffer>
2000091e:	e641      	b.n	200005a4 <dcd_rp2040_irq+0xac>
20000920:	4b3d      	ldr	r3, [pc, #244]	; (20000a18 <dcd_rp2040_irq+0x520>)
20000922:	5ce3      	ldrb	r3, [r4, r3]
20000924:	2b00      	cmp	r3, #0
20000926:	d100      	bne.n	2000092a <dcd_rp2040_irq+0x432>
20000928:	e637      	b.n	2000059a <dcd_rp2040_irq+0xa2>
2000092a:	22af      	movs	r2, #175	; 0xaf
2000092c:	0092      	lsls	r2, r2, #2
2000092e:	5ca1      	ldrb	r1, [r4, r2]
20000930:	001e      	movs	r6, r3
20000932:	2900      	cmp	r1, #0
20000934:	d100      	bne.n	20000938 <dcd_rp2040_irq+0x440>
20000936:	e630      	b.n	2000059a <dcd_rp2040_irq+0xa2>
20000938:	2300      	movs	r3, #0
2000093a:	54a3      	strb	r3, [r4, r2]
2000093c:	23a8      	movs	r3, #168	; 0xa8
2000093e:	009b      	lsls	r3, r3, #2
20000940:	18e0      	adds	r0, r4, r3
20000942:	f000 f9b5 	bl	20000cb0 <hw_endpoint_start_next_buffer>
20000946:	e628      	b.n	2000059a <dcd_rp2040_irq+0xa2>
20000948:	4b34      	ldr	r3, [pc, #208]	; (20000a1c <dcd_rp2040_irq+0x524>)
2000094a:	5ce3      	ldrb	r3, [r4, r3]
2000094c:	2b00      	cmp	r3, #0
2000094e:	d100      	bne.n	20000952 <dcd_rp2040_irq+0x45a>
20000950:	e61e      	b.n	20000590 <dcd_rp2040_irq+0x98>
20000952:	229f      	movs	r2, #159	; 0x9f
20000954:	0092      	lsls	r2, r2, #2
20000956:	5ca1      	ldrb	r1, [r4, r2]
20000958:	001e      	movs	r6, r3
2000095a:	2900      	cmp	r1, #0
2000095c:	d100      	bne.n	20000960 <dcd_rp2040_irq+0x468>
2000095e:	e617      	b.n	20000590 <dcd_rp2040_irq+0x98>
20000960:	2300      	movs	r3, #0
20000962:	54a3      	strb	r3, [r4, r2]
20000964:	2398      	movs	r3, #152	; 0x98
20000966:	009b      	lsls	r3, r3, #2
20000968:	18e0      	adds	r0, r4, r3
2000096a:	f000 f9a1 	bl	20000cb0 <hw_endpoint_start_next_buffer>
2000096e:	e60f      	b.n	20000590 <dcd_rp2040_irq+0x98>
20000970:	4b2b      	ldr	r3, [pc, #172]	; (20000a20 <dcd_rp2040_irq+0x528>)
20000972:	5ce3      	ldrb	r3, [r4, r3]
20000974:	2b00      	cmp	r3, #0
20000976:	d100      	bne.n	2000097a <dcd_rp2040_irq+0x482>
20000978:	e605      	b.n	20000586 <dcd_rp2040_irq+0x8e>
2000097a:	228f      	movs	r2, #143	; 0x8f
2000097c:	0092      	lsls	r2, r2, #2
2000097e:	5ca1      	ldrb	r1, [r4, r2]
20000980:	001e      	movs	r6, r3
20000982:	2900      	cmp	r1, #0
20000984:	d100      	bne.n	20000988 <dcd_rp2040_irq+0x490>
20000986:	e5fe      	b.n	20000586 <dcd_rp2040_irq+0x8e>
20000988:	2300      	movs	r3, #0
2000098a:	54a3      	strb	r3, [r4, r2]
2000098c:	2388      	movs	r3, #136	; 0x88
2000098e:	009b      	lsls	r3, r3, #2
20000990:	18e0      	adds	r0, r4, r3
20000992:	f000 f98d 	bl	20000cb0 <hw_endpoint_start_next_buffer>
20000996:	e5f6      	b.n	20000586 <dcd_rp2040_irq+0x8e>
20000998:	33f9      	adds	r3, #249	; 0xf9
2000099a:	33ff      	adds	r3, #255	; 0xff
2000099c:	5ce3      	ldrb	r3, [r4, r3]
2000099e:	2b00      	cmp	r3, #0
200009a0:	d100      	bne.n	200009a4 <dcd_rp2040_irq+0x4ac>
200009a2:	e5eb      	b.n	2000057c <dcd_rp2040_irq+0x84>
200009a4:	22fe      	movs	r2, #254	; 0xfe
200009a6:	0052      	lsls	r2, r2, #1
200009a8:	5ca1      	ldrb	r1, [r4, r2]
200009aa:	001e      	movs	r6, r3
200009ac:	2900      	cmp	r1, #0
200009ae:	d100      	bne.n	200009b2 <dcd_rp2040_irq+0x4ba>
200009b0:	e5e4      	b.n	2000057c <dcd_rp2040_irq+0x84>
200009b2:	0020      	movs	r0, r4
200009b4:	2300      	movs	r3, #0
200009b6:	30e1      	adds	r0, #225	; 0xe1
200009b8:	54a3      	strb	r3, [r4, r2]
200009ba:	30ff      	adds	r0, #255	; 0xff
200009bc:	f000 f978 	bl	20000cb0 <hw_endpoint_start_next_buffer>
200009c0:	e5dc      	b.n	2000057c <dcd_rp2040_irq+0x84>
200009c2:	4b11      	ldr	r3, [pc, #68]	; (20000a08 <dcd_rp2040_irq+0x510>)
200009c4:	5ce3      	ldrb	r3, [r4, r3]
200009c6:	2b00      	cmp	r3, #0
200009c8:	d100      	bne.n	200009cc <dcd_rp2040_irq+0x4d4>
200009ca:	e5ff      	b.n	200005cc <dcd_rp2040_irq+0xd4>
200009cc:	23ff      	movs	r3, #255	; 0xff
200009ce:	009b      	lsls	r3, r3, #2
200009d0:	5ce2      	ldrb	r2, [r4, r3]
200009d2:	2a00      	cmp	r2, #0
200009d4:	d100      	bne.n	200009d8 <dcd_rp2040_irq+0x4e0>
200009d6:	e604      	b.n	200005e2 <dcd_rp2040_irq+0xea>
200009d8:	2200      	movs	r2, #0
200009da:	54e2      	strb	r2, [r4, r3]
200009dc:	3b1c      	subs	r3, #28
200009de:	18e0      	adds	r0, r4, r3
200009e0:	f000 f966 	bl	20000cb0 <hw_endpoint_start_next_buffer>
200009e4:	e5fd      	b.n	200005e2 <dcd_rp2040_irq+0xea>
200009e6:	2200      	movs	r2, #0
200009e8:	54e2      	strb	r2, [r4, r3]
200009ea:	23e8      	movs	r3, #232	; 0xe8
200009ec:	009b      	lsls	r3, r3, #2
200009ee:	18e0      	adds	r0, r4, r3
200009f0:	f000 f95e 	bl	20000cb0 <hw_endpoint_start_next_buffer>
200009f4:	e74d      	b.n	20000892 <dcd_rp2040_irq+0x39a>
200009f6:	0021      	movs	r1, r4
200009f8:	480a      	ldr	r0, [pc, #40]	; (20000a24 <dcd_rp2040_irq+0x52c>)
200009fa:	4069      	eors	r1, r5
200009fc:	f000 fad4 	bl	20000fa8 <__panic_veneer>
20000a00:	000003ba 	.word	0x000003ba
20000a04:	000003fb 	.word	0x000003fb
20000a08:	000003fa 	.word	0x000003fa
20000a0c:	0000037a 	.word	0x0000037a
20000a10:	0000033a 	.word	0x0000033a
20000a14:	000002fa 	.word	0x000002fa
20000a18:	000002ba 	.word	0x000002ba
20000a1c:	0000027a 	.word	0x0000027a
20000a20:	0000023a 	.word	0x0000023a
20000a24:	1000728c 	.word	0x1000728c

20000a28 <prepare_ep_buffer>:
20000a28:	b5f0      	push	{r4, r5, r6, r7, lr}
20000a2a:	46d6      	mov	lr, sl
20000a2c:	464f      	mov	r7, r9
20000a2e:	4646      	mov	r6, r8
20000a30:	0003      	movs	r3, r0
20000a32:	b5c0      	push	{r6, r7, lr}
20000a34:	8b1c      	ldrh	r4, [r3, #24]
20000a36:	8a80      	ldrh	r0, [r0, #20]
20000a38:	468a      	mov	sl, r1
20000a3a:	1c22      	adds	r2, r4, #0
20000a3c:	4284      	cmp	r4, r0
20000a3e:	d900      	bls.n	20000a42 <prepare_ep_buffer+0x1a>
20000a40:	1c02      	adds	r2, r0, #0
20000a42:	2680      	movs	r6, #128	; 0x80
20000a44:	b292      	uxth	r2, r2
20000a46:	1a80      	subs	r0, r0, r2
20000a48:	78dd      	ldrb	r5, [r3, #3]
20000a4a:	b284      	uxth	r4, r0
20000a4c:	00f6      	lsls	r6, r6, #3
20000a4e:	829c      	strh	r4, [r3, #20]
20000a50:	4316      	orrs	r6, r2
20000a52:	2d00      	cmp	r5, #0
20000a54:	d002      	beq.n	20000a5c <prepare_ep_buffer+0x34>
20000a56:	2690      	movs	r6, #144	; 0x90
20000a58:	01b6      	lsls	r6, r6, #6
20000a5a:	4316      	orrs	r6, r2
20000a5c:	2701      	movs	r7, #1
20000a5e:	407d      	eors	r5, r7
20000a60:	70dd      	strb	r5, [r3, #3]
20000a62:	785d      	ldrb	r5, [r3, #1]
20000a64:	0030      	movs	r0, r6
20000a66:	2d00      	cmp	r5, #0
20000a68:	d141      	bne.n	20000aee <prepare_ep_buffer+0xc6>
20000a6a:	4651      	mov	r1, sl
20000a6c:	0188      	lsls	r0, r1, #6
20000a6e:	68d9      	ldr	r1, [r3, #12]
20000a70:	691f      	ldr	r7, [r3, #16]
20000a72:	468c      	mov	ip, r1
20000a74:	1e51      	subs	r1, r2, #1
20000a76:	4688      	mov	r8, r1
20000a78:	4484      	add	ip, r0
20000a7a:	2a00      	cmp	r2, #0
20000a7c:	d032      	beq.n	20000ae4 <prepare_ep_buffer+0xbc>
20000a7e:	4661      	mov	r1, ip
20000a80:	2002      	movs	r0, #2
20000a82:	1c7c      	adds	r4, r7, #1
20000a84:	1b0c      	subs	r4, r1, r4
20000a86:	42a0      	cmp	r0, r4
20000a88:	4180      	sbcs	r0, r0
20000a8a:	2408      	movs	r4, #8
20000a8c:	4544      	cmp	r4, r8
20000a8e:	41a4      	sbcs	r4, r4
20000a90:	4240      	negs	r0, r0
20000a92:	4264      	negs	r4, r4
20000a94:	4204      	tst	r4, r0
20000a96:	d038      	beq.n	20000b0a <prepare_ep_buffer+0xe2>
20000a98:	4660      	mov	r0, ip
20000a9a:	4338      	orrs	r0, r7
20000a9c:	0781      	lsls	r1, r0, #30
20000a9e:	d134      	bne.n	20000b0a <prepare_ep_buffer+0xe2>
20000aa0:	1f15      	subs	r5, r2, #4
20000aa2:	08ad      	lsrs	r5, r5, #2
20000aa4:	1c69      	adds	r1, r5, #1
20000aa6:	4689      	mov	r9, r1
20000aa8:	2000      	movs	r0, #0
20000aaa:	2400      	movs	r4, #0
20000aac:	4661      	mov	r1, ip
20000aae:	583d      	ldr	r5, [r7, r0]
20000ab0:	3401      	adds	r4, #1
20000ab2:	500d      	str	r5, [r1, r0]
20000ab4:	3004      	adds	r0, #4
20000ab6:	45a1      	cmp	r9, r4
20000ab8:	d8f8      	bhi.n	20000aac <prepare_ep_buffer+0x84>
20000aba:	4649      	mov	r1, r9
20000abc:	008d      	lsls	r5, r1, #2
20000abe:	4661      	mov	r1, ip
20000ac0:	194c      	adds	r4, r1, r5
20000ac2:	4641      	mov	r1, r8
20000ac4:	197f      	adds	r7, r7, r5
20000ac6:	1b48      	subs	r0, r1, r5
20000ac8:	42aa      	cmp	r2, r5
20000aca:	d009      	beq.n	20000ae0 <prepare_ep_buffer+0xb8>
20000acc:	783d      	ldrb	r5, [r7, #0]
20000ace:	7025      	strb	r5, [r4, #0]
20000ad0:	2800      	cmp	r0, #0
20000ad2:	d005      	beq.n	20000ae0 <prepare_ep_buffer+0xb8>
20000ad4:	787d      	ldrb	r5, [r7, #1]
20000ad6:	7065      	strb	r5, [r4, #1]
20000ad8:	2801      	cmp	r0, #1
20000ada:	d001      	beq.n	20000ae0 <prepare_ep_buffer+0xb8>
20000adc:	78b8      	ldrb	r0, [r7, #2]
20000ade:	70a0      	strb	r0, [r4, #2]
20000ae0:	691f      	ldr	r7, [r3, #16]
20000ae2:	8a9c      	ldrh	r4, [r3, #20]
20000ae4:	2080      	movs	r0, #128	; 0x80
20000ae6:	18ba      	adds	r2, r7, r2
20000ae8:	0200      	lsls	r0, r0, #8
20000aea:	611a      	str	r2, [r3, #16]
20000aec:	4330      	orrs	r0, r6
20000aee:	2c00      	cmp	r4, #0
20000af0:	d102      	bne.n	20000af8 <prepare_ep_buffer+0xd0>
20000af2:	2380      	movs	r3, #128	; 0x80
20000af4:	01db      	lsls	r3, r3, #7
20000af6:	4318      	orrs	r0, r3
20000af8:	4653      	mov	r3, sl
20000afa:	2b00      	cmp	r3, #0
20000afc:	d000      	beq.n	20000b00 <prepare_ep_buffer+0xd8>
20000afe:	0400      	lsls	r0, r0, #16
20000b00:	bce0      	pop	{r5, r6, r7}
20000b02:	46ba      	mov	sl, r7
20000b04:	46b1      	mov	r9, r6
20000b06:	46a8      	mov	r8, r5
20000b08:	bdf0      	pop	{r4, r5, r6, r7, pc}
20000b0a:	2000      	movs	r0, #0
20000b0c:	4661      	mov	r1, ip
20000b0e:	5c3c      	ldrb	r4, [r7, r0]
20000b10:	540c      	strb	r4, [r1, r0]
20000b12:	3001      	adds	r0, #1
20000b14:	4282      	cmp	r2, r0
20000b16:	d1f9      	bne.n	20000b0c <prepare_ep_buffer+0xe4>
20000b18:	e7e2      	b.n	20000ae0 <prepare_ep_buffer+0xb8>
20000b1a:	46c0      	nop			; (mov r8, r8)

20000b1c <sync_ep_buffer>:
20000b1c:	6882      	ldr	r2, [r0, #8]
20000b1e:	0003      	movs	r3, r0
20000b20:	b5f0      	push	{r4, r5, r6, r7, lr}
20000b22:	6810      	ldr	r0, [r2, #0]
20000b24:	2900      	cmp	r1, #0
20000b26:	d000      	beq.n	20000b2a <sync_ep_buffer+0xe>
20000b28:	0c00      	lsrs	r0, r0, #16
20000b2a:	785a      	ldrb	r2, [r3, #1]
20000b2c:	0580      	lsls	r0, r0, #22
20000b2e:	0d80      	lsrs	r0, r0, #22
20000b30:	2a00      	cmp	r2, #0
20000b32:	d108      	bne.n	20000b46 <sync_ep_buffer+0x2a>
20000b34:	8ada      	ldrh	r2, [r3, #22]
20000b36:	1882      	adds	r2, r0, r2
20000b38:	82da      	strh	r2, [r3, #22]
20000b3a:	8b1a      	ldrh	r2, [r3, #24]
20000b3c:	4282      	cmp	r2, r0
20000b3e:	d901      	bls.n	20000b44 <sync_ep_buffer+0x28>
20000b40:	2200      	movs	r2, #0
20000b42:	829a      	strh	r2, [r3, #20]
20000b44:	bdf0      	pop	{r4, r5, r6, r7, pc}
20000b46:	68da      	ldr	r2, [r3, #12]
20000b48:	0189      	lsls	r1, r1, #6
20000b4a:	1e45      	subs	r5, r0, #1
20000b4c:	46ac      	mov	ip, r5
20000b4e:	691c      	ldr	r4, [r3, #16]
20000b50:	1856      	adds	r6, r2, r1
20000b52:	2800      	cmp	r0, #0
20000b54:	d02e      	beq.n	20000bb4 <sync_ep_buffer+0x98>
20000b56:	3101      	adds	r1, #1
20000b58:	1851      	adds	r1, r2, r1
20000b5a:	0025      	movs	r5, r4
20000b5c:	2202      	movs	r2, #2
20000b5e:	1a61      	subs	r1, r4, r1
20000b60:	428a      	cmp	r2, r1
20000b62:	4189      	sbcs	r1, r1
20000b64:	4335      	orrs	r5, r6
20000b66:	3201      	adds	r2, #1
20000b68:	402a      	ands	r2, r5
20000b6a:	4255      	negs	r5, r2
20000b6c:	416a      	adcs	r2, r5
20000b6e:	4249      	negs	r1, r1
20000b70:	420a      	tst	r2, r1
20000b72:	d025      	beq.n	20000bc0 <sync_ep_buffer+0xa4>
20000b74:	4662      	mov	r2, ip
20000b76:	2a08      	cmp	r2, #8
20000b78:	d922      	bls.n	20000bc0 <sync_ep_buffer+0xa4>
20000b7a:	2200      	movs	r2, #0
20000b7c:	2100      	movs	r1, #0
20000b7e:	1f05      	subs	r5, r0, #4
20000b80:	08ad      	lsrs	r5, r5, #2
20000b82:	3501      	adds	r5, #1
20000b84:	58b7      	ldr	r7, [r6, r2]
20000b86:	3101      	adds	r1, #1
20000b88:	50a7      	str	r7, [r4, r2]
20000b8a:	3204      	adds	r2, #4
20000b8c:	428d      	cmp	r5, r1
20000b8e:	d8f9      	bhi.n	20000b84 <sync_ep_buffer+0x68>
20000b90:	4662      	mov	r2, ip
20000b92:	00ad      	lsls	r5, r5, #2
20000b94:	1976      	adds	r6, r6, r5
20000b96:	1964      	adds	r4, r4, r5
20000b98:	1b57      	subs	r7, r2, r5
20000b9a:	42a8      	cmp	r0, r5
20000b9c:	d009      	beq.n	20000bb2 <sync_ep_buffer+0x96>
20000b9e:	7832      	ldrb	r2, [r6, #0]
20000ba0:	7022      	strb	r2, [r4, #0]
20000ba2:	2f00      	cmp	r7, #0
20000ba4:	d005      	beq.n	20000bb2 <sync_ep_buffer+0x96>
20000ba6:	7872      	ldrb	r2, [r6, #1]
20000ba8:	7062      	strb	r2, [r4, #1]
20000baa:	2f01      	cmp	r7, #1
20000bac:	d001      	beq.n	20000bb2 <sync_ep_buffer+0x96>
20000bae:	78b2      	ldrb	r2, [r6, #2]
20000bb0:	70a2      	strb	r2, [r4, #2]
20000bb2:	691c      	ldr	r4, [r3, #16]
20000bb4:	8ada      	ldrh	r2, [r3, #22]
20000bb6:	1824      	adds	r4, r4, r0
20000bb8:	1882      	adds	r2, r0, r2
20000bba:	82da      	strh	r2, [r3, #22]
20000bbc:	611c      	str	r4, [r3, #16]
20000bbe:	e7bc      	b.n	20000b3a <sync_ep_buffer+0x1e>
20000bc0:	2200      	movs	r2, #0
20000bc2:	5cb1      	ldrb	r1, [r6, r2]
20000bc4:	54a1      	strb	r1, [r4, r2]
20000bc6:	3201      	adds	r2, #1
20000bc8:	4290      	cmp	r0, r2
20000bca:	d1fa      	bne.n	20000bc2 <sync_ep_buffer+0xa6>
20000bcc:	691c      	ldr	r4, [r3, #16]
20000bce:	e7f1      	b.n	20000bb4 <sync_ep_buffer+0x98>

20000bd0 <_hw_endpoint_xfer_sync>:
20000bd0:	b510      	push	{r4, lr}
20000bd2:	0004      	movs	r4, r0
20000bd4:	6883      	ldr	r3, [r0, #8]
20000bd6:	2100      	movs	r1, #0
20000bd8:	681b      	ldr	r3, [r3, #0]
20000bda:	f7ff ff9f 	bl	20000b1c <sync_ep_buffer>
20000bde:	6863      	ldr	r3, [r4, #4]
20000be0:	681b      	ldr	r3, [r3, #0]
20000be2:	005b      	lsls	r3, r3, #1
20000be4:	d502      	bpl.n	20000bec <_hw_endpoint_xfer_sync+0x1c>
20000be6:	8b23      	ldrh	r3, [r4, #24]
20000be8:	4283      	cmp	r3, r0
20000bea:	d000      	beq.n	20000bee <_hw_endpoint_xfer_sync+0x1e>
20000bec:	bd10      	pop	{r4, pc}
20000bee:	2101      	movs	r1, #1
20000bf0:	0020      	movs	r0, r4
20000bf2:	f7ff ff93 	bl	20000b1c <sync_ep_buffer>
20000bf6:	e7f9      	b.n	20000bec <_hw_endpoint_xfer_sync+0x1c>

20000bf8 <e15_is_bulkin_ep>:
20000bf8:	4a08      	ldr	r2, [pc, #32]	; (20000c1c <e15_is_bulkin_ep+0x24>)
20000bfa:	0003      	movs	r3, r0
20000bfc:	6c12      	ldr	r2, [r2, #64]	; 0x40
20000bfe:	2000      	movs	r0, #0
20000c00:	0792      	lsls	r2, r2, #30
20000c02:	d403      	bmi.n	20000c0c <e15_is_bulkin_ep+0x14>
20000c04:	789a      	ldrb	r2, [r3, #2]
20000c06:	09d2      	lsrs	r2, r2, #7
20000c08:	2a01      	cmp	r2, #1
20000c0a:	d000      	beq.n	20000c0e <e15_is_bulkin_ep+0x16>
20000c0c:	4770      	bx	lr
20000c0e:	7ed8      	ldrb	r0, [r3, #27]
20000c10:	3802      	subs	r0, #2
20000c12:	4243      	negs	r3, r0
20000c14:	4158      	adcs	r0, r3
20000c16:	b2c0      	uxtb	r0, r0
20000c18:	e7f8      	b.n	20000c0c <e15_is_bulkin_ep+0x14>
20000c1a:	46c0      	nop			; (mov r8, r8)
20000c1c:	50110000 	.word	0x50110000

20000c20 <e15_is_critical_frame_period>:
20000c20:	b510      	push	{r4, lr}
20000c22:	f7ff ffe9 	bl	20000bf8 <e15_is_bulkin_ep>
20000c26:	2800      	cmp	r0, #0
20000c28:	d00c      	beq.n	20000c44 <e15_is_critical_frame_period+0x24>
20000c2a:	4907      	ldr	r1, [pc, #28]	; (20000c48 <e15_is_critical_frame_period+0x28>)
20000c2c:	4b07      	ldr	r3, [pc, #28]	; (20000c4c <e15_is_critical_frame_period+0x2c>)
20000c2e:	468c      	mov	ip, r1
20000c30:	4a07      	ldr	r2, [pc, #28]	; (20000c50 <e15_is_critical_frame_period+0x30>)
20000c32:	6a9b      	ldr	r3, [r3, #40]	; 0x28
20000c34:	6812      	ldr	r2, [r2, #0]
20000c36:	4463      	add	r3, ip
20000c38:	1a9b      	subs	r3, r3, r2
20000c3a:	2000      	movs	r0, #0
20000c3c:	22c6      	movs	r2, #198	; 0xc6
20000c3e:	429a      	cmp	r2, r3
20000c40:	4140      	adcs	r0, r0
20000c42:	b2c0      	uxtb	r0, r0
20000c44:	bd10      	pop	{r4, pc}
20000c46:	46c0      	nop			; (mov r8, r8)
20000c48:	fffffce0 	.word	0xfffffce0
20000c4c:	40054000 	.word	0x40054000
20000c50:	20001870 	.word	0x20001870

20000c54 <hw_endpoint_reset_transfer>:
20000c54:	2300      	movs	r3, #0
20000c56:	7683      	strb	r3, [r0, #26]
20000c58:	6143      	str	r3, [r0, #20]
20000c5a:	6103      	str	r3, [r0, #16]
20000c5c:	4770      	bx	lr
20000c5e:	46c0      	nop			; (mov r8, r8)

20000c60 <_hw_endpoint_buffer_control_update32>:
20000c60:	b510      	push	{r4, lr}
20000c62:	6883      	ldr	r3, [r0, #8]
20000c64:	2900      	cmp	r1, #0
20000c66:	d001      	beq.n	20000c6c <_hw_endpoint_buffer_control_update32+0xc>
20000c68:	681c      	ldr	r4, [r3, #0]
20000c6a:	4021      	ands	r1, r4
20000c6c:	2a00      	cmp	r2, #0
20000c6e:	d012      	beq.n	20000c96 <_hw_endpoint_buffer_control_update32+0x36>
20000c70:	2480      	movs	r4, #128	; 0x80
20000c72:	00e4      	lsls	r4, r4, #3
20000c74:	4311      	orrs	r1, r2
20000c76:	4222      	tst	r2, r4
20000c78:	d00d      	beq.n	20000c96 <_hw_endpoint_buffer_control_update32+0x36>
20000c7a:	681a      	ldr	r2, [r3, #0]
20000c7c:	4222      	tst	r2, r4
20000c7e:	d10c      	bne.n	20000c9a <_hw_endpoint_buffer_control_update32+0x3a>
20000c80:	4a08      	ldr	r2, [pc, #32]	; (20000ca4 <_hw_endpoint_buffer_control_update32+0x44>)
20000c82:	400a      	ands	r2, r1
20000c84:	601a      	str	r2, [r3, #0]
20000c86:	4a08      	ldr	r2, [pc, #32]	; (20000ca8 <_hw_endpoint_buffer_control_update32+0x48>)
20000c88:	6c12      	ldr	r2, [r2, #64]	; 0x40
20000c8a:	0792      	lsls	r2, r2, #30
20000c8c:	d403      	bmi.n	20000c96 <_hw_endpoint_buffer_control_update32+0x36>
20000c8e:	230c      	movs	r3, #12
20000c90:	3b03      	subs	r3, #3
20000c92:	d2fd      	bcs.n	20000c90 <_hw_endpoint_buffer_control_update32+0x30>
20000c94:	6883      	ldr	r3, [r0, #8]
20000c96:	6019      	str	r1, [r3, #0]
20000c98:	bd10      	pop	{r4, pc}
20000c9a:	7881      	ldrb	r1, [r0, #2]
20000c9c:	4803      	ldr	r0, [pc, #12]	; (20000cac <_hw_endpoint_buffer_control_update32+0x4c>)
20000c9e:	f000 f983 	bl	20000fa8 <__panic_veneer>
20000ca2:	46c0      	nop			; (mov r8, r8)
20000ca4:	fffffbff 	.word	0xfffffbff
20000ca8:	50110000 	.word	0x50110000
20000cac:	100072a0 	.word	0x100072a0

20000cb0 <hw_endpoint_start_next_buffer>:
20000cb0:	6843      	ldr	r3, [r0, #4]
20000cb2:	b570      	push	{r4, r5, r6, lr}
20000cb4:	2100      	movs	r1, #0
20000cb6:	2580      	movs	r5, #128	; 0x80
20000cb8:	681e      	ldr	r6, [r3, #0]
20000cba:	0004      	movs	r4, r0
20000cbc:	f7ff feb4 	bl	20000a28 <prepare_ep_buffer>
20000cc0:	4b13      	ldr	r3, [pc, #76]	; (20000d10 <hw_endpoint_start_next_buffer+0x60>)
20000cc2:	016d      	lsls	r5, r5, #5
20000cc4:	6c1b      	ldr	r3, [r3, #64]	; 0x40
20000cc6:	4305      	orrs	r5, r0
20000cc8:	079b      	lsls	r3, r3, #30
20000cca:	d50f      	bpl.n	20000cec <hw_endpoint_start_next_buffer+0x3c>
20000ccc:	78a3      	ldrb	r3, [r4, #2]
20000cce:	065b      	lsls	r3, r3, #25
20000cd0:	d00f      	beq.n	20000cf2 <hw_endpoint_start_next_buffer+0x42>
20000cd2:	4b10      	ldr	r3, [pc, #64]	; (20000d14 <hw_endpoint_start_next_buffer+0x64>)
20000cd4:	401e      	ands	r6, r3
20000cd6:	2380      	movs	r3, #128	; 0x80
20000cd8:	059b      	lsls	r3, r3, #22
20000cda:	4333      	orrs	r3, r6
20000cdc:	6862      	ldr	r2, [r4, #4]
20000cde:	2100      	movs	r1, #0
20000ce0:	6013      	str	r3, [r2, #0]
20000ce2:	0020      	movs	r0, r4
20000ce4:	002a      	movs	r2, r5
20000ce6:	f7ff ffbb 	bl	20000c60 <_hw_endpoint_buffer_control_update32>
20000cea:	bd70      	pop	{r4, r5, r6, pc}
20000cec:	78a3      	ldrb	r3, [r4, #2]
20000cee:	09db      	lsrs	r3, r3, #7
20000cf0:	d0ef      	beq.n	20000cd2 <hw_endpoint_start_next_buffer+0x22>
20000cf2:	8aa3      	ldrh	r3, [r4, #20]
20000cf4:	2b00      	cmp	r3, #0
20000cf6:	d0ec      	beq.n	20000cd2 <hw_endpoint_start_next_buffer+0x22>
20000cf8:	2101      	movs	r1, #1
20000cfa:	0020      	movs	r0, r4
20000cfc:	f7ff fe94 	bl	20000a28 <prepare_ep_buffer>
20000d00:	23a0      	movs	r3, #160	; 0xa0
20000d02:	4a05      	ldr	r2, [pc, #20]	; (20000d18 <hw_endpoint_start_next_buffer+0x68>)
20000d04:	05db      	lsls	r3, r3, #23
20000d06:	4032      	ands	r2, r6
20000d08:	4305      	orrs	r5, r0
20000d0a:	4313      	orrs	r3, r2
20000d0c:	e7e6      	b.n	20000cdc <hw_endpoint_start_next_buffer+0x2c>
20000d0e:	46c0      	nop			; (mov r8, r8)
20000d10:	50110000 	.word	0x50110000
20000d14:	afffffff 	.word	0xafffffff
20000d18:	dfffffff 	.word	0xdfffffff

20000d1c <hw_endpoint_xfer_continue>:
20000d1c:	b570      	push	{r4, r5, r6, lr}
20000d1e:	7e85      	ldrb	r5, [r0, #26]
20000d20:	0004      	movs	r4, r0
20000d22:	2d00      	cmp	r5, #0
20000d24:	d013      	beq.n	20000d4e <hw_endpoint_xfer_continue+0x32>
20000d26:	f7ff ff53 	bl	20000bd0 <_hw_endpoint_xfer_sync>
20000d2a:	8aa3      	ldrh	r3, [r4, #20]
20000d2c:	2b00      	cmp	r3, #0
20000d2e:	d101      	bne.n	20000d34 <hw_endpoint_xfer_continue+0x18>
20000d30:	0028      	movs	r0, r5
20000d32:	bd70      	pop	{r4, r5, r6, pc}
20000d34:	0020      	movs	r0, r4
20000d36:	f7ff ff73 	bl	20000c20 <e15_is_critical_frame_period>
20000d3a:	1e05      	subs	r5, r0, #0
20000d3c:	d003      	beq.n	20000d46 <hw_endpoint_xfer_continue+0x2a>
20000d3e:	2301      	movs	r3, #1
20000d40:	2500      	movs	r5, #0
20000d42:	7723      	strb	r3, [r4, #28]
20000d44:	e7f4      	b.n	20000d30 <hw_endpoint_xfer_continue+0x14>
20000d46:	0020      	movs	r0, r4
20000d48:	f7ff ffb2 	bl	20000cb0 <hw_endpoint_start_next_buffer>
20000d4c:	e7f0      	b.n	20000d30 <hw_endpoint_xfer_continue+0x14>
20000d4e:	7881      	ldrb	r1, [r0, #2]
20000d50:	4801      	ldr	r0, [pc, #4]	; (20000d58 <hw_endpoint_xfer_continue+0x3c>)
20000d52:	f000 f929 	bl	20000fa8 <__panic_veneer>
20000d56:	46c0      	nop			; (mov r8, r8)
20000d58:	100072c0 	.word	0x100072c0

20000d5c <dcd_event_handler>:
20000d5c:	b5f0      	push	{r4, r5, r6, r7, lr}
20000d5e:	46ce      	mov	lr, r9
20000d60:	4647      	mov	r7, r8
20000d62:	b580      	push	{r7, lr}
20000d64:	7843      	ldrb	r3, [r0, #1]
20000d66:	0005      	movs	r5, r0
20000d68:	000e      	movs	r6, r1
20000d6a:	b085      	sub	sp, #20
20000d6c:	2b06      	cmp	r3, #6
20000d6e:	d812      	bhi.n	20000d96 <dcd_event_handler+0x3a>
20000d70:	4a6d      	ldr	r2, [pc, #436]	; (20000f28 <dcd_event_handler+0x1cc>)
20000d72:	009b      	lsls	r3, r3, #2
20000d74:	58d3      	ldr	r3, [r2, r3]
20000d76:	469f      	mov	pc, r3
20000d78:	2101      	movs	r1, #1
20000d7a:	4b6c      	ldr	r3, [pc, #432]	; (20000f2c <dcd_event_handler+0x1d0>)
20000d7c:	781a      	ldrb	r2, [r3, #0]
20000d7e:	438a      	bics	r2, r1
20000d80:	701a      	strb	r2, [r3, #0]
20000d82:	781a      	ldrb	r2, [r3, #0]
20000d84:	3101      	adds	r1, #1
20000d86:	438a      	bics	r2, r1
20000d88:	701a      	strb	r2, [r3, #0]
20000d8a:	2200      	movs	r2, #0
20000d8c:	705a      	strb	r2, [r3, #1]
20000d8e:	781a      	ldrb	r2, [r3, #0]
20000d90:	3102      	adds	r1, #2
20000d92:	438a      	bics	r2, r1
20000d94:	701a      	strb	r2, [r3, #0]
20000d96:	4b66      	ldr	r3, [pc, #408]	; (20000f30 <dcd_event_handler+0x1d4>)
20000d98:	681c      	ldr	r4, [r3, #0]
20000d9a:	6962      	ldr	r2, [r4, #20]
20000d9c:	f3ef 8110 	mrs	r1, PRIMASK
20000da0:	b672      	cpsid	i
20000da2:	6813      	ldr	r3, [r2, #0]
20000da4:	2b00      	cmp	r3, #0
20000da6:	d0fc      	beq.n	20000da2 <dcd_event_handler+0x46>
20000da8:	f3bf 8f5f 	dmb	sy
20000dac:	61a1      	str	r1, [r4, #24]
20000dae:	0020      	movs	r0, r4
20000db0:	0029      	movs	r1, r5
20000db2:	f000 f901 	bl	20000fb8 <__tu_fifo_write_veneer>
20000db6:	6962      	ldr	r2, [r4, #20]
20000db8:	69a3      	ldr	r3, [r4, #24]
20000dba:	f3bf 8f5f 	dmb	sy
20000dbe:	2100      	movs	r1, #0
20000dc0:	6011      	str	r1, [r2, #0]
20000dc2:	f383 8810 	msr	PRIMASK, r3
20000dc6:	2800      	cmp	r0, #0
20000dc8:	d104      	bne.n	20000dd4 <dcd_event_handler+0x78>
20000dca:	b005      	add	sp, #20
20000dcc:	bcc0      	pop	{r6, r7}
20000dce:	46b9      	mov	r9, r7
20000dd0:	46b0      	mov	r8, r6
20000dd2:	bdf0      	pop	{r4, r5, r6, r7, pc}
20000dd4:	0032      	movs	r2, r6
20000dd6:	7869      	ldrb	r1, [r5, #1]
20000dd8:	7828      	ldrb	r0, [r5, #0]
20000dda:	f000 f8d5 	bl	20000f88 <__tud_event_hook_cb_veneer>
20000dde:	e7f4      	b.n	20000dca <dcd_event_handler+0x6e>
20000de0:	4a54      	ldr	r2, [pc, #336]	; (20000f34 <dcd_event_handler+0x1d8>)
20000de2:	7813      	ldrb	r3, [r2, #0]
20000de4:	3301      	adds	r3, #1
20000de6:	b2db      	uxtb	r3, r3
20000de8:	7013      	strb	r3, [r2, #0]
20000dea:	e7d4      	b.n	20000d96 <dcd_event_handler+0x3a>
20000dec:	4b52      	ldr	r3, [pc, #328]	; (20000f38 <dcd_event_handler+0x1dc>)
20000dee:	4f53      	ldr	r7, [pc, #332]	; (20000f3c <dcd_event_handler+0x1e0>)
20000df0:	4699      	mov	r9, r3
20000df2:	4b53      	ldr	r3, [pc, #332]	; (20000f40 <dcd_event_handler+0x1e4>)
20000df4:	2400      	movs	r4, #0
20000df6:	4698      	mov	r8, r3
20000df8:	783a      	ldrb	r2, [r7, #0]
20000dfa:	e00a      	b.n	20000e12 <dcd_event_handler+0xb6>
20000dfc:	4641      	mov	r1, r8
20000dfe:	6809      	ldr	r1, [r1, #0]
20000e00:	0163      	lsls	r3, r4, #5
20000e02:	468c      	mov	ip, r1
20000e04:	4463      	add	r3, ip
20000e06:	2b00      	cmp	r3, #0
20000e08:	d108      	bne.n	20000e1c <dcd_event_handler+0xc0>
20000e0a:	3401      	adds	r4, #1
20000e0c:	b2e4      	uxtb	r4, r4
20000e0e:	4294      	cmp	r4, r2
20000e10:	d80f      	bhi.n	20000e32 <dcd_event_handler+0xd6>
20000e12:	42a2      	cmp	r2, r4
20000e14:	d8f2      	bhi.n	20000dfc <dcd_event_handler+0xa0>
20000e16:	1aa3      	subs	r3, r4, r2
20000e18:	015b      	lsls	r3, r3, #5
20000e1a:	444b      	add	r3, r9
20000e1c:	69db      	ldr	r3, [r3, #28]
20000e1e:	2b00      	cmp	r3, #0
20000e20:	d0f3      	beq.n	20000e0a <dcd_event_handler+0xae>
20000e22:	7828      	ldrb	r0, [r5, #0]
20000e24:	6869      	ldr	r1, [r5, #4]
20000e26:	4798      	blx	r3
20000e28:	3401      	adds	r4, #1
20000e2a:	783a      	ldrb	r2, [r7, #0]
20000e2c:	b2e4      	uxtb	r4, r4
20000e2e:	4294      	cmp	r4, r2
20000e30:	d9ef      	bls.n	20000e12 <dcd_event_handler+0xb6>
20000e32:	4f3e      	ldr	r7, [pc, #248]	; (20000f2c <dcd_event_handler+0x1d0>)
20000e34:	783b      	ldrb	r3, [r7, #0]
20000e36:	075b      	lsls	r3, r3, #29
20000e38:	d52a      	bpl.n	20000e90 <dcd_event_handler+0x134>
20000e3a:	2204      	movs	r2, #4
20000e3c:	783b      	ldrb	r3, [r7, #0]
20000e3e:	ac01      	add	r4, sp, #4
20000e40:	4393      	bics	r3, r2
20000e42:	2100      	movs	r1, #0
20000e44:	0020      	movs	r0, r4
20000e46:	3208      	adds	r2, #8
20000e48:	703b      	strb	r3, [r7, #0]
20000e4a:	f000 f885 	bl	20000f58 <____wrap_memset_veneer>
20000e4e:	782b      	ldrb	r3, [r5, #0]
20000e50:	7023      	strb	r3, [r4, #0]
20000e52:	2305      	movs	r3, #5
20000e54:	7063      	strb	r3, [r4, #1]
20000e56:	4b36      	ldr	r3, [pc, #216]	; (20000f30 <dcd_event_handler+0x1d4>)
20000e58:	681b      	ldr	r3, [r3, #0]
20000e5a:	4698      	mov	r8, r3
20000e5c:	695a      	ldr	r2, [r3, #20]
20000e5e:	f3ef 8110 	mrs	r1, PRIMASK
20000e62:	b672      	cpsid	i
20000e64:	6813      	ldr	r3, [r2, #0]
20000e66:	2b00      	cmp	r3, #0
20000e68:	d0fc      	beq.n	20000e64 <dcd_event_handler+0x108>
20000e6a:	f3bf 8f5f 	dmb	sy
20000e6e:	4643      	mov	r3, r8
20000e70:	4640      	mov	r0, r8
20000e72:	6199      	str	r1, [r3, #24]
20000e74:	0021      	movs	r1, r4
20000e76:	f000 f89f 	bl	20000fb8 <__tu_fifo_write_veneer>
20000e7a:	4643      	mov	r3, r8
20000e7c:	695a      	ldr	r2, [r3, #20]
20000e7e:	699b      	ldr	r3, [r3, #24]
20000e80:	f3bf 8f5f 	dmb	sy
20000e84:	2100      	movs	r1, #0
20000e86:	6011      	str	r1, [r2, #0]
20000e88:	f383 8810 	msr	PRIMASK, r3
20000e8c:	2800      	cmp	r0, #0
20000e8e:	d144      	bne.n	20000f1a <dcd_event_handler+0x1be>
20000e90:	78fb      	ldrb	r3, [r7, #3]
20000e92:	07db      	lsls	r3, r3, #31
20000e94:	d400      	bmi.n	20000e98 <dcd_event_handler+0x13c>
20000e96:	e798      	b.n	20000dca <dcd_event_handler+0x6e>
20000e98:	ac01      	add	r4, sp, #4
20000e9a:	220c      	movs	r2, #12
20000e9c:	2100      	movs	r1, #0
20000e9e:	0020      	movs	r0, r4
20000ea0:	f000 f85a 	bl	20000f58 <____wrap_memset_veneer>
20000ea4:	782b      	ldrb	r3, [r5, #0]
20000ea6:	7023      	strb	r3, [r4, #0]
20000ea8:	2303      	movs	r3, #3
20000eaa:	7063      	strb	r3, [r4, #1]
20000eac:	686b      	ldr	r3, [r5, #4]
20000eae:	6063      	str	r3, [r4, #4]
20000eb0:	4b1f      	ldr	r3, [pc, #124]	; (20000f30 <dcd_event_handler+0x1d4>)
20000eb2:	681d      	ldr	r5, [r3, #0]
20000eb4:	696a      	ldr	r2, [r5, #20]
20000eb6:	f3ef 8110 	mrs	r1, PRIMASK
20000eba:	b672      	cpsid	i
20000ebc:	6813      	ldr	r3, [r2, #0]
20000ebe:	2b00      	cmp	r3, #0
20000ec0:	d0fc      	beq.n	20000ebc <dcd_event_handler+0x160>
20000ec2:	f3bf 8f5f 	dmb	sy
20000ec6:	61a9      	str	r1, [r5, #24]
20000ec8:	0028      	movs	r0, r5
20000eca:	0021      	movs	r1, r4
20000ecc:	f000 f874 	bl	20000fb8 <__tu_fifo_write_veneer>
20000ed0:	696a      	ldr	r2, [r5, #20]
20000ed2:	69ab      	ldr	r3, [r5, #24]
20000ed4:	f3bf 8f5f 	dmb	sy
20000ed8:	2100      	movs	r1, #0
20000eda:	6011      	str	r1, [r2, #0]
20000edc:	f383 8810 	msr	PRIMASK, r3
20000ee0:	2800      	cmp	r0, #0
20000ee2:	d100      	bne.n	20000ee6 <dcd_event_handler+0x18a>
20000ee4:	e771      	b.n	20000dca <dcd_event_handler+0x6e>
20000ee6:	0032      	movs	r2, r6
20000ee8:	7861      	ldrb	r1, [r4, #1]
20000eea:	7820      	ldrb	r0, [r4, #0]
20000eec:	f000 f84c 	bl	20000f88 <__tud_event_hook_cb_veneer>
20000ef0:	e76b      	b.n	20000dca <dcd_event_handler+0x6e>
20000ef2:	4b0e      	ldr	r3, [pc, #56]	; (20000f2c <dcd_event_handler+0x1d0>)
20000ef4:	781a      	ldrb	r2, [r3, #0]
20000ef6:	07d2      	lsls	r2, r2, #31
20000ef8:	d400      	bmi.n	20000efc <dcd_event_handler+0x1a0>
20000efa:	e766      	b.n	20000dca <dcd_event_handler+0x6e>
20000efc:	2104      	movs	r1, #4
20000efe:	781a      	ldrb	r2, [r3, #0]
20000f00:	430a      	orrs	r2, r1
20000f02:	701a      	strb	r2, [r3, #0]
20000f04:	e747      	b.n	20000d96 <dcd_event_handler+0x3a>
20000f06:	4b09      	ldr	r3, [pc, #36]	; (20000f2c <dcd_event_handler+0x1d0>)
20000f08:	781a      	ldrb	r2, [r3, #0]
20000f0a:	07d2      	lsls	r2, r2, #31
20000f0c:	d400      	bmi.n	20000f10 <dcd_event_handler+0x1b4>
20000f0e:	e75c      	b.n	20000dca <dcd_event_handler+0x6e>
20000f10:	2104      	movs	r1, #4
20000f12:	781a      	ldrb	r2, [r3, #0]
20000f14:	438a      	bics	r2, r1
20000f16:	701a      	strb	r2, [r3, #0]
20000f18:	e73d      	b.n	20000d96 <dcd_event_handler+0x3a>
20000f1a:	0032      	movs	r2, r6
20000f1c:	7861      	ldrb	r1, [r4, #1]
20000f1e:	7820      	ldrb	r0, [r4, #0]
20000f20:	f000 f832 	bl	20000f88 <__tud_event_hook_cb_veneer>
20000f24:	e7b4      	b.n	20000e90 <dcd_event_handler+0x134>
20000f26:	46c0      	nop			; (mov r8, r8)
20000f28:	10007374 	.word	0x10007374
20000f2c:	200015e8 	.word	0x200015e8
20000f30:	20001640 	.word	0x20001640
20000f34:	20001cd7 	.word	0x20001cd7
20000f38:	10007390 	.word	0x10007390
20000f3c:	20001cd5 	.word	0x20001cd5
20000f40:	20001438 	.word	0x20001438

20000f44 <__aeabi_idiv0>:
20000f44:	4770      	bx	lr
20000f46:	46c0      	nop			; (mov r8, r8)

20000f48 <__best_effort_wfe_or_timeout_veneer>:
20000f48:	b401      	push	{r0}
20000f4a:	4802      	ldr	r0, [pc, #8]	; (20000f54 <__best_effort_wfe_or_timeout_veneer+0xc>)
20000f4c:	4684      	mov	ip, r0
20000f4e:	bc01      	pop	{r0}
20000f50:	4760      	bx	ip
20000f52:	bf00      	nop
20000f54:	10001995 	.word	0x10001995

20000f58 <____wrap_memset_veneer>:
20000f58:	b401      	push	{r0}
20000f5a:	4802      	ldr	r0, [pc, #8]	; (20000f64 <____wrap_memset_veneer+0xc>)
20000f5c:	4684      	mov	ip, r0
20000f5e:	bc01      	pop	{r0}
20000f60:	4760      	bx	ip
20000f62:	bf00      	nop
20000f64:	10002ead 	.word	0x10002ead

20000f68 <__time_us_64_veneer>:
20000f68:	b401      	push	{r0}
20000f6a:	4802      	ldr	r0, [pc, #8]	; (20000f74 <__time_us_64_veneer+0xc>)
20000f6c:	4684      	mov	ip, r0
20000f6e:	bc01      	pop	{r0}
20000f70:	4760      	bx	ip
20000f72:	bf00      	nop
20000f74:	10001ad5 	.word	0x10001ad5

20000f78 <__rp2040_chip_version_veneer>:
20000f78:	b401      	push	{r0}
20000f7a:	4802      	ldr	r0, [pc, #8]	; (20000f84 <__rp2040_chip_version_veneer+0xc>)
20000f7c:	4684      	mov	ip, r0
20000f7e:	bc01      	pop	{r0}
20000f80:	4760      	bx	ip
20000f82:	bf00      	nop
20000f84:	10000b05 	.word	0x10000b05

20000f88 <__tud_event_hook_cb_veneer>:
20000f88:	b401      	push	{r0}
20000f8a:	4802      	ldr	r0, [pc, #8]	; (20000f94 <__tud_event_hook_cb_veneer+0xc>)
20000f8c:	4684      	mov	ip, r0
20000f8e:	bc01      	pop	{r0}
20000f90:	4760      	bx	ip
20000f92:	bf00      	nop
20000f94:	1000538d 	.word	0x1000538d

20000f98 <____wrap___aeabi_lmul_veneer>:
20000f98:	b401      	push	{r0}
20000f9a:	4802      	ldr	r0, [pc, #8]	; (20000fa4 <____wrap___aeabi_lmul_veneer+0xc>)
20000f9c:	4684      	mov	ip, r0
20000f9e:	bc01      	pop	{r0}
20000fa0:	4760      	bx	ip
20000fa2:	bf00      	nop
20000fa4:	10002dd9 	.word	0x10002dd9

20000fa8 <__panic_veneer>:
20000fa8:	b401      	push	{r0}
20000faa:	4802      	ldr	r0, [pc, #8]	; (20000fb4 <__panic_veneer+0xc>)
20000fac:	4684      	mov	ip, r0
20000fae:	bc01      	pop	{r0}
20000fb0:	4760      	bx	ip
20000fb2:	bf00      	nop
20000fb4:	10000b11 	.word	0x10000b11

20000fb8 <__tu_fifo_write_veneer>:
20000fb8:	b401      	push	{r0}
20000fba:	4802      	ldr	r0, [pc, #8]	; (20000fc4 <__tu_fifo_write_veneer+0xc>)
20000fbc:	4684      	mov	ip, r0
20000fbe:	bc01      	pop	{r0}
20000fc0:	4760      	bx	ip
20000fc2:	bf00      	nop
20000fc4:	10006961 	.word	0x10006961

20000fc8 <striped_spin_lock_num>:
20000fc8:	00000010                                ....

20000fcc <irq_handler_chain_slots>:
20000fcc:	00000000 	.word	0x00000000
20000fd0:	00010000 	.word	0x00010000
	...
20000fdc:	00020000 	.word	0x00020000
	...
20000fe8:	00030000 	.word	0x00030000
	...
20000ff4:	00040000 	.word	0x00040000
	...
20001000:	00050000 	.word	0x00050000
	...
2000100c:	00ff0000 	.word	0x00ff0000
20001010:	00000000 	.word	0x00000000

20001014 <irq_handler_chain_first_slot>:
20001014:	b501      	push	{r0, lr}
20001016:	6848      	ldr	r0, [r1, #4]
20001018:	3101      	adds	r1, #1
2000101a:	468e      	mov	lr, r1
2000101c:	4700      	bx	r0

2000101e <irq_handler_chain_remove_tail>:
2000101e:	4670      	mov	r0, lr
20001020:	3809      	subs	r0, #9
20001022:	4901      	ldr	r1, [pc, #4]	; (20001028 <irq_handler_chain_remove_tail+0xa>)
20001024:	4788      	blx	r1
20001026:	bd01      	pop	{r0, pc}
20001028:	100010d1 	.word	0x100010d1

2000102c <default_alarm_pool>:
	...
20001040:	200010b0 00000000                       ... ....

20001048 <last_added.0>:
20001048:	ffffffff 7fffffff                       ........

20001050 <aeabi_bits_funcs>:
20001050:	00003350 	.word	0x00003350
20001054:	0000334c 	.word	0x0000334c
20001058:	00003354 	.word	0x00003354
2000105c:	00003352 	.word	0x00003352

20001060 <aeabi_bits_funcs_end>:
20001060:	0000534d 	.word	0x0000534d
20001064:	0000434d 	.word	0x0000434d
20001068:	00003453 	.word	0x00003453
2000106c:	00003443 	.word	0x00003443

20001070 <stdio_usb>:
20001070:	10004a45 100049f5 10004965 100048dd     EJ...I..eI...H..
20001080:	00000000 00000100                       ........

20001088 <_usbd_qdef>:
20001088:	20001644 000c0010 00000000 00000000     D.. ............
	...

200010a4 <_usbd_rhport>:
200010a4:	000000ff                                ....

200010a8 <print_mutex>:
	...
